-- PRAGMA foreign_keys=OFF;
BEGIN TRANSACTION;
CREATE TABLE IF NOT EXISTS "django_migrations" ("id" integer NOT NULL PRIMARY KEY SERIAL, "app" varchar(255) NOT NULL, "name" varchar(255) NOT NULL, "applied" datetime NOT NULL);
INSERT INTO django_migrations VALUES(1,'contenttypes','0001_initial','2022-02-03 02:36:40.744253');
INSERT INTO django_migrations VALUES(2,'auth','0001_initial','2022-02-03 02:36:40.774149');
INSERT INTO django_migrations VALUES(3,'admin','0001_initial','2022-02-03 02:36:40.798084');
INSERT INTO django_migrations VALUES(4,'admin','0002_logentry_remove_auto_add','2022-02-03 02:36:40.813044');
INSERT INTO django_migrations VALUES(5,'admin','0003_logentry_add_action_flag_choices','2022-02-03 02:36:40.832026');
INSERT INTO django_migrations VALUES(6,'contenttypes','0002_remove_content_type_name','2022-02-03 02:36:40.853935');
INSERT INTO django_migrations VALUES(7,'auth','0002_alter_permission_name_max_length','2022-02-03 02:36:40.868896');
INSERT INTO django_migrations VALUES(8,'auth','0003_alter_user_email_max_length','2022-02-03 02:36:40.880890');
INSERT INTO django_migrations VALUES(9,'auth','0004_alter_user_username_opts','2022-02-03 02:36:40.890865');
INSERT INTO django_migrations VALUES(10,'auth','0005_alter_user_last_login_null','2022-02-03 02:36:40.901807');
INSERT INTO django_migrations VALUES(11,'auth','0006_require_contenttypes_0002','2022-02-03 02:36:40.907791');
INSERT INTO django_migrations VALUES(12,'auth','0007_alter_validators_add_error_messages','2022-02-03 02:36:40.916767');
INSERT INTO django_migrations VALUES(13,'auth','0008_alter_user_username_max_length','2022-02-03 02:36:40.945720');
INSERT INTO django_migrations VALUES(14,'auth','0009_alter_user_last_name_max_length','2022-02-03 02:36:40.960680');
INSERT INTO django_migrations VALUES(15,'auth','0010_alter_group_name_max_length','2022-02-03 02:36:40.976637');
INSERT INTO django_migrations VALUES(16,'auth','0011_update_proxy_permissions','2022-02-03 02:36:40.991622');
INSERT INTO django_migrations VALUES(17,'auth','0012_alter_user_first_name_max_length','2022-02-03 02:36:41.010547');
INSERT INTO django_migrations VALUES(18,'sessions','0001_initial','2022-02-03 02:36:41.034482');
INSERT INTO django_migrations VALUES(19,'categories','0001_initial','2022-02-03 03:43:52.862093');
INSERT INTO django_migrations VALUES(20,'products','0001_initial','2022-02-03 03:50:06.849608');
INSERT INTO django_migrations VALUES(21,'categories','0002_auto_20220203_0558','2022-02-03 03:58:40.122144');
INSERT INTO django_migrations VALUES(22,'categories','0003_auto_20220203_0605','2022-02-03 04:05:10.111445');
INSERT INTO django_migrations VALUES(23,'categories','0004_auto_20220203_0652','2022-02-03 04:52:47.067450');
INSERT INTO django_migrations VALUES(24,'products','0002_auto_20220203_0652','2022-02-03 04:52:47.103353');
INSERT INTO django_migrations VALUES(25,'products','0003_auto_20220203_0653','2022-02-03 04:53:36.029638');
INSERT INTO django_migrations VALUES(26,'products','0004_auto_20220203_0654','2022-02-03 04:54:57.742344');
INSERT INTO django_migrations VALUES(27,'products','0005_product_prdslug','2022-02-04 02:40:12.575439');
INSERT INTO django_migrations VALUES(28,'products','0006_product_product_image','2022-02-04 02:55:52.527775');
INSERT INTO django_migrations VALUES(29,'products','0007_productimage','2022-02-04 03:05:02.850958');
INSERT INTO django_migrations VALUES(30,'products','0008_alter_productimage_prdiimage','2022-02-04 03:17:02.917877');
INSERT INTO django_migrations VALUES(31,'products','0009_alter_productimage_prdiimage','2022-02-04 03:17:25.934689');
INSERT INTO django_migrations VALUES(32,'products','0010_auto_20220204_0538','2022-02-04 03:39:00.550474');
INSERT INTO django_migrations VALUES(33,'products','0011_auto_20220204_0542','2022-02-04 03:42:13.982736');
INSERT INTO django_migrations VALUES(34,'products','0012_auto_20220204_0543','2022-02-04 03:43:44.099591');
INSERT INTO django_migrations VALUES(35,'products','0013_auto_20220204_0548','2022-02-04 03:48:19.063222');
INSERT INTO django_migrations VALUES(36,'products','0014_auto_20220204_0557','2022-02-04 03:57:57.158092');
INSERT INTO django_migrations VALUES(37,'accounts','0001_initial','2022-02-05 01:54:16.290998');
INSERT INTO django_migrations VALUES(38,'orders','0001_initial','2022-02-05 02:22:19.582708');
INSERT INTO django_migrations VALUES(39,'orders','0002_payment','2022-02-05 02:23:11.910265');
INSERT INTO django_migrations VALUES(40,'orders','0003_country','2022-02-05 03:17:43.718187');
INSERT INTO django_migrations VALUES(41,'orders','0004_payment_country_code','2022-02-05 09:01:37.902093');
INSERT INTO django_migrations VALUES(42,'categories','0005_rename_main_category_maincategory_super_category','2022-02-07 02:58:53.633291');
INSERT INTO django_migrations VALUES(43,'categories','0006_auto_20220207_0740','2022-02-07 05:40:39.738218');
INSERT INTO django_migrations VALUES(44,'categories','0007_alter_supercategory_slug','2022-02-07 05:50:58.103765');
INSERT INTO django_migrations VALUES(45,'categories','0008_alter_supercategory_slug','2022-02-07 05:58:46.233265');
INSERT INTO django_migrations VALUES(46,'products','0015_alter_product_prdslug','2022-02-07 06:00:39.982335');
INSERT INTO django_migrations VALUES(47,'categories','0009_auto_20220207_0803','2022-02-07 06:03:21.457682');
INSERT INTO django_migrations VALUES(48,'products','0016_product_product_vendor','2022-02-08 19:59:40.499498');
INSERT INTO django_migrations VALUES(49,'products','0017_alter_product_product_vendor','2022-02-08 20:02:03.937468');
INSERT INTO django_migrations VALUES(50,'products','0018_alter_product_product_vendor','2022-02-08 20:15:13.335454');
INSERT INTO django_migrations VALUES(51,'products','0019_alter_product_product_vendor','2022-02-08 20:15:13.361384');
INSERT INTO django_migrations VALUES(52,'products','0020_alter_product_product_vendor','2022-02-08 20:15:28.000174');
INSERT INTO django_migrations VALUES(53,'products','0021_alter_product_product_vendor','2022-02-08 20:18:33.785689');
INSERT INTO django_migrations VALUES(54,'products','0022_auto_20220208_2246','2022-02-08 20:46:04.728144');
INSERT INTO django_migrations VALUES(55,'products','0023_product_product_image_sale','2022-02-16 03:46:39.098160');
INSERT INTO django_migrations VALUES(56,'products','0024_alter_product_product_image_sale','2022-02-16 03:47:10.460559');
INSERT INTO django_migrations VALUES(57,'categories','0010_auto_20220216_0650','2022-02-16 04:50:25.669882');
INSERT INTO django_migrations VALUES(58,'categories','0011_alter_maincategory_category_image','2022-02-16 04:56:46.616998');
INSERT INTO django_migrations VALUES(59,'categories','0012_auto_20220216_0657','2022-02-16 04:57:05.551347');
INSERT INTO django_migrations VALUES(60,'categories','0013_supercategory_product_count','2022-02-16 05:45:35.970171');
INSERT INTO django_migrations VALUES(61,'categories','0014_remove_supercategory_product_count','2022-02-16 05:53:06.151364');
INSERT INTO django_migrations VALUES(62,'home','0001_initial','2022-02-17 03:35:56.463978');
INSERT INTO django_migrations VALUES(63,'home','0002_alter_carousel_carimage','2022-02-17 03:48:32.959581');
INSERT INTO django_migrations VALUES(64,'home','0003_ads','2022-02-17 04:37:43.012122');
INSERT INTO django_migrations VALUES(65,'home','0004_rename_ads_homeads','2022-02-17 04:38:54.909097');
INSERT INTO django_migrations VALUES(66,'home','0005_rename_homeads_homead','2022-02-17 04:39:33.948620');
INSERT INTO django_migrations VALUES(67,'home','0006_homead_image_position','2022-02-17 04:48:09.866922');
INSERT INTO django_migrations VALUES(68,'categories','0015_alter_maincategory_super_category','2022-02-17 05:24:43.222988');
INSERT INTO django_migrations VALUES(69,'categories','0016_auto_20220217_0724','2022-02-17 05:25:01.231070');
INSERT INTO django_migrations VALUES(70,'products','0025_auto_20220217_0725','2022-02-17 05:25:48.473411');
INSERT INTO django_migrations VALUES(71,'categories','0017_auto_20220217_0754','2022-02-17 05:54:17.939756');
INSERT INTO django_migrations VALUES(72,'home','0007_alter_carousel_carimage','2022-02-17 05:54:17.953718');
INSERT INTO django_migrations VALUES(73,'categories','0018_auto_20220217_0756','2022-02-17 05:56:52.160791');
INSERT INTO django_migrations VALUES(74,'home','0008_alter_carousel_carimage','2022-02-17 05:56:52.175727');
INSERT INTO django_migrations VALUES(75,'home','0009_rename_homead_homeadsidebar','2022-02-17 06:29:11.450986');
INSERT INTO django_migrations VALUES(76,'home','0010_homeadmiddlebar','2022-02-17 06:33:58.812766');
INSERT INTO django_migrations VALUES(77,'home','0011_auto_20220217_1032','2022-02-17 08:32:38.011278');
INSERT INTO django_migrations VALUES(78,'home','0012_alter_homeadmiddlesmall_ad_url','2022-02-17 08:36:28.463983');
INSERT INTO django_migrations VALUES(79,'home','0013_rename_homeadmiddlesmall_homeadsupplier','2022-02-17 08:40:33.372513');
INSERT INTO django_migrations VALUES(80,'home','0014_auto_20220217_1118','2022-02-17 09:18:34.653336');
INSERT INTO django_migrations VALUES(81,'home','0015_homeaddealtime','2022-02-18 01:12:27.902850');
INSERT INTO django_migrations VALUES(82,'home','0016_auto_20220218_0331','2022-02-18 01:31:08.263016');
INSERT INTO django_migrations VALUES(83,'home','0017_alter_homeaddealtime_prddiscountprice','2022-02-18 01:31:57.302660');
INSERT INTO django_migrations VALUES(84,'accounts','0002_profile_display_name','2022-02-20 07:28:01.451981');
INSERT INTO django_migrations VALUES(85,'accounts','0003_profile_slug','2022-02-20 08:23:06.982354');
INSERT INTO django_migrations VALUES(86,'accounts','0004_profile_bio','2022-02-20 11:22:55.386011');
INSERT INTO django_migrations VALUES(87,'accounts','0005_alter_profile_code','2022-02-21 17:39:46.063542');
INSERT INTO django_migrations VALUES(88,'home','0018_vendordetailsadimage','2022-02-22 12:21:47.670742');
INSERT INTO django_migrations VALUES(89,'home','0019_auto_20220222_1435','2022-02-22 12:35:20.189092');
INSERT INTO django_migrations VALUES(90,'home','0020_hotdealad','2022-02-26 15:23:18.911796');
INSERT INTO django_migrations VALUES(91,'products','0026_remove_product_product_image_sale','2022-02-27 14:34:44.654533');
INSERT INTO django_migrations VALUES(92,'products','0027_product_product_image_sale','2022-02-27 14:37:14.440569');
INSERT INTO django_migrations VALUES(93,'products','0028_remove_product_product_image_sale','2022-02-27 14:38:09.498494');
INSERT INTO django_migrations VALUES(94,'products','0029_alter_product_product_image','2022-02-28 23:57:23.483274');
INSERT INTO django_migrations VALUES(95,'products','0030_alter_product_product_image','2022-03-01 00:01:56.650580');
INSERT INTO django_migrations VALUES(96,'products','0031_alter_product_product_image','2022-03-01 00:03:50.696592');
INSERT INTO django_migrations VALUES(97,'products','0032_alter_product_product_image','2022-03-01 00:05:41.847841');
INSERT INTO django_migrations VALUES(98,'products','0033_auto_20220301_1729','2022-03-01 15:29:05.622770');
INSERT INTO django_migrations VALUES(99,'products','0034_auto_20220301_1739','2022-03-01 15:39:10.732779');
INSERT INTO django_migrations VALUES(100,'products','0035_remove_product_prdisactive','2022-03-01 17:30:20.804069');
INSERT INTO django_migrations VALUES(101,'products','0036_product_prdisactive','2022-03-01 17:31:10.437289');
INSERT INTO django_migrations VALUES(102,'products','0037_alter_product_prdisactive','2022-03-01 17:34:36.660135');
INSERT INTO django_migrations VALUES(103,'products','0038_alter_product_prdisactive','2022-03-01 17:36:06.896554');
INSERT INTO django_migrations VALUES(104,'products','0039_alter_product_prdisactive','2022-03-01 17:39:03.132259');
INSERT INTO django_migrations VALUES(105,'products','0040_auto_20220301_1950','2022-03-01 17:50:17.646580');
INSERT INTO django_migrations VALUES(106,'products','0041_remove_product_prdcost','2022-03-01 17:51:01.897794');
INSERT INTO django_migrations VALUES(107,'products','0042_product_prdisdeleted','2022-03-01 19:20:05.644290');
INSERT INTO django_migrations VALUES(108,'products','0043_alter_product_product_name','2022-03-01 22:39:24.176186');
INSERT INTO django_migrations VALUES(109,'products','0044_alter_product_product_image','2022-03-01 22:48:37.584991');
INSERT INTO django_migrations VALUES(110,'products','0045_alter_productimage_prdiimage','2022-03-01 22:49:37.688373');
INSERT INTO django_migrations VALUES(111,'products','0046_alter_productimage_options','2022-03-02 03:03:20.487825');
INSERT INTO django_migrations VALUES(112,'products','0047_alter_productimage_options','2022-03-02 03:09:50.448084');
INSERT INTO django_migrations VALUES(113,'products','0048_alter_productimage_options','2022-03-02 03:14:00.837703');
INSERT INTO django_migrations VALUES(114,'products','0049_alter_product_product_image','2022-03-02 13:01:32.546707');
INSERT INTO django_migrations VALUES(115,'products','0050_auto_20220302_1505','2022-03-02 13:06:00.613425');
INSERT INTO django_migrations VALUES(116,'products','0051_alter_product_content','2022-03-02 13:11:07.440095');
INSERT INTO django_migrations VALUES(117,'products','0052_alter_product_prdslug','2022-03-02 13:47:45.484010');
INSERT INTO django_migrations VALUES(118,'orders','0005_order_email_client','2022-03-10 00:37:02.200716');
INSERT INTO django_migrations VALUES(119,'orders','0006_auto_20220310_0400','2022-03-10 02:00:39.930730');
INSERT INTO django_migrations VALUES(120,'orders','0007_auto_20220310_2044','2022-03-10 18:44:43.011394');
INSERT INTO django_migrations VALUES(121,'orders','0008_auto_20220310_2112','2022-03-10 19:12:56.894634');
INSERT INTO django_migrations VALUES(122,'orders','0009_auto_20220311_1840','2022-03-11 16:40:50.021239');
INSERT INTO django_migrations VALUES(123,'orders','0010_orderdetailssupplier_ordersupplier','2022-03-11 17:14:57.994717');
INSERT INTO django_migrations VALUES(124,'orders','0011_payment_order_supplier','2022-03-11 17:45:48.582544');
INSERT INTO django_migrations VALUES(125,'orders','0012_orderdetailssupplier_order_supplier','2022-03-11 17:48:11.702431');
INSERT INTO django_migrations VALUES(126,'orders','0013_remove_orderdetailssupplier_order','2022-03-18 13:11:57.745485');
INSERT INTO django_migrations VALUES(127,'orders','0014_orderdetailssupplier_order','2022-03-18 13:12:35.138898');
INSERT INTO django_migrations VALUES(128,'orders','0015_auto_20220318_1514','2022-03-18 13:14:47.168819');
INSERT INTO django_migrations VALUES(129,'orders','0016_order_vendors','2022-03-18 14:42:53.218352');
INSERT INTO django_migrations VALUES(130,'orders','0017_remove_order_vendors','2022-03-18 14:53:56.767797');
INSERT INTO django_migrations VALUES(131,'orders','0018_auto_20220323_1554','2022-03-23 13:54:17.665155');
INSERT INTO django_migrations VALUES(132,'orders','0019_ordersupplier_vendors','2022-03-23 14:05:46.483179');
INSERT INTO django_migrations VALUES(133,'orders','0020_rename_vendors_ordersupplier_vendor','2022-03-23 14:06:19.369854');
INSERT INTO django_migrations VALUES(134,'orders','0021_ordersupplier_order','2022-03-23 14:15:56.743313');
INSERT INTO django_migrations VALUES(135,'orders','0022_auto_20220323_1617','2022-03-23 14:17:10.631483');
INSERT INTO django_migrations VALUES(136,'orders','0023_auto_20220323_1729','2022-03-23 15:29:54.427062');
INSERT INTO django_migrations VALUES(137,'orders','0024_auto_20220323_1730','2022-03-23 15:30:49.961878');
INSERT INTO django_migrations VALUES(138,'orders','0025_auto_20220323_1731','2022-03-23 15:31:15.498325');
INSERT INTO django_migrations VALUES(139,'orders','0026_orderdetailssupplier_order_details','2022-03-23 18:28:38.526952');
INSERT INTO django_migrations VALUES(140,'orders','0027_remove_payment_order_supplier','2022-03-23 20:02:00.447304');
INSERT INTO django_migrations VALUES(141,'orders','0028_ordersupplier_weight','2022-03-24 18:09:47.956427');
INSERT INTO django_migrations VALUES(142,'accounts','0006_auto_20220429_0555','2022-04-29 04:51:41.299603');
INSERT INTO django_migrations VALUES(143,'categories','0019_auto_20220429_0555','2022-04-29 04:51:41.402333');
INSERT INTO django_migrations VALUES(144,'home','0021_auto_20220429_0555','2022-04-29 04:51:41.469195');
INSERT INTO django_migrations VALUES(145,'orders','0029_auto_20220429_0555','2022-04-29 04:51:41.647747');
INSERT INTO django_migrations VALUES(146,'products','0053_auto_20220429_0555','2022-04-29 04:51:41.700588');
INSERT INTO django_migrations VALUES(147,'newsletters','0001_initial','2022-05-02 20:55:48.633972');
INSERT INTO django_migrations VALUES(148,'newsletters','0002_auto_20220502_2259','2022-05-02 21:00:07.076572');
INSERT INTO django_migrations VALUES(149,'products','0054_productrating','2022-05-03 20:11:52.550318');
INSERT INTO django_migrations VALUES(150,'products','0055_auto_20220503_2217','2022-05-03 20:17:23.569953');
INSERT INTO django_migrations VALUES(151,'products','0056_auto_20220503_2336','2022-05-03 21:36:17.960300');
INSERT INTO django_migrations VALUES(152,'products','0057_auto_20220504_0220','2022-05-04 00:20:34.728763');
INSERT INTO django_migrations VALUES(153,'products','0058_auto_20220504_1815','2022-05-04 16:15:53.202067');
INSERT INTO django_migrations VALUES(154,'products','0059_auto_20220504_1856','2022-05-04 16:56:31.593743');
INSERT INTO django_migrations VALUES(155,'products','0060_auto_20220504_2115','2022-05-04 19:15:42.775976');
INSERT INTO django_migrations VALUES(156,'products','0061_auto_20220505_0211','2022-05-05 00:11:58.280245');
INSERT INTO django_migrations VALUES(157,'products','0062_auto_20220505_0512','2022-05-05 03:12:20.370006');
INSERT INTO django_migrations VALUES(158,'blog','0001_initial','2022-05-05 16:03:19.532465');
INSERT INTO django_migrations VALUES(159,'blog','0002_auto_20220505_1841','2022-05-05 16:41:31.159519');
INSERT INTO django_migrations VALUES(160,'reports','0001_initial','2022-05-05 18:58:40.165115');
INSERT INTO django_migrations VALUES(161,'reports','0002_auto_20220505_2123','2022-05-05 19:23:13.237927');
INSERT INTO django_migrations VALUES(162,'reports','0003_auto_20220505_2129','2022-05-05 19:29:59.666671');
INSERT INTO django_migrations VALUES(163,'blog','0003_auto_20220505_2157','2022-05-05 19:57:43.141469');
INSERT INTO django_migrations VALUES(164,'blog','0004_auto_20220505_2351','2022-05-05 21:51:21.150105');
INSERT INTO django_migrations VALUES(165,'blog','0005_comment_publisher','2022-05-05 22:18:46.121251');
INSERT INTO django_migrations VALUES(166,'blog','0006_auto_20220506_0020','2022-05-05 22:20:18.686989');
INSERT INTO django_migrations VALUES(167,'home','0022_headtextad','2022-05-05 22:58:17.685781');
INSERT INTO django_migrations VALUES(168,'home','0023_auto_20220506_0109','2022-05-05 23:09:34.193023');
INSERT INTO django_migrations VALUES(169,'settings','0001_initial','2022-05-06 00:12:54.304898');
INSERT INTO django_migrations VALUES(170,'settings','0002_contactinfo','2022-05-06 00:50:05.507472');
INSERT INTO django_migrations VALUES(171,'settings','0003_auto_20220506_0252','2022-05-06 00:52:39.804315');
INSERT INTO django_migrations VALUES(172,'settings','0004_auto_20220506_0257','2022-05-06 00:57:34.835680');
INSERT INTO django_migrations VALUES(173,'settings','0005_contactinfo_active','2022-05-06 01:02:32.062265');
INSERT INTO django_migrations VALUES(174,'settings','0006_contactinfo_map_link','2022-05-06 02:18:08.730510');
INSERT INTO django_migrations VALUES(175,'contact','0001_initial','2022-05-06 02:39:32.345588');
INSERT INTO django_migrations VALUES(176,'contact','0002_auto_20220506_0441','2022-05-06 02:41:24.970934');
INSERT INTO django_migrations VALUES(177,'contact','0003_auto_20220506_0444','2022-05-06 02:44:32.412292');
INSERT INTO django_migrations VALUES(178,'contact','0004_auto_20220506_0446','2022-05-06 02:46:31.194306');
INSERT INTO django_migrations VALUES(179,'contact','0005_auto_20220506_0447','2022-05-06 02:47:26.877190');
INSERT INTO django_migrations VALUES(180,'pages','0001_initial','2022-05-06 23:50:52.190050');
INSERT INTO django_migrations VALUES(181,'pages','0002_auto_20220507_0153','2022-05-06 23:53:16.618253');
INSERT INTO django_migrations VALUES(182,'contact','0006_auto_20220507_0155','2022-05-06 23:55:40.214245');
INSERT INTO django_migrations VALUES(183,'pages','0003_auto_20220507_0155','2022-05-06 23:55:40.273083');
INSERT INTO django_migrations VALUES(184,'pages','0004_auto_20220507_0230','2022-05-07 00:30:23.935583');
INSERT INTO django_migrations VALUES(185,'pages','0005_pageslist_active','2022-05-07 00:45:37.490267');
INSERT INTO django_migrations VALUES(186,'pages','0006_auto_20220507_0341','2022-05-07 01:41:51.229852');
INSERT INTO django_migrations VALUES(187,'settings','0007_auto_20220507_0351','2022-05-07 01:51:31.694142');
INSERT INTO django_migrations VALUES(188,'settings','0008_sitesetting','2022-05-07 02:41:21.457902');
INSERT INTO django_migrations VALUES(189,'settings','0009_sitesetting_site_url','2022-05-07 02:46:14.048505');
INSERT INTO django_migrations VALUES(190,'settings','0010_auto_20220507_0454','2022-05-07 02:54:16.841454');
INSERT INTO django_migrations VALUES(191,'accounts','0007_bankaccount','2022-05-08 01:10:32.971859');
INSERT INTO django_migrations VALUES(192,'accounts','0008_auto_20220508_0341','2022-05-08 01:41:48.512144');
INSERT INTO django_migrations VALUES(193,'accounts','0009_sociallink','2022-05-08 03:41:02.193860');
INSERT INTO django_migrations VALUES(194,'payments','0001_initial','2022-05-08 21:14:01.286743');
INSERT INTO django_migrations VALUES(195,'accounts','0010_profile_requested','2022-05-08 21:56:53.374783');
INSERT INTO django_migrations VALUES(196,'payments','0002_vendorpayments_fee','2022-05-08 22:15:21.625428');
INSERT INTO django_migrations VALUES(197,'payments','0003_vendorpayments_method','2022-05-08 22:42:14.425300');
INSERT INTO django_migrations VALUES(198,'payments','0004_auto_20220509_0229','2022-05-09 00:29:41.548140');
INSERT INTO django_migrations VALUES(199,'payments','0005_auto_20220509_0232','2022-05-09 00:32:46.806605');
INSERT INTO django_migrations VALUES(200,'payments','0006_auto_20220509_0253','2022-05-09 00:54:03.992231');
INSERT INTO django_migrations VALUES(201,'settings','0011_auto_20220509_0857','2022-05-09 06:57:23.091468');
INSERT INTO django_migrations VALUES(202,'settings','0012_delete_stripesetting','2022-05-09 07:17:46.712868');
INSERT INTO django_migrations VALUES(203,'home','0024_homeaddealtime_supplier_url','2022-05-18 03:50:01.068126');
INSERT INTO django_migrations VALUES(204,'captcha','0001_initial','2022-05-19 05:57:06.608328');
INSERT INTO django_migrations VALUES(205,'captcha','0002_alter_captchastore_id','2022-05-19 05:57:07.286536');
INSERT INTO django_migrations VALUES(206,'settings','0013_auto_20220522_2031','2022-05-22 18:31:47.639654');
INSERT INTO django_migrations VALUES(207,'settings','0014_sitesetting_footer_image','2022-05-28 11:01:40.943119');
INSERT INTO django_migrations VALUES(208,'settings','0015_sitesetting_shipping','2022-05-28 13:44:40.786878');
INSERT INTO django_migrations VALUES(209,'products','0063_auto_20220611_1431','2022-06-11 12:31:39.110053');
INSERT INTO django_migrations VALUES(210,'currencies','0001_initial','2022-06-11 12:41:20.079904');
INSERT INTO django_migrations VALUES(211,'currencies','0002_alter_model','2022-06-11 12:41:20.116805');
INSERT INTO django_migrations VALUES(212,'currencies','0003_currency_info','2022-06-11 12:41:20.131765');
INSERT INTO django_migrations VALUES(213,'currencies','0004_code_primary','2022-06-11 12:41:20.157695');
INSERT INTO django_migrations VALUES(214,'currencies','0005_alter_help_text','2022-06-11 12:41:20.183626');
INSERT INTO django_migrations VALUES(215,'currencies','0006_increase_name_max_length','2022-06-11 12:41:20.201581');
INSERT INTO django_migrations VALUES(216,'accounts','0011_profile_admission','2022-07-14 16:18:29.895026');
INSERT INTO django_migrations VALUES(217,'orders','0030_auto_20220720_2037','2022-07-20 18:37:32.254792');
INSERT INTO django_migrations VALUES(218,'settings','0016_homepagetheme','2022-08-01 20:09:35.855262');
INSERT INTO django_migrations VALUES(219,'accounts','0012_auto_20220814_0432','2022-08-14 02:32:47.221496');
INSERT INTO django_migrations VALUES(220,'blog','0007_auto_20220814_0432','2022-08-14 02:32:47.414978');
INSERT INTO django_migrations VALUES(221,'categories','0020_auto_20220814_0432','2022-08-14 02:32:47.630402');
INSERT INTO django_migrations VALUES(222,'contact','0007_alter_messageslist_id','2022-08-14 02:32:47.740109');
INSERT INTO django_migrations VALUES(223,'home','0025_auto_20220814_0432','2022-08-14 02:32:47.916173');
INSERT INTO django_migrations VALUES(224,'newsletters','0003_alter_newsletter_id','2022-08-14 02:32:48.050785');
INSERT INTO django_migrations VALUES(225,'orders','0031_auto_20220814_0432','2022-08-14 02:32:48.345059');
INSERT INTO django_migrations VALUES(226,'pages','0007_alter_pageslist_id','2022-08-14 02:32:48.511643');
INSERT INTO django_migrations VALUES(227,'payments','0007_alter_vendorpayments_id','2022-08-14 02:32:48.659295');
INSERT INTO django_migrations VALUES(228,'products','0064_auto_20220814_0432','2022-08-14 02:32:48.847773');
INSERT INTO django_migrations VALUES(229,'reports','0004_auto_20220814_0432','2022-08-14 02:32:48.997376');
INSERT INTO django_migrations VALUES(230,'settings','0017_auto_20220814_0432','2022-08-14 02:32:49.168557');
INSERT INTO django_migrations VALUES(231,'products','0065_alter_product_digital_file','2022-08-14 02:36:20.935197');
INSERT INTO django_migrations VALUES(232,'products','0066_productsize','2022-10-07 15:36:22.506585');
INSERT INTO django_migrations VALUES(233,'products','0067_alter_productsize_name_variation','2022-10-07 15:38:50.873347');
INSERT INTO django_migrations VALUES(234,'products','0068_alter_productsize_name_variation','2022-10-07 17:39:51.364662');
CREATE TABLE IF NOT EXISTS "auth_group_permissions" ("id" integer NOT NULL PRIMARY KEY SERIAL, "group_id" integer NOT NULL REFERENCES "auth_group" ("id") DEFERRABLE INITIALLY DEFERRED, "permission_id" integer NOT NULL REFERENCES "auth_permission" ("id") DEFERRABLE INITIALLY DEFERRED);
CREATE TABLE IF NOT EXISTS "auth_user_groups" ("id" integer NOT NULL PRIMARY KEY SERIAL, "user_id" integer NOT NULL REFERENCES "auth_user" ("id") DEFERRABLE INITIALLY DEFERRED, "group_id" integer NOT NULL REFERENCES "auth_group" ("id") DEFERRABLE INITIALLY DEFERRED);
CREATE TABLE IF NOT EXISTS "auth_user_user_permissions" ("id" integer NOT NULL PRIMARY KEY SERIAL, "user_id" integer NOT NULL REFERENCES "auth_user" ("id") DEFERRABLE INITIALLY DEFERRED, "permission_id" integer NOT NULL REFERENCES "auth_permission" ("id") DEFERRABLE INITIALLY DEFERRED);
CREATE TABLE IF NOT EXISTS "django_admin_log" ("id" integer NOT NULL PRIMARY KEY SERIAL, "action_time" datetime NOT NULL, "object_id" text NULL, "object_repr" varchar(200) NOT NULL, "change_message" text NOT NULL, "content_type_id" integer NULL REFERENCES "django_content_type" ("id") DEFERRABLE INITIALLY DEFERRED, "user_id" integer NOT NULL REFERENCES "auth_user" ("id") DEFERRABLE INITIALLY DEFERRED, "action_flag" smallint unsigned NOT NULL CHECK ("action_flag" >= 0));
INSERT INTO django_admin_log VALUES(1,'2022-02-03 03:45:05.595591','1','Fashion & Accessories','[{"added": {}}]',8,1,1);
INSERT INTO django_admin_log VALUES(2,'2022-02-03 03:45:17.793338','2','Clothing & Footwear','[{"added": {}}]',8,1,1);
INSERT INTO django_admin_log VALUES(3,'2022-02-03 03:45:38.153153','3','Clothing','[{"added": {}}]',8,1,1);
INSERT INTO django_admin_log VALUES(4,'2022-02-03 03:51:19.806955','1','Product object (1)','[{"added": {}}]',9,1,1);
INSERT INTO django_admin_log VALUES(5,'2022-02-03 03:55:40.842930','3','Clothing','',8,1,3);
INSERT INTO django_admin_log VALUES(6,'2022-02-03 03:55:40.856866','2','Clothing & Footwear','',8,1,3);
INSERT INTO django_admin_log VALUES(7,'2022-02-03 03:55:40.868833','1','Fashion & Accessories','',8,1,3);
INSERT INTO django_admin_log VALUES(8,'2022-02-03 04:07:21.742188','1','مأكولات ومشروبات','[{"added": {}}]',11,1,1);
INSERT INTO django_admin_log VALUES(9,'2022-02-03 04:07:38.425625','1','المؤن','[{"added": {}}]',8,1,1);
INSERT INTO django_admin_log VALUES(10,'2022-02-03 04:07:59.344174','1','البهارات والتوابل','[{"added": {}}]',7,1,1);
INSERT INTO django_admin_log VALUES(11,'2022-02-03 04:08:21.039467','1','الملح','[{"added": {}}]',10,1,1);
INSERT INTO django_admin_log VALUES(12,'2022-02-03 04:21:40.208597','1','مأكولات ومشروبات','[{"added": {"name": "main category", "object": "\u0627\u0644\u062d\u0644\u0648\u064a\u0627\u062a"}}]',11,1,2);
INSERT INTO django_admin_log VALUES(13,'2022-02-03 04:23:59.234804','2','الحلويات','[{"added": {"name": "sub category", "object": "\u0627\u0644\u0643\u0648\u0643\u064a\u0632 \u0648\u0627\u0644\u0628\u0633\u0643\u0648\u064a\u062a"}}]',8,1,2);
INSERT INTO django_admin_log VALUES(14,'2022-02-03 04:24:19.182672','2','الحلويات','[{"added": {"name": "sub category", "object": "\u0627\u0644\u0634\u0648\u0643\u0648\u0644\u0627\u062a\u0629"}}]',8,1,2);
INSERT INTO django_admin_log VALUES(15,'2022-02-03 04:30:11.927376','3','الشوكولاتة','[{"added": {"name": "mini category", "object": "\u062d\u0644\u0648\u0649 \u0627\u0644\u0634\u0648\u0643\u0648\u0644\u0627\u062a\u0629"}}, {"added": {"name": "mini category", "object": "\u0623\u0644\u0648\u0627\u062d \u0627\u0644\u0634\u0648\u0643\u0648\u0644\u0627\u062a\u0629"}}]',7,1,2);
INSERT INTO django_admin_log VALUES(16,'2022-02-03 04:32:34.286867','2','HELLO','[{"added": {}}]',9,1,1);
INSERT INTO django_admin_log VALUES(17,'2022-02-03 04:37:18.906467','2','HELLO','',9,1,3);
INSERT INTO django_admin_log VALUES(18,'2022-02-04 01:22:14.204005','2','الألبان والألبان','[{"added": {}}]',11,1,1);
INSERT INTO django_admin_log VALUES(19,'2022-02-04 01:22:44.054207','2','الألبان','[{"changed": {"fields": ["Name"]}}]',11,1,2);
INSERT INTO django_admin_log VALUES(20,'2022-02-04 01:24:00.972981','3','الملابس والجمال','[{"added": {}}]',11,1,1);
INSERT INTO django_admin_log VALUES(21,'2022-02-04 01:24:15.777837','4','أغذية الحيوانات الأليفة','[{"added": {}}]',11,1,1);
INSERT INTO django_admin_log VALUES(22,'2022-02-04 01:24:30.988457','5','مأكولات بحرية طازجة','[{"added": {}}]',11,1,1);
INSERT INTO django_admin_log VALUES(23,'2022-02-04 02:42:20.173233','1','helll smsmsmhhhhhh','[{"added": {}}]',9,1,1);
INSERT INTO django_admin_log VALUES(24,'2022-02-04 02:57:18.345540','1','helll smsmsmhhhhhh','[{"changed": {"fields": ["Product Image"]}}]',9,1,2);
INSERT INTO django_admin_log VALUES(25,'2022-02-04 03:17:44.531389','1','helll smsmsmhhhhhh','[{"added": {}}]',12,1,1);
INSERT INTO django_admin_log VALUES(26,'2022-02-04 03:17:51.134955','2','helll smsmsmhhhhhh','[{"added": {}}]',12,1,1);
INSERT INTO django_admin_log VALUES(27,'2022-02-04 03:17:55.606067','3','helll smsmsmhhhhhh','[{"added": {}}]',12,1,1);
INSERT INTO django_admin_log VALUES(28,'2022-02-04 03:41:46.495310','1','helll smsmsmhhhhhh','[{"changed": {"fields": ["Price", "Discount", "Dimensions", "WEIGHT_KG", "WEIGHT_OZ", "Piece WEIGHT_GM", "Piece WEIGHT_OZ", "Pieces/set", "Available", "SKU", "Sale", "Hot"]}}]',9,1,2);
INSERT INTO django_admin_log VALUES(29,'2022-02-04 03:50:08.682918','1','helll smsmsmhhhhhh','[{"changed": {"fields": ["Tags"]}}]',9,1,2);
INSERT INTO django_admin_log VALUES(30,'2022-02-04 03:59:10.920655','1','helll smsmsmhhhhhh','[{"changed": {"fields": ["Full Description"]}}]',9,1,2);
INSERT INTO django_admin_log VALUES(31,'2022-02-05 01:55:00.473581','1','selem','[]',4,1,2);
INSERT INTO django_admin_log VALUES(32,'2022-02-05 03:31:23.706712','2','selem profile.','[{"added": {}}]',13,1,1);
INSERT INTO django_admin_log VALUES(33,'2022-02-05 06:31:35.571846','1','code21','[{"added": {}}]',16,1,1);
INSERT INTO django_admin_log VALUES(34,'2022-02-05 07:40:30.007167','2','helll smsmsmhhhhhh','[{"added": {}}]',9,1,1);
INSERT INTO django_admin_log VALUES(35,'2022-02-05 09:01:02.062559','5','Payment ID:5- order:4','',17,1,3);
INSERT INTO django_admin_log VALUES(36,'2022-02-06 01:06:12.196339','2','selem profile.','[{"changed": {"fields": ["Blance"]}}]',13,1,2);
INSERT INTO django_admin_log VALUES(37,'2022-02-06 01:39:58.461933','2','selem profile.','[{"changed": {"fields": ["Blance"]}}]',13,1,2);
INSERT INTO django_admin_log VALUES(38,'2022-02-06 01:42:29.168572','2','selem profile.','[{"changed": {"fields": ["Blance"]}}]',13,1,2);
INSERT INTO django_admin_log VALUES(39,'2022-02-07 03:07:35.893951','3','منتجات الألبان والبيض','[{"added": {}}]',8,1,1);
INSERT INTO django_admin_log VALUES(40,'2022-02-07 03:08:25.273662','3','منتجات الألبان والبيض','[{"changed": {"fields": ["Super category"]}}]',8,1,2);
INSERT INTO django_admin_log VALUES(41,'2022-02-07 05:27:04.467379','6','مستلزمات المكتب','[{"added": {}}]',11,1,1);
INSERT INTO django_admin_log VALUES(42,'2022-02-07 05:27:14.528863','7','الكترونيات','[{"added": {}}]',11,1,1);
INSERT INTO django_admin_log VALUES(43,'2022-02-07 05:27:24.170146','8','المنزل والحديقة والأثاث','[{"added": {}}]',11,1,1);
INSERT INTO django_admin_log VALUES(44,'2022-02-07 05:27:31.852812','9','الصحة والعناية الشخصية','[{"added": {}}]',11,1,1);
INSERT INTO django_admin_log VALUES(45,'2022-02-07 05:27:39.738834','10','أزياء وأكسسوارات','[{"added": {}}]',11,1,1);
INSERT INTO django_admin_log VALUES(46,'2022-02-07 05:27:46.852623','11','الجمال والعطور','[{"added": {}}]',11,1,1);
INSERT INTO django_admin_log VALUES(47,'2022-02-07 05:27:55.275849','12','إنشاءات وعقارات','[{"added": {}}]',11,1,1);
INSERT INTO django_admin_log VALUES(48,'2022-02-07 05:42:47.139110','1','مأكولات ومشروبات','[]',11,1,2);
INSERT INTO django_admin_log VALUES(49,'2022-02-07 05:43:22.432613','13','سيارات','[{"added": {}}]',11,1,1);
INSERT INTO django_admin_log VALUES(50,'2022-02-07 05:44:24.697667','5','مأكولات بحرية طازجة','[]',11,1,2);
INSERT INTO django_admin_log VALUES(51,'2022-02-07 05:44:30.235485','4','hhhhhhhhh','[{"changed": {"fields": ["Name"]}}]',11,1,2);
INSERT INTO django_admin_log VALUES(52,'2022-02-07 05:44:52.517297','11','الجمال والعطور','[]',11,1,2);
INSERT INTO django_admin_log VALUES(53,'2022-02-07 05:45:03.733643','1','مأكولات ومشروبات','[]',11,1,2);
INSERT INTO django_admin_log VALUES(54,'2022-02-07 05:45:56.536137','10','أزياء وأكسسوارات','[]',11,1,2);
INSERT INTO django_admin_log VALUES(55,'2022-02-07 05:46:00.761789','10','أزياء وأكسسوارات','[]',11,1,2);
INSERT INTO django_admin_log VALUES(56,'2022-02-07 05:46:19.099204','14','hhhhhhhhh','[{"added": {}}]',11,1,1);
INSERT INTO django_admin_log VALUES(57,'2022-02-07 05:46:54.527995','12','إنشاءات وعقارات','[]',11,1,2);
INSERT INTO django_admin_log VALUES(58,'2022-02-07 05:47:07.112040','15','إنشاءات وعقارات','[{"added": {}}]',11,1,1);
INSERT INTO django_admin_log VALUES(59,'2022-02-07 05:48:26.579404','9','الصحة والعناية الشخصية','[]',11,1,2);
INSERT INTO django_admin_log VALUES(60,'2022-02-07 05:49:19.317121','2','منتج واحد','[{"changed": {"fields": ["Name"]}}]',9,1,2);
INSERT INTO django_admin_log VALUES(61,'2022-02-07 05:49:25.172745','2','منتج واحد','[{"changed": {"fields": ["Slugfiy"]}}]',9,1,2);
INSERT INTO django_admin_log VALUES(62,'2022-02-07 05:49:29.039672','2','منتج واحد','[]',9,1,2);
INSERT INTO django_admin_log VALUES(63,'2022-02-07 05:51:06.349292','2','منتج واحد','[{"changed": {"fields": ["Slugfiy"]}}]',9,1,2);
INSERT INTO django_admin_log VALUES(64,'2022-02-07 05:51:16.081038','2','منتج واحد','[]',9,1,2);
INSERT INTO django_admin_log VALUES(65,'2022-02-07 05:54:49.426145','10','أزياء وأكسسوارات','[{"changed": {"fields": ["Slugfiy"]}}]',11,1,2);
INSERT INTO django_admin_log VALUES(66,'2022-02-07 05:54:55.333828','10','أزياء وأكسسوارات','[]',11,1,2);
INSERT INTO django_admin_log VALUES(67,'2022-02-07 05:55:05.635898','16','بقبقبق','[{"added": {}}]',11,1,1);
INSERT INTO django_admin_log VALUES(68,'2022-02-07 05:55:37.661316','16','بقبقبق','[]',11,1,2);
INSERT INTO django_admin_log VALUES(69,'2022-02-07 05:55:43.896692','16','بقبقبق','[]',11,1,2);
INSERT INTO django_admin_log VALUES(70,'2022-02-07 05:55:53.543883','17','بقبقبق','[{"added": {}}]',11,1,1);
INSERT INTO django_admin_log VALUES(71,'2022-02-07 05:56:55.769296','17','بقبقبق','[{"changed": {"fields": ["Slugfiy"]}}]',11,1,2);
INSERT INTO django_admin_log VALUES(72,'2022-02-07 05:57:44.476767','18','بقبقبق','[{"added": {}}]',11,1,1);
INSERT INTO django_admin_log VALUES(73,'2022-02-07 05:58:57.465510','19','بقبقبق','[{"added": {}}]',11,1,1);
INSERT INTO django_admin_log VALUES(74,'2022-02-07 05:59:00.483164','19','بقبقبق','[]',11,1,2);
INSERT INTO django_admin_log VALUES(75,'2022-02-07 05:59:05.233651','19','بقبقبق','[]',11,1,2);
INSERT INTO django_admin_log VALUES(76,'2022-02-07 05:59:10.381206','19','بقبقبق','[{"changed": {"fields": ["Slugfiy"]}}]',11,1,2);
INSERT INTO django_admin_log VALUES(77,'2022-02-07 05:59:17.932342','19','بقبقبق','[{"changed": {"fields": ["Slugfiy"]}}]',11,1,2);
INSERT INTO django_admin_log VALUES(78,'2022-02-07 06:00:52.489922','2','منتج واحد','[{"changed": {"fields": ["Slugfiy"]}}]',9,1,2);
INSERT INTO django_admin_log VALUES(79,'2022-02-07 06:01:14.266442','1','منتج واحد','[{"changed": {"fields": ["Name", "Slugfiy"]}}]',9,1,2);
INSERT INTO django_admin_log VALUES(80,'2022-02-07 06:04:30.778220','3','منتجات الألبان والبيض','[]',8,1,2);
INSERT INTO django_admin_log VALUES(81,'2022-02-07 06:04:45.839807','4','منتجات الألبان والبيض','[{"added": {}}]',8,1,1);
INSERT INTO django_admin_log VALUES(82,'2022-02-07 06:05:33.868553','3','الشوكولاتة','[]',7,1,2);
INSERT INTO django_admin_log VALUES(83,'2022-02-07 06:05:39.169113','3','الشوكولاتة','[]',7,1,2);
INSERT INTO django_admin_log VALUES(84,'2022-02-07 06:05:48.461668','4','الشوكولاتة','[{"added": {}}]',7,1,1);
INSERT INTO django_admin_log VALUES(85,'2022-02-07 06:08:59.877854','3','ألواح الشوكولاتة','[]',10,1,2);
INSERT INTO django_admin_log VALUES(86,'2022-02-07 06:09:05.483769','3','ألواح الشوكولاتة','[{"changed": {"fields": ["Slugfiy"]}}]',10,1,2);
INSERT INTO django_admin_log VALUES(87,'2022-02-07 06:09:13.891808','3','ألواح الشوكولاتة','[{"changed": {"fields": ["Slugfiy"]}}]',10,1,2);
INSERT INTO django_admin_log VALUES(88,'2022-02-07 06:09:41.498676','4','ألواح الشوكولاتة','[{"added": {}}]',10,1,1);
INSERT INTO django_admin_log VALUES(89,'2022-02-07 06:10:10.851078','20','بقبقبق','[{"added": {}}]',11,1,1);
INSERT INTO django_admin_log VALUES(90,'2022-02-07 06:10:24.000261','21','ت','[{"added": {}}]',11,1,1);
INSERT INTO django_admin_log VALUES(91,'2022-02-07 06:10:30.675243','22','ت','[{"added": {}}]',11,1,1);
INSERT INTO django_admin_log VALUES(92,'2022-02-08 18:24:01.200928','2','helll-smsmsmhhhhhh-gge7p','[{"changed": {"fields": ["Name", "Slugfiy"]}}]',9,1,2);
INSERT INTO django_admin_log VALUES(93,'2022-02-08 19:59:49.451926','2','helll-smsmsmhhhhhh-gge7p','[{"changed": {"fields": ["Product"]}}]',9,1,2);
INSERT INTO django_admin_log VALUES(94,'2022-02-08 19:59:53.767391','1','منتج واحد','[{"changed": {"fields": ["Product"]}}]',9,1,2);
INSERT INTO django_admin_log VALUES(95,'2022-02-08 20:13:07.224023','2','helll-smsmsmhhhhhh-gge7p','[{"changed": {"fields": ["Product Vendor"]}}]',9,1,2);
INSERT INTO django_admin_log VALUES(96,'2022-02-08 20:15:08.800691','2','helll-smsmsmhhhhhh-gge7p','',9,1,3);
INSERT INTO django_admin_log VALUES(97,'2022-02-08 20:15:08.813629','1','منتج واحد','',9,1,3);
INSERT INTO django_admin_log VALUES(98,'2022-02-08 20:16:55.126786','1','HELLO','[{"added": {}}]',9,1,1);
INSERT INTO django_admin_log VALUES(99,'2022-02-08 20:40:17.337024','2','helll smsmsmhhhhhh','[{"added": {}}]',9,1,1);
INSERT INTO django_admin_log VALUES(100,'2022-02-08 20:41:54.143041','1','HELLO','[]',9,1,2);
INSERT INTO django_admin_log VALUES(101,'2022-02-08 20:46:35.666502','2','helll smsmsmhhhhhh','[{"changed": {"fields": ["Price"]}}]',9,1,2);
INSERT INTO django_admin_log VALUES(102,'2022-02-08 23:29:43.812156','22','ت','',11,1,3);
INSERT INTO django_admin_log VALUES(103,'2022-02-08 23:29:43.825119','21','ت','',11,1,3);
INSERT INTO django_admin_log VALUES(104,'2022-02-08 23:29:43.839063','20','بقبقبق','',11,1,3);
INSERT INTO django_admin_log VALUES(105,'2022-02-08 23:29:43.851034','19','بقبقبق','',11,1,3);
INSERT INTO django_admin_log VALUES(106,'2022-02-08 23:29:43.863996','18','بقبقبق','',11,1,3);
INSERT INTO django_admin_log VALUES(107,'2022-02-08 23:29:43.876961','17','بقبقبق','',11,1,3);
INSERT INTO django_admin_log VALUES(108,'2022-02-08 23:29:43.890923','16','بقبقبق','',11,1,3);
INSERT INTO django_admin_log VALUES(109,'2022-02-08 23:29:43.902895','15','إنشاءات وعقارات','',11,1,3);
INSERT INTO django_admin_log VALUES(110,'2022-02-08 23:29:43.916860','14','hhhhhhhhh','',11,1,3);
INSERT INTO django_admin_log VALUES(111,'2022-02-08 23:29:43.929853','13','سيارات','',11,1,3);
INSERT INTO django_admin_log VALUES(112,'2022-02-08 23:29:49.941522','4','منتجات الألبان والبيض','',8,1,3);
INSERT INTO django_admin_log VALUES(113,'2022-02-08 23:29:49.954589','3','منتجات الألبان والبيض','',8,1,3);
INSERT INTO django_admin_log VALUES(114,'2022-02-08 23:29:49.967467','2','الحلويات','',8,1,3);
INSERT INTO django_admin_log VALUES(115,'2022-02-08 23:29:49.981430','1','المؤن','',8,1,3);
INSERT INTO django_admin_log VALUES(116,'2022-02-08 23:30:25.633886','12','إنشاءات وعقارات','',11,1,3);
INSERT INTO django_admin_log VALUES(117,'2022-02-08 23:30:25.647821','11','الجمال والعطور','',11,1,3);
INSERT INTO django_admin_log VALUES(118,'2022-02-08 23:30:25.660787','10','أزياء وأكسسوارات','',11,1,3);
INSERT INTO django_admin_log VALUES(119,'2022-02-08 23:30:25.673752','9','الصحة والعناية الشخصية','',11,1,3);
INSERT INTO django_admin_log VALUES(120,'2022-02-08 23:30:25.687714','8','المنزل والحديقة والأثاث','',11,1,3);
INSERT INTO django_admin_log VALUES(121,'2022-02-08 23:30:25.700686','7','الكترونيات','',11,1,3);
INSERT INTO django_admin_log VALUES(122,'2022-02-08 23:30:25.714642','6','مستلزمات المكتب','',11,1,3);
INSERT INTO django_admin_log VALUES(123,'2022-02-08 23:30:25.727608','5','مأكولات بحرية طازجة','',11,1,3);
INSERT INTO django_admin_log VALUES(124,'2022-02-08 23:30:25.741733','4','hhhhhhhhh','',11,1,3);
INSERT INTO django_admin_log VALUES(125,'2022-02-08 23:30:25.756716','3','الملابس والجمال','',11,1,3);
INSERT INTO django_admin_log VALUES(126,'2022-02-08 23:30:32.186265','2','الألبان','',11,1,3);
INSERT INTO django_admin_log VALUES(127,'2022-02-08 23:30:32.201225','1','مأكولات ومشروبات','',11,1,3);
INSERT INTO django_admin_log VALUES(128,'2022-02-08 23:30:42.082721','23','Food & Beverage','[{"added": {}}]',11,1,1);
INSERT INTO django_admin_log VALUES(129,'2022-02-08 23:31:03.772231','5','Pantry','[{"added": {}}]',8,1,1);
INSERT INTO django_admin_log VALUES(130,'2022-02-08 23:31:13.569191','6','Beverages','[{"added": {}}]',8,1,1);
INSERT INTO django_admin_log VALUES(131,'2022-02-08 23:31:22.835948','7','Confectionery','[{"added": {}}]',8,1,1);
INSERT INTO django_admin_log VALUES(132,'2022-02-08 23:31:38.479695','5','Spices & Seasonings','[{"added": {}}]',7,1,1);
INSERT INTO django_admin_log VALUES(133,'2022-02-08 23:31:49.394821','6','Snacks','[{"added": {}}]',7,1,1);
INSERT INTO django_admin_log VALUES(134,'2022-02-08 23:32:27.835236','5','Chips','[{"added": {}}]',10,1,1);
INSERT INTO django_admin_log VALUES(135,'2022-02-08 23:32:44.193491','6','Crackers','[{"added": {}}]',10,1,1);
INSERT INTO django_admin_log VALUES(136,'2022-02-08 23:34:35.928024','3','Veggie Bites Khakhra 200 gr','[{"added": {}}]',9,1,1);
INSERT INTO django_admin_log VALUES(137,'2022-02-08 23:39:27.330141','4','Veggie Bites Khakhra 200 gr','[{"added": {}}]',12,1,1);
INSERT INTO django_admin_log VALUES(138,'2022-02-08 23:40:43.392907','24','Office & Stationery','[{"added": {}}]',11,1,1);
INSERT INTO django_admin_log VALUES(139,'2022-02-08 23:40:54.767745','25','Consumer Electronics','[{"added": {}}]',11,1,1);
INSERT INTO django_admin_log VALUES(140,'2022-02-08 23:41:03.822331','26','Home, Garden & Furniture','[{"added": {}}]',11,1,1);
INSERT INTO django_admin_log VALUES(141,'2022-02-08 23:41:16.073286','27','Health & Personal Care','[{"added": {}}]',11,1,1);
INSERT INTO django_admin_log VALUES(142,'2022-02-08 23:41:28.704555','28','Fashion & Accessories','[{"added": {}}]',11,1,1);
INSERT INTO django_admin_log VALUES(143,'2022-02-08 23:41:39.303433','29','Beauty & Fragrances','[{"added": {}}]',11,1,1);
INSERT INTO django_admin_log VALUES(144,'2022-02-08 23:41:50.389288','30','Construction & Hardware','[{"added": {}}]',11,1,1);
INSERT INTO django_admin_log VALUES(145,'2022-02-08 23:41:59.775685','31','Food & Beverage','[{"added": {}}]',11,1,1);
INSERT INTO django_admin_log VALUES(146,'2022-02-08 23:42:17.510885','31','Automotive','[{"changed": {"fields": ["Name", "Slugfiy"]}}]',11,1,2);
INSERT INTO django_admin_log VALUES(147,'2022-02-08 23:42:28.905352','32','Sports & Fitness','[{"added": {}}]',11,1,1);
INSERT INTO django_admin_log VALUES(148,'2022-02-08 23:42:39.330707','33','Toys','[{"added": {}}]',11,1,1);
INSERT INTO django_admin_log VALUES(149,'2022-02-08 23:42:50.460452','34','Baby Centre','[{"added": {}}]',11,1,1);
INSERT INTO django_admin_log VALUES(150,'2022-02-08 23:43:01.548761','35','Pet & Animal Care','[{"added": {}}]',11,1,1);
INSERT INTO django_admin_log VALUES(151,'2022-02-08 23:43:13.959172','36','Machinery & Equipment','[{"added": {}}]',11,1,1);
INSERT INTO django_admin_log VALUES(152,'2022-02-09 02:45:31.171710','4','Sunwhite Cracker Chips Black Pepper 90 gr','[{"added": {}}]',9,1,1);
INSERT INTO django_admin_log VALUES(153,'2022-02-09 02:47:11.961946','5','Popular Popcorn Creamy Caramel 27 gr','[{"added": {}}]',9,1,1);
INSERT INTO django_admin_log VALUES(154,'2022-02-09 02:48:22.235004','6','Amica Alfredo''s Black Truffle Potato Chips','[{"added": {}}]',9,1,1);
INSERT INTO django_admin_log VALUES(155,'2022-02-09 02:49:38.122693','7','Wheafree Gluten Free Namkeen Mixture 400 gr','[{"added": {}}]',9,1,1);
INSERT INTO django_admin_log VALUES(156,'2022-02-09 02:50:46.362536','6','Amica Alfredo''s Black Truffle Potato Chips','[{"changed": {"fields": ["Product Image"]}}]',9,1,2);
INSERT INTO django_admin_log VALUES(157,'2022-02-09 02:52:47.643279','8','Wheafree Gluten Free Cake Rusk Non Veg','[{"added": {}}]',9,1,1);
INSERT INTO django_admin_log VALUES(158,'2022-02-09 04:21:06.753460','8','Wheafree Gluten Free Cake Rusk Non Veg','[{"changed": {"fields": ["Discount"]}}]',9,1,2);
INSERT INTO django_admin_log VALUES(159,'2022-02-16 03:47:45.383311','3','Veggie Bites Khakhra 200 gr','[{"changed": {"fields": ["Product Image Sale"]}}]',9,1,2);
INSERT INTO django_admin_log VALUES(160,'2022-02-16 04:02:45.033533','4','Sunwhite Cracker Chips Black Pepper 90 gr','[{"changed": {"fields": ["Product Image Sale"]}}]',9,1,2);
INSERT INTO django_admin_log VALUES(161,'2022-02-16 04:53:05.133501','23','Food & Beverage','[{"changed": {"fields": ["Category Image"]}}]',11,1,2);
INSERT INTO django_admin_log VALUES(162,'2022-02-16 04:57:19.068702','23','Food & Beverage','[{"changed": {"fields": ["Category Image"]}}]',11,1,2);
INSERT INTO django_admin_log VALUES(163,'2022-02-16 07:14:17.734395','8','Wheafree Gluten Free Cake Rusk Non Veg','[{"changed": {"fields": ["Super Category"]}}]',9,1,2);
INSERT INTO django_admin_log VALUES(164,'2022-02-16 07:14:40.818430','8','Wheafree Gluten Free Cake Rusk Non Veg','[{"changed": {"fields": ["Super Category"]}}]',9,1,2);
INSERT INTO django_admin_log VALUES(165,'2022-02-16 07:15:18.184303','8','Wheafree Gluten Free Cake Rusk Non Veg','[{"changed": {"fields": ["Product Image Sale"]}}]',9,1,2);
INSERT INTO django_admin_log VALUES(166,'2022-02-16 07:15:55.364208','8','Wheafree Gluten Free Cake Rusk Non Veg','[{"changed": {"fields": ["Super Category"]}}]',9,1,2);
INSERT INTO django_admin_log VALUES(167,'2022-02-16 07:28:06.965463','8','Wheafree Gluten Free Cake Rusk Non Veg','[{"changed": {"fields": ["Main Category"]}}]',9,1,2);
INSERT INTO django_admin_log VALUES(168,'2022-02-16 07:57:51.545009','7','Wheafree Gluten Free Namkeen Mixture 400 gr','[{"changed": {"fields": ["Mini Category"]}}]',9,1,2);
INSERT INTO django_admin_log VALUES(169,'2022-02-16 07:58:01.038133','6','Amica Alfredo''s Black Truffle Potato Chips','[{"changed": {"fields": ["Sub Category"]}}]',9,1,2);
INSERT INTO django_admin_log VALUES(170,'2022-02-16 07:59:13.844149','7','Wheafree Gluten Free Namkeen Mixture 400 gr','[{"changed": {"fields": ["Mini Category"]}}]',9,1,2);
INSERT INTO django_admin_log VALUES(171,'2022-02-16 08:02:57.169460','8','Wheafree Gluten Free Cake Rusk Non Veg','[{"changed": {"fields": ["Sub Category"]}}]',9,1,2);
INSERT INTO django_admin_log VALUES(172,'2022-02-16 08:33:14.441171','7','Wheafree Gluten Free Namkeen Mixture 400 gr','[{"changed": {"fields": ["Product Image Sale"]}}]',9,1,2);
INSERT INTO django_admin_log VALUES(173,'2022-02-16 08:33:19.870023','6','Amica Alfredo''s Black Truffle Potato Chips','[{"changed": {"fields": ["Product Image Sale"]}}]',9,1,2);
INSERT INTO django_admin_log VALUES(174,'2022-02-16 08:33:24.571390','5','Popular Popcorn Creamy Caramel 27 gr','[{"changed": {"fields": ["Product Image Sale"]}}]',9,1,2);
INSERT INTO django_admin_log VALUES(175,'2022-02-16 08:54:54.787952','8','Wheafree Gluten Free Cake Rusk Non Veg','[{"changed": {"fields": ["Mini Category"]}}]',9,1,2);
INSERT INTO django_admin_log VALUES(176,'2022-02-16 09:26:38.389473','8','Wheafree Gluten Free Cake Rusk Non Veg','[{"changed": {"fields": ["Product Image Sale"]}}]',9,1,2);
INSERT INTO django_admin_log VALUES(177,'2022-02-16 09:26:42.504902','7','Wheafree Gluten Free Namkeen Mixture 400 gr','[{"changed": {"fields": ["Product Image Sale"]}}]',9,1,2);
INSERT INTO django_admin_log VALUES(178,'2022-02-16 09:26:47.316944','6','Amica Alfredo''s Black Truffle Potato Chips','[{"changed": {"fields": ["Product Image Sale"]}}]',9,1,2);
INSERT INTO django_admin_log VALUES(179,'2022-02-16 09:26:52.666481','5','Popular Popcorn Creamy Caramel 27 gr','[{"changed": {"fields": ["Product Image Sale"]}}]',9,1,2);
INSERT INTO django_admin_log VALUES(180,'2022-02-16 09:26:57.304845','4','Sunwhite Cracker Chips Black Pepper 90 gr','[{"changed": {"fields": ["Product Image Sale"]}}]',9,1,2);
INSERT INTO django_admin_log VALUES(181,'2022-02-17 03:37:45.411564','1','Don’t miss amazing grocery deals','[{"added": {}}]',19,1,1);
INSERT INTO django_admin_log VALUES(182,'2022-02-17 03:49:57.179706','2','Fresh Vegetables Big discount','[{"added": {}}]',19,1,1);
INSERT INTO django_admin_log VALUES(183,'2022-02-17 04:40:12.021086','1','Everyday Fresh & Clean with Our Products','[{"added": {}}]',20,1,1);
INSERT INTO django_admin_log VALUES(184,'2022-02-17 04:50:50.281803','1','Everyday Fresh & Clean with Our Products','[{"changed": {"fields": ["Image position"]}}]',20,1,2);
INSERT INTO django_admin_log VALUES(185,'2022-02-17 04:54:25.888291','2','The best Organic Products Online','[{"added": {}}]',20,1,1);
INSERT INTO django_admin_log VALUES(186,'2022-02-17 05:04:41.025362','2','The best Organic Products Online','',20,1,3);
INSERT INTO django_admin_log VALUES(187,'2022-02-17 05:05:08.053937','3','The best Organic Products Online','[{"added": {}}]',20,1,1);
INSERT INTO django_admin_log VALUES(188,'2022-02-17 05:20:38.861836','7','Confectionery','',8,1,3);
INSERT INTO django_admin_log VALUES(189,'2022-02-17 05:20:38.874801','6','Beverages','',8,1,3);
INSERT INTO django_admin_log VALUES(190,'2022-02-17 05:20:38.887795','5','Pantry','',8,1,3);
INSERT INTO django_admin_log VALUES(191,'2022-02-17 05:26:43.148973','8','Custard apple','[{"added": {}}]',8,1,1);
INSERT INTO django_admin_log VALUES(192,'2022-02-17 05:27:21.276087','9','Coffe & Tea','[{"added": {}}]',8,1,1);
INSERT INTO django_admin_log VALUES(193,'2022-02-17 05:27:53.996690','10','Cake & Milk','[{"added": {}}]',8,1,1);
INSERT INTO django_admin_log VALUES(194,'2022-02-17 05:28:46.269559','11','Oganic Kiwi','[{"added": {}}]',8,1,1);
INSERT INTO django_admin_log VALUES(195,'2022-02-17 05:29:27.170050','12','Peach','[{"added": {}}]',8,1,1);
INSERT INTO django_admin_log VALUES(196,'2022-02-17 05:30:01.792053','13','Red Apple','[{"added": {}}]',8,1,1);
INSERT INTO django_admin_log VALUES(197,'2022-02-17 05:30:35.923541','14','Snack','[{"added": {}}]',8,1,1);
INSERT INTO django_admin_log VALUES(198,'2022-02-17 05:31:09.550729','15','Vegetables','[{"added": {}}]',8,1,1);
INSERT INTO django_admin_log VALUES(199,'2022-02-17 05:31:35.976795','16','Strawberry','[{"added": {}}]',8,1,1);
INSERT INTO django_admin_log VALUES(200,'2022-02-17 06:34:57.964622','1','Everyday Fresh & Clean with Our Products','[{"added": {}}]',21,1,1);
INSERT INTO django_admin_log VALUES(201,'2022-02-17 06:35:58.878711','2','Make your Breakfast Healthy and Easy','[{"added": {}}]',21,1,1);
INSERT INTO django_admin_log VALUES(202,'2022-02-17 06:36:20.409100','3','The best Organic Products Online','[{"added": {}}]',21,1,1);
INSERT INTO django_admin_log VALUES(203,'2022-02-17 07:15:58.205521','9','Seeds of Change Organic Quinoa, Brown, & Red Rice','[{"added": {}}]',9,1,1);
INSERT INTO django_admin_log VALUES(204,'2022-02-17 07:16:31.399845','9','Seeds of Change Organic Quinoa, Brown, & Red Rice','[{"changed": {"fields": ["Product Image Sale"]}}]',9,1,2);
INSERT INTO django_admin_log VALUES(205,'2022-02-17 07:19:26.862795','10','Seeds of Change Organic Quinoa, Brown, & Red Rice','[{"added": {}}]',9,1,1);
INSERT INTO django_admin_log VALUES(206,'2022-02-17 07:20:22.517596','11','Angie’s Boomchickapop Sweet & Salty Kettle Corn','[{"added": {}}]',9,1,1);
INSERT INTO django_admin_log VALUES(207,'2022-02-17 07:21:28.248551','12','Foster Farms Takeout Crispy Classic Buffalo Wings','[{"added": {}}]',9,1,1);
INSERT INTO django_admin_log VALUES(208,'2022-02-17 07:22:21.558551','13','Blue Diamond Almonds Lightly Salted Vegetables','[{"added": {}}]',9,1,1);
INSERT INTO django_admin_log VALUES(209,'2022-02-17 07:23:35.266156','14','Chobani Complete Vanilla Greek Yogurt','[{"added": {}}]',9,1,1);
INSERT INTO django_admin_log VALUES(210,'2022-02-17 07:44:19.330377','14','Chobani Complete Vanilla Greek Yogurt','[{"changed": {"fields": ["Discount"]}}]',9,1,2);
INSERT INTO django_admin_log VALUES(211,'2022-02-17 08:37:29.082610','1','Everyday Fresh with Our Products','[{"added": {}}]',22,1,1);
INSERT INTO django_admin_log VALUES(212,'2022-02-17 08:38:22.717801','2','100% guaranteed all Fresh items','[{"added": {}}]',22,1,1);
INSERT INTO django_admin_log VALUES(213,'2022-02-17 08:38:44.651311','3','Special grocery sale off this month','[{"added": {}}]',22,1,1);
INSERT INTO django_admin_log VALUES(214,'2022-02-17 08:39:13.641225','4','Enjoy 15% OFF for all vegetable and fruit','[{"added": {}}]',22,1,1);
INSERT INTO django_admin_log VALUES(215,'2022-02-17 08:59:17.910559','4','Enjoy 15% OFF for all vegetable','[{"changed": {"fields": ["Title"]}}]',22,1,2);
INSERT INTO django_admin_log VALUES(216,'2022-02-17 09:19:01.157578','1','Bring nature into your home','[{"added": {}}]',23,1,1);
INSERT INTO django_admin_log VALUES(217,'2022-02-17 10:03:57.656702','11','Angie’s Boomchickapop Sweet & Salty Kettle Corn','[{"changed": {"fields": ["Product Vendor"]}}]',9,1,2);
INSERT INTO django_admin_log VALUES(218,'2022-02-18 00:44:39.779333','15','Canada Dry Ginger Ale – 2 L Bottle - 200ml - 400g','[{"added": {}}]',9,1,1);
INSERT INTO django_admin_log VALUES(219,'2022-02-18 00:45:37.081322','16','Encore Seafoods Stuffed Alaskan Salmon','[{"added": {}}]',9,1,1);
INSERT INTO django_admin_log VALUES(220,'2022-02-18 00:46:32.053142','17','Gorton’s Beer Battered Fish Fillets with soft paper','[{"added": {}}]',9,1,1);
INSERT INTO django_admin_log VALUES(221,'2022-02-18 00:47:15.795772','18','Haagen-Dazs Caramel Cone Ice Cream Ketchup','[{"added": {}}]',9,1,1);
INSERT INTO django_admin_log VALUES(222,'2022-02-18 01:14:20.224805','1','Seeds of Change Organic Quinoa, Brown, & Red Rice','[{"added": {}}]',24,1,1);
INSERT INTO django_admin_log VALUES(223,'2022-02-18 01:15:03.959737','2','Perdue Simply Smart Organics Gluten Free','[{"added": {}}]',24,1,1);
INSERT INTO django_admin_log VALUES(224,'2022-02-18 01:15:41.322769','3','Signature Wood-Fired Mushroom and Caramelized','[{"added": {}}]',24,1,1);
INSERT INTO django_admin_log VALUES(225,'2022-02-18 01:16:15.954085','4','Simply Lemonade with Raspberry Juice','[{"added": {}}]',24,1,1);
INSERT INTO django_admin_log VALUES(226,'2022-02-18 01:32:06.023013','4','Simply Lemonade with Raspberry Juice','[{"changed": {"fields": ["Price", "Discount"]}}]',24,1,2);
INSERT INTO django_admin_log VALUES(227,'2022-02-18 01:32:16.680304','3','Signature Wood-Fired Mushroom and Caramelized','[{"changed": {"fields": ["Price", "Discount"]}}]',24,1,2);
INSERT INTO django_admin_log VALUES(228,'2022-02-18 01:32:22.156953','2','Perdue Simply Smart Organics Gluten Free','[{"changed": {"fields": ["Price", "Discount"]}}]',24,1,2);
INSERT INTO django_admin_log VALUES(229,'2022-02-18 01:32:28.880068','1','Seeds of Change Organic Quinoa, Brown, & Red Rice','[{"changed": {"fields": ["Price", "Discount"]}}]',24,1,2);
INSERT INTO django_admin_log VALUES(230,'2022-02-18 03:01:42.407893','2','selem','[{"changed": {"fields": ["Image"]}}]',13,1,2);
INSERT INTO django_admin_log VALUES(231,'2022-02-18 03:02:39.136535','1','test3','[{"changed": {"fields": ["Image"]}}]',13,1,2);
INSERT INTO django_admin_log VALUES(232,'2022-02-18 03:52:23.527862','18','Haagen-Dazs Caramel Cone Ice Cream Ketchup','[{"changed": {"fields": ["Available"]}}]',9,1,2);
INSERT INTO django_admin_log VALUES(233,'2022-02-18 09:36:17.805428','17','Gorton’s Beer Battered Fish Fillets with soft paper','[{"changed": {"fields": ["Available"]}}]',9,1,2);
INSERT INTO django_admin_log VALUES(234,'2022-02-18 10:17:27.930820','30','30','[{"changed": {"fields": ["Is finished"]}}]',15,1,2);
INSERT INTO django_admin_log VALUES(235,'2022-02-18 10:21:18.616281','30','30','[{"changed": {"fields": ["Is finished"]}}]',15,1,2);
INSERT INTO django_admin_log VALUES(236,'2022-02-18 10:27:51.261307','31','31','[{"changed": {"fields": ["Is finished"]}}]',15,1,2);
INSERT INTO django_admin_log VALUES(237,'2022-02-18 10:36:33.023075','31','31','[{"changed": {"fields": ["Is finished"]}}]',15,1,2);
INSERT INTO django_admin_log VALUES(238,'2022-02-18 10:40:21.001466','31','31','[{"changed": {"fields": ["Is finished"]}}]',15,1,2);
INSERT INTO django_admin_log VALUES(239,'2022-02-18 10:41:10.298879','31','31','[{"changed": {"fields": ["Is finished"]}}]',15,1,2);
INSERT INTO django_admin_log VALUES(240,'2022-02-18 11:08:24.115942','38','38','[{"changed": {"fields": ["Amount", "Is finished"]}}]',15,1,2);
INSERT INTO django_admin_log VALUES(241,'2022-02-18 11:11:42.859543','39','39','[{"changed": {"fields": ["Amount", "Is finished"]}}]',15,1,2);
INSERT INTO django_admin_log VALUES(242,'2022-02-18 11:12:34.025469','39','39','[{"changed": {"fields": ["Is finished"]}}]',15,1,2);
INSERT INTO django_admin_log VALUES(243,'2022-02-18 11:15:42.558854','41','41','[{"changed": {"fields": ["Amount", "Is finished", "Status"]}}]',15,1,2);
INSERT INTO django_admin_log VALUES(244,'2022-02-19 02:34:35.112610','41','41','[{"changed": {"fields": ["Coupon"]}}]',15,1,2);
INSERT INTO django_admin_log VALUES(245,'2022-02-19 02:35:25.988229','41','41','[{"changed": {"fields": ["Is finished"]}}]',15,1,2);
INSERT INTO django_admin_log VALUES(246,'2022-02-19 02:35:41.031816','41','41','[{"changed": {"fields": ["Is finished"]}}]',15,1,2);
INSERT INTO django_admin_log VALUES(247,'2022-02-19 02:52:04.665874','41','41','[{"changed": {"fields": ["Is finished"]}}]',15,1,2);
INSERT INTO django_admin_log VALUES(248,'2022-02-19 02:52:22.938384','41','41','[{"changed": {"fields": ["Status"]}}]',15,1,2);
INSERT INTO django_admin_log VALUES(249,'2022-02-19 02:53:05.529807','41','41','[{"changed": {"fields": ["Is finished", "Status"]}}]',15,1,2);
INSERT INTO django_admin_log VALUES(250,'2022-02-19 02:59:55.684548','41','41','[{"changed": {"fields": ["Is finished", "Status"]}}]',15,1,2);
INSERT INTO django_admin_log VALUES(251,'2022-02-19 03:04:17.834535','41','41','[{"changed": {"fields": ["Is finished"]}}]',15,1,2);
INSERT INTO django_admin_log VALUES(252,'2022-02-19 03:05:25.576096','41','41','[{"changed": {"fields": ["Is finished"]}}]',15,1,2);
INSERT INTO django_admin_log VALUES(253,'2022-02-19 04:13:03.633857','1','selem','[{"changed": {"fields": ["First name", "Last name"]}}]',4,1,2);
INSERT INTO django_admin_log VALUES(254,'2022-02-19 04:17:21.234759','2','selem','[{"changed": {"fields": ["Mobile number", "Address", "City", "Post code", "Country", "State"]}}]',13,1,2);
INSERT INTO django_admin_log VALUES(255,'2022-02-19 07:58:07.929676','18','Haagen-Dazs Caramel Cone Ice Cream Ketchup','[{"changed": {"fields": ["SET WEIGHT_KG"]}}]',9,1,2);
INSERT INTO django_admin_log VALUES(256,'2022-02-20 08:23:21.830546','2','selem','[]',13,1,2);
INSERT INTO django_admin_log VALUES(257,'2022-02-20 08:23:26.207454','2','selem','[]',13,1,2);
INSERT INTO django_admin_log VALUES(258,'2022-02-20 08:23:30.877471','2','selem','[]',13,1,2);
INSERT INTO django_admin_log VALUES(259,'2022-02-20 08:23:35.663733','2','selem','[]',13,1,2);
INSERT INTO django_admin_log VALUES(260,'2022-02-20 08:23:39.364937','2','selem','[]',13,1,2);
INSERT INTO django_admin_log VALUES(261,'2022-02-20 08:23:43.110821','2','selem','[]',13,1,2);
INSERT INTO django_admin_log VALUES(262,'2022-02-20 08:23:53.779677','36','Machinery & Equipment','[]',11,1,2);
INSERT INTO django_admin_log VALUES(263,'2022-02-20 08:23:56.997527','36','Machinery & Equipment','[]',11,1,2);
INSERT INTO django_admin_log VALUES(264,'2022-02-20 08:24:06.691815','36','Machinery & Equipment','[]',11,1,2);
INSERT INTO django_admin_log VALUES(265,'2022-02-20 08:24:12.238019','16','Strawberry','[]',8,1,2);
INSERT INTO django_admin_log VALUES(266,'2022-02-20 08:24:20.864651','2','selem','[]',13,1,2);
INSERT INTO django_admin_log VALUES(267,'2022-02-20 08:24:43.894006','2','selem','[{"changed": {"fields": ["Slugfiy"]}}]',13,1,2);
INSERT INTO django_admin_log VALUES(268,'2022-02-20 08:24:46.651052','2','selem','[]',13,1,2);
INSERT INTO django_admin_log VALUES(269,'2022-02-20 08:24:49.566563','2','selem','[]',13,1,2);
INSERT INTO django_admin_log VALUES(270,'2022-02-20 10:54:37.784559','2','selem','[{"changed": {"fields": ["Status"]}}]',13,1,2);
INSERT INTO django_admin_log VALUES(271,'2022-02-22 12:22:53.588001','1','1','[{"added": {}}]',25,1,1);
INSERT INTO django_admin_log VALUES(272,'2022-02-22 12:36:19.922147','1','Save 17% on Oganic Juice','[{"added": {}}]',26,1,1);
INSERT INTO django_admin_log VALUES(273,'2022-02-26 15:25:32.988381','1','http://127.0.0.1:8000/product-details/wheafree-gluten-free-namkeen-mixture-400-gr','[{"added": {}}]',27,1,1);
INSERT INTO django_admin_log VALUES(274,'2022-02-26 15:32:56.110858','2','30','[{"added": {}}]',27,1,1);
INSERT INTO django_admin_log VALUES(275,'2022-02-26 15:33:04.837087','3','50','[{"added": {}}]',27,1,1);
INSERT INTO django_admin_log VALUES(276,'2022-02-27 10:17:32.066856','2','selem','[{"changed": {"fields": ["Status"]}}]',13,1,2);
INSERT INTO django_admin_log VALUES(277,'2022-02-27 10:25:02.282332','2','selem','[{"changed": {"fields": ["Status"]}}]',13,1,2);
INSERT INTO django_admin_log VALUES(278,'2022-02-28 16:02:11.257136','9','11111111','',12,1,3);
INSERT INTO django_admin_log VALUES(279,'2022-02-28 16:02:11.267110','8','11111111','',12,1,3);
INSERT INTO django_admin_log VALUES(280,'2022-02-28 16:02:11.278080','7','11111111','',12,1,3);
INSERT INTO django_admin_log VALUES(281,'2022-02-28 16:02:11.288053','6','11111111','',12,1,3);
INSERT INTO django_admin_log VALUES(282,'2022-02-28 16:02:11.298028','5','yyyyyyyyyy','',12,1,3);
INSERT INTO django_admin_log VALUES(283,'2022-02-28 16:08:56.568211','60','60','',15,1,3);
INSERT INTO django_admin_log VALUES(284,'2022-02-28 16:08:56.581176','59','59','',15,1,3);
INSERT INTO django_admin_log VALUES(285,'2022-02-28 16:08:56.595138','57','57','',15,1,3);
INSERT INTO django_admin_log VALUES(286,'2022-02-28 16:08:56.618078','55','55','',15,1,3);
INSERT INTO django_admin_log VALUES(287,'2022-02-28 16:08:56.631044','54','54','',15,1,3);
INSERT INTO django_admin_log VALUES(288,'2022-02-28 16:08:56.644008','38','38','',15,1,3);
INSERT INTO django_admin_log VALUES(289,'2022-02-28 16:08:56.656974','23','23','',15,1,3);
INSERT INTO django_admin_log VALUES(290,'2022-02-28 16:08:56.669939','21','21','',15,1,3);
INSERT INTO django_admin_log VALUES(291,'2022-02-28 16:08:56.682904','20','20','',15,1,3);
INSERT INTO django_admin_log VALUES(292,'2022-02-28 16:08:56.695870','19','19','',15,1,3);
INSERT INTO django_admin_log VALUES(293,'2022-02-28 16:09:00.492945','18','18','',15,1,3);
INSERT INTO django_admin_log VALUES(294,'2022-02-28 16:09:00.507905','17','17','',15,1,3);
INSERT INTO django_admin_log VALUES(295,'2022-02-28 16:09:00.525857','16','16','',15,1,3);
INSERT INTO django_admin_log VALUES(296,'2022-02-28 16:09:00.541814','15','15','',15,1,3);
INSERT INTO django_admin_log VALUES(297,'2022-02-28 16:09:00.555777','14','14','',15,1,3);
INSERT INTO django_admin_log VALUES(298,'2022-02-28 16:09:00.569739','13','13','',15,1,3);
INSERT INTO django_admin_log VALUES(299,'2022-02-28 16:09:00.582705','12','12','',15,1,3);
INSERT INTO django_admin_log VALUES(300,'2022-02-28 16:09:00.594673','11','11','',15,1,3);
INSERT INTO django_admin_log VALUES(301,'2022-02-28 16:09:00.607641','10','10','',15,1,3);
INSERT INTO django_admin_log VALUES(302,'2022-02-28 16:09:00.619605','9','9','',15,1,3);
INSERT INTO django_admin_log VALUES(303,'2022-02-28 16:09:06.455246','8','8','',15,1,3);
INSERT INTO django_admin_log VALUES(304,'2022-02-28 16:09:06.466216','7','7','',15,1,3);
INSERT INTO django_admin_log VALUES(305,'2022-02-28 16:09:06.477187','6','6','',15,1,3);
INSERT INTO django_admin_log VALUES(306,'2022-02-28 16:09:06.488157','5','5','',15,1,3);
INSERT INTO django_admin_log VALUES(307,'2022-02-28 16:09:06.499129','4','4','',15,1,3);
INSERT INTO django_admin_log VALUES(308,'2022-02-28 16:09:40.848901','23','1111111','[{"changed": {"fields": ["Name", "Full Description"]}}]',9,1,2);
INSERT INTO django_admin_log VALUES(309,'2022-02-28 16:10:57.315635','27','11111111','',9,1,3);
INSERT INTO django_admin_log VALUES(310,'2022-02-28 16:10:57.333587','26','yyyyyyyyyy','',9,1,3);
INSERT INTO django_admin_log VALUES(311,'2022-02-28 16:10:57.341565','25','rrrrrrrrrrrrrrrrrrrrrrrrrr','',9,1,3);
INSERT INTO django_admin_log VALUES(312,'2022-02-28 16:10:57.348546','24','tttt','',9,1,3);
INSERT INTO django_admin_log VALUES(313,'2022-02-28 16:10:57.356525','23','1111111','',9,1,3);
INSERT INTO django_admin_log VALUES(314,'2022-02-28 16:10:57.364504','22','helll smsmsm','',9,1,3);
INSERT INTO django_admin_log VALUES(315,'2022-02-28 16:10:57.370488','21','helll smsmsmfref','',9,1,3);
INSERT INTO django_admin_log VALUES(316,'2022-02-28 16:10:57.375475','20','helll smsmsmhhhhhh','',9,1,3);
INSERT INTO django_admin_log VALUES(317,'2022-02-28 16:10:57.381458','19','freeeee','',9,1,3);
INSERT INTO django_admin_log VALUES(318,'2022-02-28 16:24:34.314692','28','helll smsmsmhhhhhh','',9,1,3);
INSERT INTO django_admin_log VALUES(319,'2022-02-28 16:25:39.581891','29','helll smsmsmhhhhhh','',9,1,3);
INSERT INTO django_admin_log VALUES(320,'2022-02-28 16:26:25.766991','30','helll smsmsmhhhhhh','[{"changed": {"fields": ["Product Image", "Full Description"]}}]',9,1,2);
INSERT INTO django_admin_log VALUES(321,'2022-02-28 16:27:05.698807','21','helll smsmsmhhhhhh','',12,1,3);
INSERT INTO django_admin_log VALUES(322,'2022-02-28 16:27:05.709778','20','helll smsmsmhhhhhh','',12,1,3);
INSERT INTO django_admin_log VALUES(323,'2022-02-28 16:27:05.720748','19','helll smsmsmhhhhhh','',12,1,3);
INSERT INTO django_admin_log VALUES(324,'2022-02-28 16:28:01.617077','18','helll smsmsmhhhhhh','',12,1,3);
INSERT INTO django_admin_log VALUES(325,'2022-02-28 16:31:44.819895','31','helll smsmsmhhhhhh','',9,1,3);
INSERT INTO django_admin_log VALUES(326,'2022-02-28 16:31:44.831862','30','helll smsmsmhhhhhh','',9,1,3);
INSERT INTO django_admin_log VALUES(327,'2022-02-28 16:32:44.233778','32','helll smsmsmhhhhhh','',9,1,3);
INSERT INTO django_admin_log VALUES(328,'2022-02-28 16:55:00.755779','33','helll smsmsmhhhhhh','',9,1,3);
INSERT INTO django_admin_log VALUES(329,'2022-02-28 17:02:50.872874','35','','',9,1,3);
INSERT INTO django_admin_log VALUES(330,'2022-02-28 17:07:01.297270','34','helll smsmsmhhhhhh','',9,1,3);
INSERT INTO django_admin_log VALUES(331,'2022-02-28 17:08:39.506464','36','helll smsmsmhhhhhh','[{"changed": {"fields": ["Full Description", "Discount", "Sale"]}}]',9,1,2);
INSERT INTO django_admin_log VALUES(332,'2022-02-28 17:08:58.616932','36','helll smsmsmhhhhhh','[{"changed": {"fields": ["Discount"]}}]',9,1,2);
INSERT INTO django_admin_log VALUES(333,'2022-02-28 17:40:09.136191','36','helll smsmsmhhhhhh','',9,1,3);
INSERT INTO django_admin_log VALUES(334,'2022-02-28 20:02:56.901401','7','Fresh Fruits','[{"added": {}}]',7,1,1);
INSERT INTO django_admin_log VALUES(335,'2022-02-28 20:03:13.572899','7','Tropical Fruits','[{"added": {}}]',10,1,1);
INSERT INTO django_admin_log VALUES(336,'2022-02-28 20:09:31.931978','8','Fresh Fruits','[{"added": {}}]',7,1,1);
INSERT INTO django_admin_log VALUES(337,'2022-02-28 20:09:56.895896','8','test','[{"changed": {"fields": ["Name"]}}]',7,1,2);
INSERT INTO django_admin_log VALUES(338,'2022-02-28 20:10:45.809790','8','red apples','[{"added": {}}]',10,1,1);
INSERT INTO django_admin_log VALUES(339,'2022-02-28 20:11:00.047915','8','Red Apples','[{"changed": {"fields": ["Name"]}}]',10,1,2);
INSERT INTO django_admin_log VALUES(340,'2022-02-28 20:12:08.874464','7','Fresh Fruits','[{"changed": {"fields": ["Main category"]}}]',7,1,2);
INSERT INTO django_admin_log VALUES(341,'2022-02-28 20:12:24.390335','8','test','[{"changed": {"fields": ["Main category"]}}]',7,1,2);
INSERT INTO django_admin_log VALUES(342,'2022-02-28 21:31:24.934052','9','apple tea','[{"added": {}}]',7,1,1);
INSERT INTO django_admin_log VALUES(343,'2022-02-28 21:31:58.158112','9','Herbal Tea','[{"added": {}}]',10,1,1);
INSERT INTO django_admin_log VALUES(344,'2022-02-28 21:49:07.668168','16','Strawberry','[{"changed": {"fields": ["Super category"]}}]',8,1,2);
INSERT INTO django_admin_log VALUES(345,'2022-02-28 22:50:58.740589','9','apple tea','[{"changed": {"fields": ["Main category"]}}]',7,1,2);
INSERT INTO django_admin_log VALUES(346,'2022-02-28 22:58:32.493707','10','test2','[{"added": {}}]',10,1,1);
INSERT INTO django_admin_log VALUES(347,'2022-02-28 22:59:05.514547','10','testsub','[{"added": {}}]',7,1,1);
INSERT INTO django_admin_log VALUES(348,'2022-02-28 22:59:33.169934','11','test3sub','[{"added": {}}]',10,1,1);
INSERT INTO django_admin_log VALUES(349,'2022-02-28 23:21:06.080810','37','helll smsmsmhhhhhh','[{"changed": {"fields": ["Product Image", "Full Description"]}}]',9,1,2);
INSERT INTO django_admin_log VALUES(350,'2022-02-28 23:23:30.732792','37','helll smsmsmhhhhhh','',9,1,3);
INSERT INTO django_admin_log VALUES(351,'2022-02-28 23:29:05.547206','38','helll smsmsmhhhhhh','',9,1,3);
INSERT INTO django_admin_log VALUES(352,'2022-02-28 23:34:46.561187','39','helll smsmsmhhhhhh','[{"changed": {"fields": ["Mini Category", "Full Description"]}}]',9,1,2);
INSERT INTO django_admin_log VALUES(353,'2022-02-28 23:35:15.438100','39','helll smsmsmhhhhhh','[{"changed": {"fields": ["Mini Category"]}}]',9,1,2);
INSERT INTO django_admin_log VALUES(354,'2022-02-28 23:44:39.795756','39','helll smsmsmhhhhhh','',9,1,3);
INSERT INTO django_admin_log VALUES(355,'2022-02-28 23:51:27.629298','40','helll smsmsmhhhhhh','',9,1,3);
INSERT INTO django_admin_log VALUES(356,'2022-02-28 23:57:34.973081','41','helll smsmsmhhhhhh','',9,1,3);
INSERT INTO django_admin_log VALUES(357,'2022-03-01 00:02:04.556413','42','helll smsmsmhhhhhh','',9,1,3);
INSERT INTO django_admin_log VALUES(358,'2022-03-01 00:03:58.503923','43','helll smsmsmhhhhhh','',9,1,3);
INSERT INTO django_admin_log VALUES(359,'2022-03-01 00:13:08.712897','44','helll smsmsmhhhhhh','',9,1,3);
INSERT INTO django_admin_log VALUES(360,'2022-03-01 00:15:06.093152','45','helll smsmsmhhhhhh','',9,1,3);
INSERT INTO django_admin_log VALUES(361,'2022-03-01 00:17:11.374360','46','helll smsmsmhhhhhh','',9,1,3);
INSERT INTO django_admin_log VALUES(362,'2022-03-01 00:22:10.083310','47','helll smsmsmhhhhhh','',9,1,3);
INSERT INTO django_admin_log VALUES(363,'2022-03-01 00:34:53.403825','48','helll smsmsmhhhhhh','',9,1,3);
INSERT INTO django_admin_log VALUES(364,'2022-03-01 00:41:43.945483','49','helll smsmsmhhhhhh','',9,1,3);
INSERT INTO django_admin_log VALUES(365,'2022-03-01 01:32:49.813951','50','helll smsmsmhhhhhh','',9,1,3);
INSERT INTO django_admin_log VALUES(366,'2022-03-01 01:33:18.350126','51','helll smsmsmhhhhhh','',9,1,3);
INSERT INTO django_admin_log VALUES(367,'2022-03-01 01:46:47.900339','52','helll smsmsmhhhhhh','',9,1,3);
INSERT INTO django_admin_log VALUES(368,'2022-03-01 01:49:35.232305','53','helll smsmsmhhhhhh','',9,1,3);
INSERT INTO django_admin_log VALUES(369,'2022-03-01 01:53:48.833463','54','helll smsmsmhhhhhh','',9,1,3);
INSERT INTO django_admin_log VALUES(370,'2022-03-01 01:56:19.784270','55','helll smsmsmhhhhhh','',9,1,3);
INSERT INTO django_admin_log VALUES(371,'2022-03-01 14:07:22.370312','56','helll smsmsmhhhhhh','[{"changed": {"fields": ["Full Description", "Slugfiy"]}}]',9,1,2);
INSERT INTO django_admin_log VALUES(372,'2022-03-01 14:11:22.074133','56','helll smsmsmhhhhhh','',9,1,3);
INSERT INTO django_admin_log VALUES(373,'2022-03-01 14:17:09.215910','57','11','',9,1,3);
INSERT INTO django_admin_log VALUES(374,'2022-03-01 14:18:03.030634','58','helll smsmsmhhhhhh','',9,1,3);
INSERT INTO django_admin_log VALUES(375,'2022-03-01 14:53:15.781007','60','helll smsmsmhhhhhh','[{"changed": {"fields": ["Full Description", "Discount"]}}]',9,1,2);
INSERT INTO django_admin_log VALUES(376,'2022-03-01 15:22:48.296131','60','helll smsmsmhhhhhh','',9,1,3);
INSERT INTO django_admin_log VALUES(377,'2022-03-01 15:22:48.309096','59','helll smsmsmhhhhhh','',9,1,3);
INSERT INTO django_admin_log VALUES(378,'2022-03-01 15:32:07.042021','61','helll smsmsmhhhhhh','',9,1,3);
INSERT INTO django_admin_log VALUES(379,'2022-03-01 15:34:04.238586','62','helll smsmsmhhhhhh','',9,1,3);
INSERT INTO django_admin_log VALUES(380,'2022-03-01 17:36:36.781545','18','Haagen-Dazs Caramel Cone Ice Cream Ketchup','[{"changed": {"fields": ["Promotional", "PRDISactive"]}}]',9,1,2);
INSERT INTO django_admin_log VALUES(381,'2022-03-01 17:39:13.945926','18','Haagen-Dazs Caramel Cone Ice Cream Ketchup','[{"changed": {"fields": ["PRDISactive"]}}]',9,1,2);
INSERT INTO django_admin_log VALUES(382,'2022-03-01 17:39:18.330216','18','Haagen-Dazs Caramel Cone Ice Cream Ketchup','[{"changed": {"fields": ["PRDISactive"]}}]',9,1,2);
INSERT INTO django_admin_log VALUES(383,'2022-03-01 17:46:02.796293','63','helll smsmsmhhhhhh','',9,1,3);
INSERT INTO django_admin_log VALUES(384,'2022-03-01 17:48:09.229056','64','helll smsmsmhhhhhh','',9,1,3);
INSERT INTO django_admin_log VALUES(385,'2022-03-01 17:59:46.617213','65','helll smsmsmhhhhhh','',9,1,3);
INSERT INTO django_admin_log VALUES(386,'2022-03-01 18:01:38.457458','66','helll smsmsmhhhhhh','',9,1,3);
INSERT INTO django_admin_log VALUES(387,'2022-03-01 21:23:38.358907','67','helll smsmsmhhhhhh','[{"changed": {"fields": ["Full Description", "PRDISactive"]}}]',9,1,2);
INSERT INTO django_admin_log VALUES(388,'2022-03-01 21:33:25.041867','67','helll smsmsmhhhhhh','[{"changed": {"fields": ["Product Deleted"]}}]',9,1,2);
INSERT INTO django_admin_log VALUES(389,'2022-03-01 21:33:33.618559','67','helll smsmsmhhhhhh','[{"changed": {"fields": ["Product Deleted"]}}]',9,1,2);
INSERT INTO django_admin_log VALUES(390,'2022-03-01 22:30:55.248453','67','helll smsmsmhhhhhh','[{"changed": {"fields": ["PRDISactive"]}}]',9,1,2);
INSERT INTO django_admin_log VALUES(391,'2022-03-01 22:35:34.990675','18','Haagen-Dazs Caramel Cone Ice Cream Ketchup','[{"changed": {"fields": ["PRDISactive"]}}]',9,1,2);
INSERT INTO django_admin_log VALUES(392,'2022-03-01 22:38:28.497184','17','Gorton’s Beer Battered Fish Fillets with soft paper','[]',9,1,2);
INSERT INTO django_admin_log VALUES(393,'2022-03-01 22:40:25.262174','18','Haagen-Dazs Caramel Cone Ice Cream Ketchup','[{"changed": {"fields": ["Product Image"]}}]',9,1,2);
INSERT INTO django_admin_log VALUES(394,'2022-03-01 22:40:39.130278','18','Haagen-Dazs Caramel Cone Ice Cream Ketchup','[{"changed": {"fields": ["PRDISactive", "Product Deleted"]}}]',9,1,2);
INSERT INTO django_admin_log VALUES(395,'2022-03-01 22:40:52.126063','18','Haagen-Dazs Caramel Cone Ice Cream Ketchup','[{"changed": {"fields": ["Product Deleted"]}}]',9,1,2);
INSERT INTO django_admin_log VALUES(396,'2022-03-01 22:41:24.455671','18','Haagen-Dazs Caramel Cone Ice Cream Ketchup','[]',9,1,2);
INSERT INTO django_admin_log VALUES(397,'2022-03-01 22:48:58.513461','18','Haagen-Dazs Caramel Cone Ice Cream Ketchup','[{"changed": {"fields": ["Product Deleted"]}}]',9,1,2);
INSERT INTO django_admin_log VALUES(398,'2022-03-01 22:50:32.304903','18','Haagen-Dazs Caramel Cone Ice Cream Ketchup','[{"changed": {"fields": ["Product Deleted"]}}]',9,1,2);
INSERT INTO django_admin_log VALUES(399,'2022-03-01 22:52:16.918467','18','Haagen-Dazs Caramel Cone Ice Cream Ketchup','[{"changed": {"fields": ["Product Deleted"]}}]',9,1,2);
INSERT INTO django_admin_log VALUES(400,'2022-03-01 23:32:18.060545','19','helll smsmsmhhhhhh','[{"changed": {"fields": ["Full Description", "Promotional"]}}]',9,1,2);
INSERT INTO django_admin_log VALUES(401,'2022-03-01 23:33:03.785351','19','helll smsmsmhhhhhh','[{"changed": {"fields": ["Promotional"]}}]',9,1,2);
INSERT INTO django_admin_log VALUES(402,'2022-03-01 23:34:59.339661','19','helll smsmsmhhhhhh','[{"changed": {"fields": ["Discount"]}}]',9,1,2);
INSERT INTO django_admin_log VALUES(403,'2022-03-01 23:35:09.624886','19','helll smsmsmhhhhhh','[{"changed": {"fields": ["Discount"]}}]',9,1,2);
INSERT INTO django_admin_log VALUES(404,'2022-03-01 23:42:33.637059','19','helll smsmsmhhhhhh','[{"changed": {"fields": ["PRDISactive"]}}]',9,1,2);
INSERT INTO django_admin_log VALUES(405,'2022-03-01 23:58:50.146957','2','helll smsmsmhhhhhh','[{"added": {}}]',12,1,1);
INSERT INTO django_admin_log VALUES(406,'2022-03-02 00:22:07.726409','3','helll smsmsmhhhhhh','[{"added": {}}]',12,1,1);
INSERT INTO django_admin_log VALUES(407,'2022-03-02 00:26:53.261176','4','helll smsmsmhhhhhh','[{"added": {}}]',12,1,1);
INSERT INTO django_admin_log VALUES(408,'2022-03-02 00:28:47.341357','4','helll smsmsmhhhhhh','',12,1,3);
INSERT INTO django_admin_log VALUES(409,'2022-03-02 00:28:47.352333','3','helll smsmsmhhhhhh','',12,1,3);
INSERT INTO django_admin_log VALUES(410,'2022-03-02 00:28:47.364296','2','helll smsmsmhhhhhh','',12,1,3);
INSERT INTO django_admin_log VALUES(411,'2022-03-02 00:28:47.374274','1','helll smsmsmhhhhhh','',12,1,3);
INSERT INTO django_admin_log VALUES(412,'2022-03-02 00:30:04.761796','5','helll smsmsmhhhhhh','[{"added": {}}]',12,1,1);
INSERT INTO django_admin_log VALUES(413,'2022-03-02 01:18:30.260965','19','helll smsmsmhhhhhh','',9,1,3);
INSERT INTO django_admin_log VALUES(414,'2022-03-02 02:22:12.455644','18','Haagen-Dazs Caramel Cone Ice Cream Ketchup','[{"changed": {"fields": ["Mini Category", "Sub Category"]}}]',9,1,2);
INSERT INTO django_admin_log VALUES(415,'2022-03-02 02:53:43.090792','24','helll smsmsmhhhhhh','',9,1,3);
INSERT INTO django_admin_log VALUES(416,'2022-03-02 02:53:43.101768','23','helll smsmsmhhhhhh 4','',9,1,3);
INSERT INTO django_admin_log VALUES(417,'2022-03-02 02:53:43.113485','22','helll smsmsmhhhhhh 3','',9,1,3);
INSERT INTO django_admin_log VALUES(418,'2022-03-02 02:53:43.124457','21','helll smsmsmhhhhhh2','',9,1,3);
INSERT INTO django_admin_log VALUES(419,'2022-03-02 02:53:43.135432','20','helll smsmsmhhhhhh','',9,1,3);
INSERT INTO django_admin_log VALUES(420,'2022-03-02 02:57:03.792571','9','Seeds of Change Organic Quinoa, Brown, & Red Rice','[{"added": {}}]',12,1,1);
INSERT INTO django_admin_log VALUES(421,'2022-03-02 03:03:42.727429','10','helll smsmsmhhhhhh','[{"added": {}}]',12,1,1);
INSERT INTO django_admin_log VALUES(422,'2022-03-02 03:52:54.691346','12','helll smsmsmhhhhhh1','[{"added": {}}]',12,1,1);
INSERT INTO django_admin_log VALUES(423,'2022-03-02 03:53:00.771080','13','helll smsmsmhhhhhh1','[{"added": {}}]',12,1,1);
INSERT INTO django_admin_log VALUES(424,'2022-03-02 03:53:10.022762','14','helll smsmsmhhhhhh1','[{"added": {}}]',12,1,1);
INSERT INTO django_admin_log VALUES(425,'2022-03-02 03:55:30.131042','8','helll smsmsmhhhhhh','',12,1,3);
INSERT INTO django_admin_log VALUES(426,'2022-03-02 03:55:30.145005','9','Seeds of Change Organic Quinoa, Brown, & Red Rice','',12,1,3);
INSERT INTO django_admin_log VALUES(427,'2022-03-02 03:55:30.156973','10','helll smsmsmhhhhhh','',12,1,3);
INSERT INTO django_admin_log VALUES(428,'2022-03-02 03:55:30.168941','11','helll smsmsmhhhhhh1','',12,1,3);
INSERT INTO django_admin_log VALUES(429,'2022-03-02 03:55:30.181910','12','helll smsmsmhhhhhh1','',12,1,3);
INSERT INTO django_admin_log VALUES(430,'2022-03-02 03:55:30.194872','13','helll smsmsmhhhhhh1','',12,1,3);
INSERT INTO django_admin_log VALUES(431,'2022-03-02 03:55:30.208834','14','helll smsmsmhhhhhh1','',12,1,3);
INSERT INTO django_admin_log VALUES(432,'2022-03-02 12:50:09.506374','16','helll smsmsmhhhhhh1','[{"added": {}}]',12,1,1);
INSERT INTO django_admin_log VALUES(433,'2022-03-02 12:50:15.873065','17','helll smsmsmhhhhhh1','[{"added": {}}]',12,1,1);
INSERT INTO django_admin_log VALUES(434,'2022-03-02 12:50:21.494947','18','helll smsmsmhhhhhh1','[{"added": {}}]',12,1,1);
INSERT INTO django_admin_log VALUES(435,'2022-03-02 13:11:18.014774','26','helll smsmsmhhhhhh1','[{"changed": {"fields": ["Additional  Image_1"]}}]',9,1,2);
INSERT INTO django_admin_log VALUES(436,'2022-03-02 13:36:20.823522','25','helll smsmsmhhhhhh','[{"changed": {"fields": ["PRDISactive", "Product Deleted"]}}]',9,1,2);
INSERT INTO django_admin_log VALUES(437,'2022-03-02 13:39:48.936290','15','helll smsmsmhhhhhh1','',12,1,3);
INSERT INTO django_admin_log VALUES(438,'2022-03-02 13:39:48.949232','16','helll smsmsmhhhhhh1','',12,1,3);
INSERT INTO django_admin_log VALUES(439,'2022-03-02 13:39:48.960202','17','helll smsmsmhhhhhh1','',12,1,3);
INSERT INTO django_admin_log VALUES(440,'2022-03-02 13:39:48.971177','18','helll smsmsmhhhhhh1','',12,1,3);
INSERT INTO django_admin_log VALUES(441,'2022-03-02 13:39:57.397083','26','helll smsmsmhhhhhh1','',9,1,3);
INSERT INTO django_admin_log VALUES(442,'2022-03-02 13:39:57.410048','25','helll smsmsmhhhhhh','',9,1,3);
INSERT INTO django_admin_log VALUES(443,'2022-03-02 13:42:26.727280','27','helll smsmsmhhhhhh','[{"changed": {"fields": ["PRDISactive", "Product Deleted"]}}]',9,1,2);
INSERT INTO django_admin_log VALUES(444,'2022-03-02 13:42:50.099832','27','helll smsmsmhhhhhh','[]',9,1,2);
INSERT INTO django_admin_log VALUES(445,'2022-03-02 13:42:54.190173','27','helll smsmsmhhhhhh','[]',9,1,2);
INSERT INTO django_admin_log VALUES(446,'2022-03-02 13:43:01.047948','27','helll smsmsmhhhhhh','[]',9,1,2);
INSERT INTO django_admin_log VALUES(447,'2022-03-02 13:43:13.886499','9','Seeds of Change Organic Quinoa, Brown, & Red Rice','[]',9,1,2);
INSERT INTO django_admin_log VALUES(448,'2022-03-02 13:43:18.241223','9','Seeds of Change Organic Quinoa, Brown, & Red Rice','[]',9,1,2);
INSERT INTO django_admin_log VALUES(449,'2022-03-02 13:43:22.395274','9','Seeds of Change Organic Quinoa, Brown, & Red Rice','[]',9,1,2);
INSERT INTO django_admin_log VALUES(450,'2022-03-02 13:43:33.714718','9','Seeds of Change Organic Quinoa, Brown, & Red Rice','[]',9,1,2);
INSERT INTO django_admin_log VALUES(451,'2022-03-02 13:43:39.072806','9','Seeds of Change Organic Quinoa, Brown, & Red Rice','[]',9,1,2);
INSERT INTO django_admin_log VALUES(452,'2022-03-02 13:45:44.004463','18','Haagen-Dazs Caramel Cone Ice Cream Ketchup','[]',9,1,2);
INSERT INTO django_admin_log VALUES(453,'2022-03-02 13:45:54.227189','12','Foster Farms Takeout Crispy Classic Buffalo Wings','[]',9,1,2);
INSERT INTO django_admin_log VALUES(454,'2022-03-02 13:46:45.371812','11','Angie’s Boomchickapop Sweet & Salty Kettle Corn','[]',9,1,2);
INSERT INTO django_admin_log VALUES(455,'2022-03-02 13:46:53.528371','11','Angie’s Boomchickapop Sweet & Salty Kettle Corn','[]',9,1,2);
INSERT INTO django_admin_log VALUES(456,'2022-03-02 13:46:58.472450','11','Angie’s Boomchickapop Sweet & Salty Kettle Corn','[]',9,1,2);
INSERT INTO django_admin_log VALUES(457,'2022-03-02 13:47:53.282177','10','Seeds of Change Organic Quinoa, Brown, & Red Rice','[]',9,1,2);
INSERT INTO django_admin_log VALUES(458,'2022-03-02 13:47:57.090273','10','Seeds of Change Organic Quinoa, Brown, & Red Rice','[]',9,1,2);
INSERT INTO django_admin_log VALUES(459,'2022-03-02 13:56:10.457053','28','helll smsmsmhhhhhh','',9,1,3);
INSERT INTO django_admin_log VALUES(460,'2022-03-02 13:56:10.468997','27','helll smsmsmhhhhhh','',9,1,3);
INSERT INTO django_admin_log VALUES(461,'2022-03-02 14:25:09.080382','29','helll smsmsmhhhhhh','',9,1,3);
INSERT INTO django_admin_log VALUES(462,'2022-03-02 14:26:34.144274','30','helll smsmsmhhhhhh','[]',9,1,2);
INSERT INTO django_admin_log VALUES(463,'2022-03-02 14:26:37.503464','30','helll smsmsmhhhhhh','[]',9,1,2);
INSERT INTO django_admin_log VALUES(464,'2022-03-02 14:29:07.481884','30','helll smsmsmhhhhhh','[]',9,1,2);
INSERT INTO django_admin_log VALUES(465,'2022-03-02 14:29:11.061860','30','helll smsmsmhhhhhh','[]',9,1,2);
INSERT INTO django_admin_log VALUES(466,'2022-03-02 14:29:13.345682','30','helll smsmsmhhhhhh','[]',9,1,2);
INSERT INTO django_admin_log VALUES(467,'2022-03-02 14:29:15.309376','30','helll smsmsmhhhhhh','[]',9,1,2);
INSERT INTO django_admin_log VALUES(468,'2022-03-02 14:29:19.143439','30','helll smsmsmhhhhhh','[]',9,1,2);
INSERT INTO django_admin_log VALUES(469,'2022-03-02 14:29:21.401617','30','helll smsmsmhhhhhh','[]',9,1,2);
INSERT INTO django_admin_log VALUES(470,'2022-03-02 14:29:23.048024','30','helll smsmsmhhhhhh','[]',9,1,2);
INSERT INTO django_admin_log VALUES(471,'2022-03-02 14:30:47.214412','30','helll smsmsmhhhhhh','[]',9,1,2);
INSERT INTO django_admin_log VALUES(472,'2022-03-02 14:31:53.861336','30','helll smsmsmhhhhhh','[{"changed": {"fields": ["Product Image"]}}]',9,1,2);
INSERT INTO django_admin_log VALUES(473,'2022-03-02 14:40:20.899159','30','helll smsmsmhhhhhh','[]',9,1,2);
INSERT INTO django_admin_log VALUES(474,'2022-03-02 14:40:25.147315','30','helll smsmsmhhhhhh','[]',9,1,2);
INSERT INTO django_admin_log VALUES(475,'2022-03-02 14:40:28.620885','30','helll smsmsmhhhhhh','[]',9,1,2);
INSERT INTO django_admin_log VALUES(476,'2022-03-02 14:40:33.331653','30','helll smsmsmhhhhhh','[]',9,1,2);
INSERT INTO django_admin_log VALUES(477,'2022-03-02 14:42:17.291879','30','helll smsmsmhhhhhh','[]',9,1,2);
INSERT INTO django_admin_log VALUES(478,'2022-03-02 14:42:21.140016','30','helll smsmsmhhhhhh','[]',9,1,2);
INSERT INTO django_admin_log VALUES(479,'2022-03-02 14:42:58.158527','30','helll smsmsmhhhhhh','[]',9,1,2);
INSERT INTO django_admin_log VALUES(480,'2022-03-02 14:43:01.261902','30','helll smsmsmhhhhhh','[]',9,1,2);
INSERT INTO django_admin_log VALUES(481,'2022-03-02 14:43:29.442569','30','helll smsmsmhhhhhh','[]',9,1,2);
INSERT INTO django_admin_log VALUES(482,'2022-03-02 15:21:12.033340','31','helll smsmsmhhhhhh','[]',9,1,2);
INSERT INTO django_admin_log VALUES(483,'2022-03-02 15:21:19.072625','31','helll smsmsmhhhhhh','[]',9,1,2);
INSERT INTO django_admin_log VALUES(484,'2022-03-02 15:21:36.550503','31','helll smsmsmhhhhhh','[]',9,1,2);
INSERT INTO django_admin_log VALUES(485,'2022-03-02 15:21:40.169623','31','helll smsmsmhhhhhh','[]',9,1,2);
INSERT INTO django_admin_log VALUES(486,'2022-03-02 15:21:49.295356','31','helll smsmsmhhhhhh','[]',9,1,2);
INSERT INTO django_admin_log VALUES(487,'2022-03-02 15:22:10.364763','31','helll smsmsmhhhhhh','',9,1,3);
INSERT INTO django_admin_log VALUES(488,'2022-03-02 15:22:10.378699','30','helll smsmsmhhhhhh','',9,1,3);
INSERT INTO django_admin_log VALUES(489,'2022-03-02 15:24:21.894337','32','helll smsmsmhhhhhh','',9,1,3);
INSERT INTO django_admin_log VALUES(490,'2022-03-02 15:26:56.200476','33','helll smsmsmhhhhhh','',9,1,3);
INSERT INTO django_admin_log VALUES(491,'2022-03-02 15:38:43.652532','34','helll smsmsmhhhhhh','',9,1,3);
INSERT INTO django_admin_log VALUES(492,'2022-03-02 15:41:37.996911','35','helll smsmsmhhhhhh','',9,1,3);
INSERT INTO django_admin_log VALUES(493,'2022-03-03 17:55:10.130483','36','helll smsmsmhhhhhh','',9,1,3);
INSERT INTO django_admin_log VALUES(494,'2022-03-03 18:05:50.762046','37','hhhhhhhh','',9,1,3);
INSERT INTO django_admin_log VALUES(495,'2022-03-03 18:45:50.565826','38','hhhhhhhh','',9,1,3);
INSERT INTO django_admin_log VALUES(496,'2022-03-03 19:19:53.126907','39','hhhhhhhh','',9,1,3);
INSERT INTO django_admin_log VALUES(497,'2022-03-03 19:21:55.341257','40','hhhhhhhh','',9,1,3);
INSERT INTO django_admin_log VALUES(498,'2022-03-03 19:30:02.182933','41','hhhhhhhh','',9,1,3);
INSERT INTO django_admin_log VALUES(499,'2022-03-03 19:37:16.031287','42','hhhhhhhh','',9,1,3);
INSERT INTO django_admin_log VALUES(500,'2022-03-03 19:43:32.050265','43','hhhhhhhh','',9,1,3);
INSERT INTO django_admin_log VALUES(501,'2022-03-03 19:55:04.714012','44','hhhhhhhh','',9,1,3);
INSERT INTO django_admin_log VALUES(502,'2022-03-03 20:01:36.415804','45','hhhhhhhh','',9,1,3);
INSERT INTO django_admin_log VALUES(503,'2022-03-03 20:18:02.318791','46','hhhhhhhh','[]',9,1,2);
INSERT INTO django_admin_log VALUES(504,'2022-03-03 20:18:09.385288','46','hhhhhhhh','[]',9,1,2);
INSERT INTO django_admin_log VALUES(505,'2022-03-03 20:19:16.655367','46','hhhhhhhh','[{"changed": {"fields": ["Product Image"]}}]',9,1,2);
INSERT INTO django_admin_log VALUES(506,'2022-03-03 20:19:25.917905','46','hhhhhhhh','[]',9,1,2);
INSERT INTO django_admin_log VALUES(507,'2022-03-03 20:19:30.666916','46','hhhhhhhh','[]',9,1,2);
INSERT INTO django_admin_log VALUES(508,'2022-03-03 20:19:37.769354','46','hhhhhhhh','[]',9,1,2);
INSERT INTO django_admin_log VALUES(509,'2022-03-03 20:19:41.914537','46','hhhhhhhh','[]',9,1,2);
INSERT INTO django_admin_log VALUES(510,'2022-03-03 20:29:54.807880','46','hhhhhhhh','[]',9,1,2);
INSERT INTO django_admin_log VALUES(511,'2022-03-03 20:30:00.654505','46','hhhhhhhh','[]',9,1,2);
INSERT INTO django_admin_log VALUES(512,'2022-03-03 20:30:07.953466','46','hhhhhhhh','[]',9,1,2);
INSERT INTO django_admin_log VALUES(513,'2022-03-03 20:30:51.726244','46','hhhhhhhh','[]',9,1,2);
INSERT INTO django_admin_log VALUES(514,'2022-03-03 20:31:11.376002','46','hhhhhhhh','[]',9,1,2);
INSERT INTO django_admin_log VALUES(515,'2022-03-03 20:32:13.701210','46','hhhhhhhh','[]',9,1,2);
INSERT INTO django_admin_log VALUES(516,'2022-03-03 20:32:28.172098','46','hhhhhhhh','',9,1,3);
INSERT INTO django_admin_log VALUES(517,'2022-03-03 20:38:33.390534','47','hhhhhhhh','',9,1,3);
INSERT INTO django_admin_log VALUES(518,'2022-03-03 20:50:44.749635','48','fd','[]',9,1,2);
INSERT INTO django_admin_log VALUES(519,'2022-03-03 20:50:49.666563','48','fd','[]',9,1,2);
INSERT INTO django_admin_log VALUES(520,'2022-03-03 20:51:35.314705','48','fd','',9,1,3);
INSERT INTO django_admin_log VALUES(521,'2022-03-03 21:17:24.341087','50','hhhhhhhh','[]',9,1,2);
INSERT INTO django_admin_log VALUES(522,'2022-03-03 21:17:28.515660','50','hhhhhhhh','[]',9,1,2);
INSERT INTO django_admin_log VALUES(523,'2022-03-03 21:47:36.152925','50','hhhhhhhh','',9,1,3);
INSERT INTO django_admin_log VALUES(524,'2022-03-03 21:47:36.169576','49','hhhhhhhh','',9,1,3);
INSERT INTO django_admin_log VALUES(525,'2022-03-03 21:50:21.933255','51','hhh','',9,1,3);
INSERT INTO django_admin_log VALUES(526,'2022-03-03 21:51:21.501851','52','hhh','',9,1,3);
INSERT INTO django_admin_log VALUES(527,'2022-03-03 21:52:52.008028','53','hhh','',9,1,3);
INSERT INTO django_admin_log VALUES(528,'2022-03-03 21:54:08.802309','54','hhh','',9,1,3);
INSERT INTO django_admin_log VALUES(529,'2022-03-03 21:55:48.974368','55','hh','',9,1,3);
INSERT INTO django_admin_log VALUES(530,'2022-03-03 21:57:05.810997','56','hhh','',9,1,3);
INSERT INTO django_admin_log VALUES(531,'2022-03-03 22:00:04.164393','57','hhh','',9,1,3);
INSERT INTO django_admin_log VALUES(532,'2022-03-03 22:01:11.394746','58','hhh','',9,1,3);
INSERT INTO django_admin_log VALUES(533,'2022-03-03 22:03:20.486118','59','hhh','',9,1,3);
INSERT INTO django_admin_log VALUES(534,'2022-03-03 22:26:48.900324','60','rferfre','',9,1,3);
INSERT INTO django_admin_log VALUES(535,'2022-03-03 22:28:39.326672','61','hhh','',9,1,3);
INSERT INTO django_admin_log VALUES(536,'2022-03-03 22:30:44.050604','62','hhh','',9,1,3);
INSERT INTO django_admin_log VALUES(537,'2022-03-03 22:36:17.059193','63','hhh','',9,1,3);
INSERT INTO django_admin_log VALUES(538,'2022-03-03 22:40:30.579639','64','hhh','',9,1,3);
INSERT INTO django_admin_log VALUES(539,'2022-03-03 22:42:04.603382','65','444','[]',9,1,2);
INSERT INTO django_admin_log VALUES(540,'2022-03-03 22:42:12.498204','65','444','[]',9,1,2);
INSERT INTO django_admin_log VALUES(541,'2022-03-10 00:31:36.581114','61','61','[{"changed": {"fields": ["Status"]}}]',15,1,2);
INSERT INTO django_admin_log VALUES(542,'2022-03-10 00:31:53.872430','61','61','[{"changed": {"fields": ["Status"]}}]',15,1,2);
INSERT INTO django_admin_log VALUES(543,'2022-03-10 00:32:16.171655','61','61','[{"changed": {"fields": ["Status"]}}]',15,1,2);
INSERT INTO django_admin_log VALUES(544,'2022-03-10 00:39:04.439340','61','61','[{"changed": {"fields": ["Email client"]}}]',15,1,2);
INSERT INTO django_admin_log VALUES(545,'2022-03-10 00:52:37.668636','1','code21','[{"changed": {"fields": ["Discount"]}}]',16,1,2);
INSERT INTO django_admin_log VALUES(546,'2022-03-10 00:57:37.857319','1','code21','[{"changed": {"fields": ["Discount"]}}]',16,1,2);
INSERT INTO django_admin_log VALUES(547,'2022-03-10 01:16:20.185856','64','64','[{"changed": {"fields": ["Status"]}}]',15,1,2);
INSERT INTO django_admin_log VALUES(548,'2022-03-10 01:16:31.722062','64','64','[{"changed": {"fields": ["Status"]}}]',15,1,2);
INSERT INTO django_admin_log VALUES(549,'2022-03-10 01:22:14.362517','64','64','[{"changed": {"fields": ["Status"]}}]',15,1,2);
INSERT INTO django_admin_log VALUES(550,'2022-03-10 01:24:09.742265','64','64','[{"changed": {"fields": ["Status"]}}]',15,1,2);
INSERT INTO django_admin_log VALUES(551,'2022-03-10 02:09:24.237896','61','61','[{"changed": {"fields": ["User", "Supplier"]}}]',15,1,2);
INSERT INTO django_admin_log VALUES(552,'2022-03-10 02:26:45.736168','11','test10','[{"changed": {"fields": ["Status"]}}]',13,1,2);
INSERT INTO django_admin_log VALUES(553,'2022-03-10 02:31:07.913155','61','61','[{"changed": {"fields": ["User"]}}]',15,1,2);
INSERT INTO django_admin_log VALUES(554,'2022-03-10 18:46:05.939443','61','61','[{"changed": {"fields": ["Supplier"]}}]',15,1,2);
INSERT INTO django_admin_log VALUES(555,'2022-03-10 18:46:10.441247','61','61','[{"changed": {"fields": ["Supplier"]}}]',15,1,2);
INSERT INTO django_admin_log VALUES(556,'2022-03-10 18:52:22.106350','61','61','[{"changed": {"fields": ["Supplier"]}}]',15,1,2);
INSERT INTO django_admin_log VALUES(557,'2022-03-10 18:52:30.708496','61','61','[]',15,1,2);
INSERT INTO django_admin_log VALUES(558,'2022-03-11 02:15:13.019764','62','62','[{"changed": {"fields": ["Is finished"]}}]',15,1,2);
INSERT INTO django_admin_log VALUES(559,'2022-03-11 02:15:24.597678','61','61','[{"changed": {"fields": ["Supplier"]}}]',15,1,2);
INSERT INTO django_admin_log VALUES(560,'2022-03-11 02:15:34.548672','62','62','[{"changed": {"fields": ["Is finished"]}}]',15,1,2);
INSERT INTO django_admin_log VALUES(561,'2022-03-11 02:34:57.694693','66','rferfre','',9,1,3);
INSERT INTO django_admin_log VALUES(562,'2022-03-11 02:34:57.706845','65','444','',9,1,3);
INSERT INTO django_admin_log VALUES(563,'2022-03-11 16:45:38.243041','63','63','[{"changed": {"fields": ["Amount"]}}, {"changed": {"name": "order details", "object": "Order Details ID:78-user:selem-product id:18-order id:63", "fields": ["Supplier"]}}]',15,1,2);
INSERT INTO django_admin_log VALUES(564,'2022-03-18 13:41:59.845368','64','64','[]',15,1,2);
INSERT INTO django_admin_log VALUES(565,'2022-03-18 13:54:23.875179','61','61','[]',15,1,2);
INSERT INTO django_admin_log VALUES(566,'2022-03-18 13:55:00.418681','64','64','[]',15,1,2);
INSERT INTO django_admin_log VALUES(567,'2022-03-18 13:55:47.312986','3','3','',29,1,3);
INSERT INTO django_admin_log VALUES(568,'2022-03-18 13:55:47.325927','2','2','',29,1,3);
INSERT INTO django_admin_log VALUES(569,'2022-03-18 13:55:47.335904','1','1','',29,1,3);
INSERT INTO django_admin_log VALUES(570,'2022-03-18 14:46:45.634981','64','64','[{"changed": {"fields": ["Vendors"]}}]',15,1,2);
INSERT INTO django_admin_log VALUES(571,'2022-03-18 14:47:09.237248','61','61','[{"changed": {"fields": ["Vendors"]}}]',15,1,2);
INSERT INTO django_admin_log VALUES(572,'2022-03-18 14:52:24.129329','67','helll smsmsmhhhhhh','[{"changed": {"fields": ["Product Vendor"]}}]',9,1,2);
INSERT INTO django_admin_log VALUES(573,'2022-03-18 14:52:32.984909','67','helll smsmsmhhhhhh','[{"changed": {"fields": ["Product Vendor"]}}]',9,1,2);
INSERT INTO django_admin_log VALUES(574,'2022-03-18 14:52:39.915091','18','Haagen-Dazs Caramel Cone Ice Cream Ketchup','[{"changed": {"fields": ["Product Vendor"]}}]',9,1,2);
INSERT INTO django_admin_log VALUES(575,'2022-03-18 14:52:59.729073','65','65','[{"changed": {"fields": ["Vendors", "Amount"]}}]',15,1,2);
INSERT INTO django_admin_log VALUES(576,'2022-03-23 13:20:20.633348','68','helll smsmsmhhhhhh11','[{"changed": {"fields": ["Product Vendor"]}}]',9,1,2);
INSERT INTO django_admin_log VALUES(577,'2022-03-23 13:37:39.355408','20','20','',29,1,3);
INSERT INTO django_admin_log VALUES(578,'2022-03-23 13:37:39.367376','19','19','',29,1,3);
INSERT INTO django_admin_log VALUES(579,'2022-03-23 13:37:39.379344','18','18','',29,1,3);
INSERT INTO django_admin_log VALUES(580,'2022-03-23 13:37:39.391312','17','17','',29,1,3);
INSERT INTO django_admin_log VALUES(581,'2022-03-23 13:37:39.402282','16','16','',29,1,3);
INSERT INTO django_admin_log VALUES(582,'2022-03-23 13:37:39.412255','15','15','',29,1,3);
INSERT INTO django_admin_log VALUES(583,'2022-03-23 13:37:39.424224','14','14','',29,1,3);
INSERT INTO django_admin_log VALUES(584,'2022-03-23 13:37:39.435194','13','13','',29,1,3);
INSERT INTO django_admin_log VALUES(585,'2022-03-23 13:37:39.446165','12','12','',29,1,3);
INSERT INTO django_admin_log VALUES(586,'2022-03-23 13:37:39.458138','11','11','',29,1,3);
INSERT INTO django_admin_log VALUES(587,'2022-03-23 13:39:03.076476','65','65','',15,1,3);
INSERT INTO django_admin_log VALUES(588,'2022-03-23 13:39:08.793285','10','10','',29,1,3);
INSERT INTO django_admin_log VALUES(589,'2022-03-23 13:39:08.827195','9','9','',29,1,3);
INSERT INTO django_admin_log VALUES(590,'2022-03-23 13:39:08.841157','8','8','',29,1,3);
INSERT INTO django_admin_log VALUES(591,'2022-03-23 13:39:08.857145','7','7','',29,1,3);
INSERT INTO django_admin_log VALUES(592,'2022-03-23 13:39:08.869082','6','6','',29,1,3);
INSERT INTO django_admin_log VALUES(593,'2022-03-23 13:39:08.881052','5','5','',29,1,3);
INSERT INTO django_admin_log VALUES(594,'2022-03-23 13:39:08.891024','4','4','',29,1,3);
INSERT INTO django_admin_log VALUES(595,'2022-03-23 13:39:17.017408','61','61','[]',15,1,2);
INSERT INTO django_admin_log VALUES(596,'2022-03-23 13:40:10.920398','66','66','',15,1,3);
INSERT INTO django_admin_log VALUES(597,'2022-03-23 13:47:07.537342','61','61','[{"changed": {"fields": ["Is finished", "Status"]}}]',15,1,2);
INSERT INTO django_admin_log VALUES(598,'2022-03-23 14:10:50.643887','68','68','',15,1,3);
INSERT INTO django_admin_log VALUES(599,'2022-03-23 14:10:50.656860','67','67','',15,1,3);
INSERT INTO django_admin_log VALUES(600,'2022-03-23 14:10:50.669010','61','61','',15,1,3);
INSERT INTO django_admin_log VALUES(601,'2022-03-23 14:10:55.324409','1','1','',29,1,3);
INSERT INTO django_admin_log VALUES(602,'2022-03-23 14:16:06.429552','2','2','',29,1,3);
INSERT INTO django_admin_log VALUES(603,'2022-03-23 14:17:52.996305','69','69','',15,1,3);
INSERT INTO django_admin_log VALUES(604,'2022-03-23 14:18:51.949408','70','70','',15,1,3);
INSERT INTO django_admin_log VALUES(605,'2022-03-23 14:18:57.237735','3','3','',29,1,3);
INSERT INTO django_admin_log VALUES(606,'2022-03-23 14:31:04.355781','4','4','',29,1,3);
INSERT INTO django_admin_log VALUES(607,'2022-03-23 14:31:08.448183','71','71','',15,1,3);
INSERT INTO django_admin_log VALUES(608,'2022-03-23 14:40:40.592759','72','72','[{"changed": {"fields": ["Sub total", "Amount", "WEIGHT"]}}, {"changed": {"name": "order details", "object": "Order Details ID:93-user:selem-product id:69-order id:72", "fields": ["Quantity"]}}]',15,1,2);
INSERT INTO django_admin_log VALUES(609,'2022-03-23 15:17:15.115409','5','5','',29,1,3);
INSERT INTO django_admin_log VALUES(610,'2022-03-23 15:30:12.692814','74','74','',15,1,3);
INSERT INTO django_admin_log VALUES(611,'2022-03-23 15:30:57.751290','6','6','',29,1,3);
INSERT INTO django_admin_log VALUES(612,'2022-03-23 15:31:42.360194','8','8','',29,1,3);
INSERT INTO django_admin_log VALUES(613,'2022-03-23 15:31:57.217994','75','75','',15,1,3);
INSERT INTO django_admin_log VALUES(614,'2022-03-23 15:32:12.708292','76','76','',15,1,3);
INSERT INTO django_admin_log VALUES(615,'2022-03-23 15:45:09.316151','77','77','',15,1,3);
INSERT INTO django_admin_log VALUES(616,'2022-03-23 16:27:58.016118','78','78','',15,1,3);
INSERT INTO django_admin_log VALUES(617,'2022-03-23 17:36:30.849275','15','15','',29,1,3);
INSERT INTO django_admin_log VALUES(618,'2022-03-23 17:36:42.540223','82','82','',15,1,3);
INSERT INTO django_admin_log VALUES(619,'2022-03-23 18:15:33.455718','20','20','',29,1,3);
INSERT INTO django_admin_log VALUES(620,'2022-03-23 18:15:33.469656','19','19','',29,1,3);
INSERT INTO django_admin_log VALUES(621,'2022-03-23 18:15:40.740957','85','85','',15,1,3);
INSERT INTO django_admin_log VALUES(622,'2022-03-23 18:28:24.696162','87','87','',15,1,3);
INSERT INTO django_admin_log VALUES(623,'2022-03-23 18:51:37.893299','25','25','',29,1,3);
INSERT INTO django_admin_log VALUES(624,'2022-03-23 19:12:26.379008','90','90','',15,1,3);
INSERT INTO django_admin_log VALUES(625,'2022-03-24 09:34:18.138875','55','55','[{"changed": {"fields": ["Amount"]}}, {"changed": {"name": "order details supplier", "object": "Order Details ID:56-user:selem-product id:69-order id:104", "fields": ["Quantity"]}}]',29,1,2);
INSERT INTO django_admin_log VALUES(626,'2022-03-24 09:34:45.520156','55','55','[{"changed": {"name": "order details supplier", "object": "Order Details ID:56-user:selem-product id:69-order id:104", "fields": ["Quantity"]}}]',29,1,2);
INSERT INTO django_admin_log VALUES(627,'2022-03-24 10:46:34.179685','103','103','',15,1,3);
INSERT INTO django_admin_log VALUES(628,'2022-03-24 12:14:11.806773','69','helll smsmsmhhhhhh1','',9,1,3);
INSERT INTO django_admin_log VALUES(629,'2022-03-24 12:14:11.818714','68','helll smsmsmhhhhhh11','',9,1,3);
INSERT INTO django_admin_log VALUES(630,'2022-03-24 12:14:11.829685','67','helll smsmsmhhhhhh','',9,1,3);
INSERT INTO django_admin_log VALUES(631,'2022-03-24 12:50:09.673232','111','111','',15,1,3);
INSERT INTO django_admin_log VALUES(632,'2022-03-24 15:28:35.042929','112','112','',15,1,3);
INSERT INTO django_admin_log VALUES(633,'2022-03-24 16:51:21.517905','114','114','',15,1,3);
INSERT INTO django_admin_log VALUES(634,'2022-03-24 16:52:05.024406','115','115','',15,1,3);
INSERT INTO django_admin_log VALUES(635,'2022-03-24 16:58:49.306999','117','117','',15,1,3);
INSERT INTO django_admin_log VALUES(636,'2022-03-24 17:15:17.051928','79','79','[]',29,1,2);
INSERT INTO django_admin_log VALUES(637,'2022-03-24 17:34:40.501294','16','Encore Seafoods Stuffed Alaskan Salmon','[{"changed": {"fields": ["Available"]}}]',9,1,2);
INSERT INTO django_admin_log VALUES(638,'2022-03-24 17:45:16.919727','124','124','',15,1,3);
INSERT INTO django_admin_log VALUES(639,'2022-03-24 17:56:00.808740','126','126','',15,1,3);
INSERT INTO django_admin_log VALUES(640,'2022-03-24 17:56:00.817688','125','125','',15,1,3);
INSERT INTO django_admin_log VALUES(641,'2022-03-24 18:03:12.952876','91','91','[{"changed": {"fields": ["Status"]}}]',29,1,2);
INSERT INTO django_admin_log VALUES(642,'2022-03-24 18:03:34.992220','90','90','[{"changed": {"fields": ["Status"]}}]',29,1,2);
INSERT INTO django_admin_log VALUES(643,'2022-03-24 18:04:51.037662','90','90','[{"changed": {"fields": ["Is finished"]}}]',29,1,2);
INSERT INTO django_admin_log VALUES(644,'2022-03-24 18:11:54.462070','127','127','[{"changed": {"fields": ["Is finished", "Status"]}}]',15,1,2);
INSERT INTO django_admin_log VALUES(645,'2022-03-24 18:12:33.329049','92','92','[{"changed": {"fields": ["Is finished", "Status"]}}]',29,1,2);
INSERT INTO django_admin_log VALUES(646,'2022-03-24 18:14:21.455910','128','128','',15,1,3);
INSERT INTO django_admin_log VALUES(647,'2022-03-24 18:14:26.726838','127','127','',15,1,3);
INSERT INTO django_admin_log VALUES(648,'2022-03-24 18:21:31.751966','129','129','',15,1,3);
INSERT INTO django_admin_log VALUES(649,'2022-03-24 18:33:13.695070','130','130','[{"changed": {"fields": ["Is finished", "Status"]}}]',15,1,2);
INSERT INTO django_admin_log VALUES(650,'2022-03-24 18:33:53.636255','130','130','',15,1,3);
INSERT INTO django_admin_log VALUES(651,'2022-03-24 18:35:18.494023','131','131','[{"changed": {"fields": ["Is finished", "Status"]}}]',15,1,2);
INSERT INTO django_admin_log VALUES(652,'2022-03-24 18:36:22.729061','132','132','[{"changed": {"fields": ["Is finished", "Status"]}}]',15,1,2);
INSERT INTO django_admin_log VALUES(653,'2022-03-24 19:04:02.222210','134','134','',15,1,3);
INSERT INTO django_admin_log VALUES(654,'2022-03-24 19:04:02.234182','133','133','',15,1,3);
INSERT INTO django_admin_log VALUES(655,'2022-03-24 19:04:02.246200','132','132','',15,1,3);
INSERT INTO django_admin_log VALUES(656,'2022-03-24 19:04:02.258172','131','131','',15,1,3);
INSERT INTO django_admin_log VALUES(657,'2022-03-24 19:06:08.437141','136','136','[{"changed": {"fields": ["Is finished", "Status"]}}]',15,1,2);
INSERT INTO django_admin_log VALUES(658,'2022-03-24 19:06:19.440051','135','135','[{"changed": {"fields": ["Is finished", "Status"]}}]',15,1,2);
INSERT INTO django_admin_log VALUES(659,'2022-03-24 19:25:04.741654','136','136','',15,1,3);
INSERT INTO django_admin_log VALUES(660,'2022-03-24 19:25:04.754619','135','135','',15,1,3);
INSERT INTO django_admin_log VALUES(661,'2022-03-24 21:54:00.369403','137','137','',15,1,3);
INSERT INTO django_admin_log VALUES(662,'2022-03-24 21:56:58.297559','138','138','',15,1,3);
INSERT INTO django_admin_log VALUES(663,'2022-03-24 22:01:00.915449','140','140','',15,1,3);
INSERT INTO django_admin_log VALUES(664,'2022-03-25 07:10:44.355665','141','141','',15,1,3);
INSERT INTO django_admin_log VALUES(665,'2022-03-25 07:22:37.494628','142','142','[{"changed": {"fields": ["Status"]}}]',15,1,2);
INSERT INTO django_admin_log VALUES(666,'2022-03-25 08:49:52.220493','143','143','[{"changed": {"fields": ["Status"]}}]',15,1,2);
INSERT INTO django_admin_log VALUES(667,'2022-03-25 09:53:07.618769','2','selem','[{"changed": {"fields": ["Blance"]}}]',13,1,2);
INSERT INTO django_admin_log VALUES(668,'2022-03-25 10:19:39.550398','144','144','',15,1,3);
INSERT INTO django_admin_log VALUES(669,'2022-03-25 10:19:39.563376','143','143','',15,1,3);
INSERT INTO django_admin_log VALUES(670,'2022-03-25 10:19:39.576306','142','142','',15,1,3);
INSERT INTO django_admin_log VALUES(671,'2022-03-25 10:21:13.586628','145','145','',15,1,3);
INSERT INTO django_admin_log VALUES(672,'2022-03-25 10:22:48.505780','146','146','',15,1,3);
INSERT INTO django_admin_log VALUES(673,'2022-03-25 10:23:35.917512','147','147','',15,1,3);
INSERT INTO django_admin_log VALUES(674,'2022-03-25 10:25:59.735830','148','148','',15,1,3);
INSERT INTO django_admin_log VALUES(675,'2022-03-25 10:26:51.182973','128','128','',29,1,3);
INSERT INTO django_admin_log VALUES(676,'2022-03-25 10:28:54.365551','14','test13','[{"changed": {"fields": ["Blance"]}}]',13,1,2);
INSERT INTO django_admin_log VALUES(677,'2022-03-25 10:28:59.434998','2','selem','[{"changed": {"fields": ["Blance"]}}]',13,1,2);
INSERT INTO django_admin_log VALUES(678,'2022-03-25 10:30:05.437376','151','151','',15,1,3);
INSERT INTO django_admin_log VALUES(679,'2022-03-25 10:30:05.449349','150','150','',15,1,3);
INSERT INTO django_admin_log VALUES(680,'2022-03-25 10:30:05.462309','149','149','',15,1,3);
INSERT INTO django_admin_log VALUES(681,'2022-03-25 10:39:10.580306','153','153','',15,1,3);
INSERT INTO django_admin_log VALUES(682,'2022-03-25 10:39:10.592299','152','152','',15,1,3);
INSERT INTO django_admin_log VALUES(683,'2022-03-25 10:39:19.936026','14','test13','[{"changed": {"fields": ["Blance"]}}]',13,1,2);
INSERT INTO django_admin_log VALUES(684,'2022-03-25 10:39:27.670729','2','selem','[{"changed": {"fields": ["Blance"]}}]',13,1,2);
INSERT INTO django_admin_log VALUES(685,'2022-03-25 10:44:11.800678','154','154','',15,1,3);
INSERT INTO django_admin_log VALUES(686,'2022-03-25 10:44:17.815607','14','test13','[{"changed": {"fields": ["Blance"]}}]',13,1,2);
INSERT INTO django_admin_log VALUES(687,'2022-03-25 10:44:22.661642','2','selem','[{"changed": {"fields": ["Blance"]}}]',13,1,2);
INSERT INTO django_admin_log VALUES(688,'2022-03-25 19:21:30.392187','155','155','',15,1,3);
INSERT INTO django_admin_log VALUES(689,'2022-03-25 19:22:09.791282','14','test13','[{"changed": {"fields": ["Blance"]}}]',13,1,2);
INSERT INTO django_admin_log VALUES(690,'2022-03-25 19:22:16.091081','2','selem','[{"changed": {"fields": ["Blance"]}}]',13,1,2);
INSERT INTO django_admin_log VALUES(691,'2022-03-25 19:35:03.543613','2','selem','[{"changed": {"fields": ["Blance"]}}]',13,1,2);
INSERT INTO django_admin_log VALUES(692,'2022-03-25 19:57:52.320231','156','156','[{"changed": {"fields": ["Status"]}}]',15,1,2);
INSERT INTO django_admin_log VALUES(693,'2022-03-25 19:58:02.653023','156','156','[{"changed": {"fields": ["Status"]}}]',15,1,2);
INSERT INTO django_admin_log VALUES(694,'2022-03-25 19:58:12.807048','156','156','[{"changed": {"fields": ["Status"]}}]',15,1,2);
INSERT INTO django_admin_log VALUES(695,'2022-03-25 20:15:05.316745','156','156','[{"changed": {"fields": ["Status"]}}]',15,1,2);
INSERT INTO django_admin_log VALUES(696,'2022-03-25 20:15:19.174048','156','156','[{"changed": {"fields": ["Status"]}}]',15,1,2);
INSERT INTO django_admin_log VALUES(697,'2022-03-25 20:17:50.519023','156','156','[{"changed": {"fields": ["Email client"]}}, {"added": {"name": "payment", "object": "Payment ID:172- order:156"}}]',15,1,2);
INSERT INTO django_admin_log VALUES(698,'2022-03-25 20:39:59.626943','18','Haagen-Dazs Caramel Cone Ice Cream Ketchup','[]',9,1,2);
INSERT INTO django_admin_log VALUES(699,'2022-03-25 20:43:49.558592','17','Gorton’s Beer Battered Fish Fillets with soft paper','[{"changed": {"fields": ["Mini Category", "Sub Category"]}}]',9,1,2);
INSERT INTO django_admin_log VALUES(700,'2022-03-25 20:54:38.092738','156','156','[{"changed": {"fields": ["Status"]}}]',15,1,2);
INSERT INTO django_admin_log VALUES(701,'2022-03-25 23:11:15.538824','156','156','',15,1,3);
INSERT INTO django_admin_log VALUES(702,'2022-03-26 10:32:31.744509','2','selem','[{"changed": {"fields": ["Blance"]}}]',13,1,2);
INSERT INTO django_admin_log VALUES(703,'2022-03-26 11:32:11.587839','160','160','[{"changed": {"fields": ["Status"]}}]',15,1,2);
INSERT INTO django_admin_log VALUES(704,'2022-03-26 14:57:48.456152','70','helll smsmsmhhhhhh','[{"changed": {"fields": ["PRDISactive", "Product Deleted"]}}]',9,1,2);
INSERT INTO django_admin_log VALUES(705,'2022-03-27 11:28:41.250699','16','Encore Seafoods Stuffed Alaskan Salmon','[{"changed": {"fields": ["Mini Category", "Sub Category"]}}]',9,1,2);
INSERT INTO django_admin_log VALUES(706,'2022-03-27 11:28:49.819823','9','Seeds of Change Organic Quinoa, Brown, & Red Rice','[{"changed": {"fields": ["Mini Category", "Sub Category"]}}]',9,1,2);
INSERT INTO django_admin_log VALUES(707,'2022-03-27 11:28:55.164623','10','Seeds of Change Organic Quinoa, Brown, & Red Rice','[{"changed": {"fields": ["Mini Category", "Sub Category"]}}]',9,1,2);
INSERT INTO django_admin_log VALUES(708,'2022-03-27 11:29:02.099022','11','Angie’s Boomchickapop Sweet & Salty Kettle Corn','[{"changed": {"fields": ["Mini Category", "Sub Category", "Main Category", "Super Category"]}}]',9,1,2);
INSERT INTO django_admin_log VALUES(709,'2022-03-27 11:29:08.969616','13','Blue Diamond Almonds Lightly Salted Vegetables','[{"changed": {"fields": ["Mini Category", "Sub Category"]}}]',9,1,2);
INSERT INTO django_admin_log VALUES(710,'2022-03-27 11:29:15.023584','14','Chobani Complete Vanilla Greek Yogurt','[{"changed": {"fields": ["Mini Category", "Sub Category"]}}]',9,1,2);
INSERT INTO django_admin_log VALUES(711,'2022-03-27 11:29:23.215701','15','Canada Dry Ginger Ale – 2 L Bottle - 200ml - 400g','[{"changed": {"fields": ["Mini Category", "Sub Category"]}}]',9,1,2);
INSERT INTO django_admin_log VALUES(712,'2022-03-27 11:46:36.534200','72','helll smsmsmhhhhhh','',9,1,3);
INSERT INTO django_admin_log VALUES(713,'2022-03-28 18:30:45.838953','73','helll smsmsmhhhhhh','[{"changed": {"fields": ["Name"]}}]',9,1,2);
INSERT INTO django_admin_log VALUES(714,'2022-03-28 18:34:13.828964','73','alert("Hello! I am an alert box!!");','[{"changed": {"fields": ["Name"]}}]',9,1,2);
INSERT INTO django_admin_log VALUES(715,'2022-03-28 18:36:45.088624','73','<script> function myFunction() {   alert("Hello\nHow are you?"); } </script>','[{"changed": {"fields": ["Name"]}}]',9,1,2);
INSERT INTO django_admin_log VALUES(716,'2022-03-28 18:38:31.696187','73','<script>                    alert("Hello\nHow are you?");                 </script>','[{"changed": {"fields": ["Name"]}}]',9,1,2);
INSERT INTO django_admin_log VALUES(717,'2022-03-28 18:40:46.517685','73','<script>                    alert("Hello\nHow are you?");                 </script>','[{"changed": {"fields": ["Full Description"]}}]',9,1,2);
INSERT INTO django_admin_log VALUES(718,'2022-03-28 18:43:57.196057','73','اثممخ','[{"changed": {"fields": ["Name"]}}]',9,1,2);
INSERT INTO django_admin_log VALUES(719,'2022-03-28 18:44:59.723907','71','<h1>lol</h1>','[{"changed": {"fields": ["Full Description"]}}]',9,1,2);
INSERT INTO django_admin_log VALUES(720,'2022-03-28 18:45:47.307940','73','اثممخ','[{"changed": {"fields": ["Full Description"]}}]',9,1,2);
INSERT INTO django_admin_log VALUES(721,'2022-03-28 19:14:27.470808','73','HELLO','[{"changed": {"fields": ["Name", "Short Description"]}}]',9,1,2);
INSERT INTO django_admin_log VALUES(722,'2022-03-28 19:23:38.662995','73','HELLO','[{"changed": {"fields": ["Full Description"]}}]',9,1,2);
INSERT INTO django_admin_log VALUES(723,'2022-03-28 19:36:52.559380','18','Haagen-Dazs Caramel Cone Ice Cream Ketchup','[{"changed": {"fields": ["Product Image"]}}]',9,1,2);
INSERT INTO django_admin_log VALUES(724,'2022-03-28 19:45:33.530230','18','Haagen-Dazs Caramel Cone Ice Cream Ketchup','[{"changed": {"fields": ["Product Image"]}}]',9,1,2);
INSERT INTO django_admin_log VALUES(725,'2022-03-28 19:46:17.744586','18','Haagen-Dazs Caramel Cone Ice Cream Ketchup','',9,1,3);
INSERT INTO django_admin_log VALUES(726,'2022-03-28 19:49:01.831616','75','helll smsmsmhhhhhh','',9,1,3);
INSERT INTO django_admin_log VALUES(727,'2022-03-28 19:49:01.846602','74','Haagen-Dazs Caramel Cone Ice Cream Ketchup','',9,1,3);
INSERT INTO django_admin_log VALUES(728,'2022-03-28 19:50:33.727797','76','helll smsmsmhhhhhh','',9,1,3);
INSERT INTO django_admin_log VALUES(729,'2022-03-28 19:53:03.889863','78','helll smsmsmhhhhhh','[{"changed": {"fields": ["Product Vendor"]}}]',9,1,2);
INSERT INTO django_admin_log VALUES(730,'2022-03-28 19:53:36.230831','78','helll smsmsmhhhhhh','[{"changed": {"fields": ["Product Vendor"]}}]',9,1,2);
INSERT INTO django_admin_log VALUES(731,'2022-03-28 19:54:26.619561','14','test13','[{"changed": {"fields": ["Display name", "Bio", "Mobile number", "Address", "City", "Post code", "Country", "State"]}}]',13,1,2);
INSERT INTO django_admin_log VALUES(732,'2022-03-28 19:55:36.181510','78','helll smsmsmhhhhhh','[{"changed": {"fields": ["Product Vendor"]}}]',9,1,2);
INSERT INTO django_admin_log VALUES(733,'2022-03-28 19:55:57.350393','14','test13','[{"changed": {"fields": ["Image"]}}]',13,1,2);
INSERT INTO django_admin_log VALUES(734,'2022-03-28 19:56:03.912450','78','helll smsmsmhhhhhh','[{"changed": {"fields": ["Product Vendor"]}}]',9,1,2);
INSERT INTO django_admin_log VALUES(735,'2022-03-28 19:56:10.223477','78','helll smsmsmhhhhhh','[{"changed": {"fields": ["Product Vendor"]}}]',9,1,2);
INSERT INTO django_admin_log VALUES(736,'2022-03-28 19:56:30.952810','14','test13','[{"changed": {"fields": ["Image"]}}]',13,1,2);
INSERT INTO django_admin_log VALUES(737,'2022-03-28 20:55:50.396483','14','test13','[{"changed": {"fields": ["Image"]}}]',13,1,2);
INSERT INTO django_admin_log VALUES(738,'2022-04-17 16:04:37.381864','78','helll smsmsmhhhhhh','',9,1,3);
INSERT INTO django_admin_log VALUES(739,'2022-04-17 16:04:37.389810','77','<script>alert(''Hello! I am an alert box!!'');</script>','',9,1,3);
INSERT INTO django_admin_log VALUES(740,'2022-04-17 16:04:37.396793','71','<h1>lol</h1>','',9,1,3);
INSERT INTO django_admin_log VALUES(741,'2022-04-17 16:04:37.403805','70','helll smsmsmhhhhhh','',9,1,3);
INSERT INTO django_admin_log VALUES(742,'2022-04-17 16:13:30.753000','4','Simply Lemonade with Raspberry Juice','[{"changed": {"fields": ["Deal Time"]}}]',24,1,2);
INSERT INTO django_admin_log VALUES(743,'2022-04-17 16:13:47.448798','3','Signature Wood-Fired Mushroom and Caramelized','[{"changed": {"fields": ["Deal Time"]}}]',24,1,2);
INSERT INTO django_admin_log VALUES(744,'2022-04-17 16:14:01.595736','2','Perdue Simply Smart Organics Gluten Free','[{"changed": {"fields": ["Deal Time"]}}]',24,1,2);
INSERT INTO django_admin_log VALUES(745,'2022-04-17 16:14:15.881714','1','Seeds of Change Organic Quinoa, Brown, & Red Rice','[{"changed": {"fields": ["Deal Time"]}}]',24,1,2);
INSERT INTO django_admin_log VALUES(746,'2022-04-17 16:20:11.548220','79','combo Pack','',9,1,3);
INSERT INTO django_admin_log VALUES(747,'2022-04-17 16:23:34.187032','73','"  onload="alert(''123'');','[{"changed": {"fields": ["PRDISactive", "Product Deleted"]}}]',9,1,2);
INSERT INTO django_admin_log VALUES(748,'2022-04-17 16:24:46.828073','36','Machinery & Equipment','',11,1,3);
INSERT INTO django_admin_log VALUES(749,'2022-04-17 16:24:46.837596','35','Pet & Animal Care','',11,1,3);
INSERT INTO django_admin_log VALUES(750,'2022-04-17 16:24:46.844545','34','Baby Centre','',11,1,3);
INSERT INTO django_admin_log VALUES(751,'2022-04-17 16:24:46.850554','33','Toys','',11,1,3);
INSERT INTO django_admin_log VALUES(752,'2022-04-17 16:24:46.856541','32','Sports & Fitness','',11,1,3);
INSERT INTO django_admin_log VALUES(753,'2022-04-17 16:24:46.863521','31','Automotive','',11,1,3);
INSERT INTO django_admin_log VALUES(754,'2022-04-17 16:24:46.870501','30','Construction & Hardware','',11,1,3);
INSERT INTO django_admin_log VALUES(755,'2022-04-17 16:24:46.877482','29','Beauty & Fragrances','',11,1,3);
INSERT INTO django_admin_log VALUES(756,'2022-04-17 16:24:46.883474','28','Fashion & Accessories','',11,1,3);
INSERT INTO django_admin_log VALUES(757,'2022-04-17 16:24:46.889450','27','Health & Personal Care','',11,1,3);
INSERT INTO django_admin_log VALUES(758,'2022-04-17 16:24:53.544870','26','Home, Garden & Furniture','',11,1,3);
INSERT INTO django_admin_log VALUES(759,'2022-04-17 16:24:53.553858','25','Consumer Electronics','',11,1,3);
INSERT INTO django_admin_log VALUES(760,'2022-04-17 16:24:53.559873','24','Office & Stationery','',11,1,3);
INSERT INTO django_admin_log VALUES(761,'2022-04-17 16:24:53.566824','23','Food & Beverage','',11,1,3);
INSERT INTO django_admin_log VALUES(762,'2022-04-17 16:24:54.873738','26','Home, Garden & Furniture','',11,1,3);
INSERT INTO django_admin_log VALUES(763,'2022-04-17 16:24:54.881716','25','Consumer Electronics','',11,1,3);
INSERT INTO django_admin_log VALUES(764,'2022-04-17 16:24:54.886702','24','Office & Stationery','',11,1,3);
INSERT INTO django_admin_log VALUES(765,'2022-04-17 16:24:54.892687','23','Food & Beverage','',11,1,3);
INSERT INTO django_admin_log VALUES(766,'2022-04-17 16:24:55.884037','26','Home, Garden & Furniture','',11,1,3);
INSERT INTO django_admin_log VALUES(767,'2022-04-17 16:24:55.893013','25','Consumer Electronics','',11,1,3);
INSERT INTO django_admin_log VALUES(768,'2022-04-17 16:24:55.896005','24','Office & Stationery','',11,1,3);
INSERT INTO django_admin_log VALUES(769,'2022-04-17 16:24:55.899995','23','Food & Beverage','',11,1,3);
INSERT INTO django_admin_log VALUES(770,'2022-04-17 16:25:15.042276','26','Home, Garden & Furniture','',11,1,3);
INSERT INTO django_admin_log VALUES(771,'2022-04-17 16:25:15.050255','25','Consumer Electronics','',11,1,3);
INSERT INTO django_admin_log VALUES(772,'2022-04-17 16:25:15.054220','24','Office & Stationery','',11,1,3);
INSERT INTO django_admin_log VALUES(773,'2022-04-17 16:25:15.059206','23','Food & Beverage','',11,1,3);
INSERT INTO django_admin_log VALUES(774,'2022-04-17 16:25:36.614101','16','Strawberry','',8,1,3);
INSERT INTO django_admin_log VALUES(775,'2022-04-17 16:25:36.624073','15','Vegetables','',8,1,3);
INSERT INTO django_admin_log VALUES(776,'2022-04-17 16:25:36.630057','14','Snack','',8,1,3);
INSERT INTO django_admin_log VALUES(777,'2022-04-17 16:25:36.636042','13','Red Apple','',8,1,3);
INSERT INTO django_admin_log VALUES(778,'2022-04-17 16:25:36.642087','12','Peach','',8,1,3);
INSERT INTO django_admin_log VALUES(779,'2022-04-17 16:25:36.648041','11','Oganic Kiwi','',8,1,3);
INSERT INTO django_admin_log VALUES(780,'2022-04-17 16:25:36.654548','10','Cake & Milk','',8,1,3);
INSERT INTO django_admin_log VALUES(781,'2022-04-17 16:25:36.661529','9','Coffe & Tea','',8,1,3);
INSERT INTO django_admin_log VALUES(782,'2022-04-17 16:25:36.667513','8','Custard apple','',8,1,3);
INSERT INTO django_admin_log VALUES(783,'2022-04-17 16:25:56.572453','9','Herbal Tea','',10,1,3);
INSERT INTO django_admin_log VALUES(784,'2022-04-17 16:26:01.852372','11','test3sub','',10,1,3);
INSERT INTO django_admin_log VALUES(785,'2022-04-17 16:26:01.862315','10','test2','',10,1,3);
INSERT INTO django_admin_log VALUES(786,'2022-04-17 16:26:01.869296','8','Red Apples','',10,1,3);
INSERT INTO django_admin_log VALUES(787,'2022-04-17 16:26:01.874316','7','Tropical Fruits','',10,1,3);
INSERT INTO django_admin_log VALUES(788,'2022-04-17 16:26:23.189034','10','testsub','',7,1,3);
INSERT INTO django_admin_log VALUES(789,'2022-04-17 16:26:23.196016','9','apple tea','',7,1,3);
INSERT INTO django_admin_log VALUES(790,'2022-04-17 16:26:31.627481','8','test','',7,1,3);
INSERT INTO django_admin_log VALUES(791,'2022-04-17 16:26:31.635457','7','Fresh Fruits','',7,1,3);
INSERT INTO django_admin_log VALUES(792,'2022-04-17 16:26:45.028691','8','test','',7,1,3);
INSERT INTO django_admin_log VALUES(793,'2022-04-17 16:26:45.036671','7','Fresh Fruits','',7,1,3);
INSERT INTO django_admin_log VALUES(794,'2022-04-17 16:28:10.651501','26','Home, Garden & Furniture','',11,1,3);
INSERT INTO django_admin_log VALUES(795,'2022-04-17 16:28:15.233864','25','Consumer Electronics','',11,1,3);
INSERT INTO django_admin_log VALUES(796,'2022-04-17 16:28:19.302980','24','Office & Stationery','',11,1,3);
INSERT INTO django_admin_log VALUES(797,'2022-04-17 16:28:19.312736','23','Food & Beverage','',11,1,3);
INSERT INTO django_admin_log VALUES(798,'2022-04-17 16:28:27.601837','24','Office & Stationery','',11,1,3);
INSERT INTO django_admin_log VALUES(799,'2022-04-17 16:28:32.636389','23','Food & Beverage','',11,1,3);
INSERT INTO django_admin_log VALUES(800,'2022-04-17 16:29:01.855374','16','Strawberry','',8,1,3);
INSERT INTO django_admin_log VALUES(801,'2022-04-17 16:29:01.868340','15','Vegetables','',8,1,3);
INSERT INTO django_admin_log VALUES(802,'2022-04-17 16:29:01.873331','14','Snack','',8,1,3);
INSERT INTO django_admin_log VALUES(803,'2022-04-17 16:29:01.878312','13','Red Apple','',8,1,3);
INSERT INTO django_admin_log VALUES(804,'2022-04-17 16:29:01.882302','12','Peach','',8,1,3);
INSERT INTO django_admin_log VALUES(805,'2022-04-17 16:29:01.887288','11','Oganic Kiwi','',8,1,3);
INSERT INTO django_admin_log VALUES(806,'2022-04-17 16:29:01.892275','10','Cake & Milk','',8,1,3);
INSERT INTO django_admin_log VALUES(807,'2022-04-17 16:29:01.897262','9','Coffe & Tea','',8,1,3);
INSERT INTO django_admin_log VALUES(808,'2022-04-17 16:29:14.679784','11','test3sub','',10,1,3);
INSERT INTO django_admin_log VALUES(809,'2022-04-17 16:29:21.854228','10','test2','',10,1,3);
INSERT INTO django_admin_log VALUES(810,'2022-04-17 16:29:21.863200','8','Red Apples','',10,1,3);
INSERT INTO django_admin_log VALUES(811,'2022-04-17 16:29:27.289224','7','Tropical Fruits','',10,1,3);
INSERT INTO django_admin_log VALUES(812,'2022-04-17 16:29:45.414346','15','Vegetables','',8,1,3);
INSERT INTO django_admin_log VALUES(813,'2022-04-17 16:29:45.430303','14','Snack','',8,1,3);
INSERT INTO django_admin_log VALUES(814,'2022-04-17 16:29:45.435294','13','Red Apple','',8,1,3);
INSERT INTO django_admin_log VALUES(815,'2022-04-17 16:29:45.440276','12','Peach','',8,1,3);
INSERT INTO django_admin_log VALUES(816,'2022-04-17 16:29:45.445262','11','Oganic Kiwi','',8,1,3);
INSERT INTO django_admin_log VALUES(817,'2022-04-17 16:29:45.450249','10','Cake & Milk','',8,1,3);
INSERT INTO django_admin_log VALUES(818,'2022-04-17 16:29:45.455236','9','Coffe & Tea','',8,1,3);
INSERT INTO django_admin_log VALUES(819,'2022-04-17 16:29:45.461220','8','Custard apple','',8,1,3);
INSERT INTO django_admin_log VALUES(820,'2022-04-17 16:29:45.889076','15','Vegetables','',8,1,3);
INSERT INTO django_admin_log VALUES(821,'2022-04-17 16:29:45.899049','14','Snack','',8,1,3);
INSERT INTO django_admin_log VALUES(822,'2022-04-17 16:29:45.905033','13','Red Apple','',8,1,3);
INSERT INTO django_admin_log VALUES(823,'2022-04-17 16:29:45.910020','12','Peach','',8,1,3);
INSERT INTO django_admin_log VALUES(824,'2022-04-17 16:29:45.914010','11','Oganic Kiwi','',8,1,3);
INSERT INTO django_admin_log VALUES(825,'2022-04-17 16:29:45.917999','10','Cake & Milk','',8,1,3);
INSERT INTO django_admin_log VALUES(826,'2022-04-17 16:29:45.924086','9','Coffe & Tea','',8,1,3);
INSERT INTO django_admin_log VALUES(827,'2022-04-17 16:29:45.929967','8','Custard apple','',8,1,3);
INSERT INTO django_admin_log VALUES(828,'2022-04-17 16:29:55.836023','8','test','',7,1,3);
INSERT INTO django_admin_log VALUES(829,'2022-04-17 16:30:02.964696','15','Vegetables','',8,1,3);
INSERT INTO django_admin_log VALUES(830,'2022-04-17 16:30:07.896078','16','Strawberry','',8,1,3);
INSERT INTO django_admin_log VALUES(831,'2022-04-17 16:30:12.613006','14','Snack','',8,1,3);
INSERT INTO django_admin_log VALUES(832,'2022-04-17 16:30:17.947228','13','Red Apple','',8,1,3);
INSERT INTO django_admin_log VALUES(833,'2022-04-17 16:30:23.852902','12','Peach','',8,1,3);
INSERT INTO django_admin_log VALUES(834,'2022-04-17 16:30:23.866842','11','Oganic Kiwi','',8,1,3);
INSERT INTO django_admin_log VALUES(835,'2022-04-17 16:30:31.537358','10','Cake & Milk','',8,1,3);
INSERT INTO django_admin_log VALUES(836,'2022-04-17 16:30:31.550295','9','Coffe & Tea','',8,1,3);
INSERT INTO django_admin_log VALUES(837,'2022-04-17 16:30:31.555283','8','Custard apple','',8,1,3);
INSERT INTO django_admin_log VALUES(838,'2022-04-17 16:30:39.556967','10','Cake & Milk','',8,1,3);
INSERT INTO django_admin_log VALUES(839,'2022-04-17 16:30:43.685928','9','Coffe & Tea','',8,1,3);
INSERT INTO django_admin_log VALUES(840,'2022-04-17 17:01:51.051139','37','Promotions & Bundle Meals','[{"added": {}}]',11,1,1);
INSERT INTO django_admin_log VALUES(841,'2022-04-17 17:02:29.230639','38','McWaffar','[{"added": {}}]',11,1,1);
INSERT INTO django_admin_log VALUES(842,'2022-04-17 17:02:45.594646','39','Beef','[{"added": {}}]',11,1,1);
INSERT INTO django_admin_log VALUES(843,'2022-04-17 17:02:57.935563','40','Chicken','[{"added": {}}]',11,1,1);
INSERT INTO django_admin_log VALUES(844,'2022-04-17 17:03:10.819778','41','Fish','[{"added": {}}]',11,1,1);
INSERT INTO django_admin_log VALUES(845,'2022-04-17 17:03:27.994312','42','Sides','[{"added": {}}]',11,1,1);
INSERT INTO django_admin_log VALUES(846,'2022-04-17 17:03:36.911821','43','Beverages','[{"added": {}}]',11,1,1);
INSERT INTO django_admin_log VALUES(847,'2022-04-17 17:03:49.911895','44','Happy Meals','[{"added": {}}]',11,1,1);
INSERT INTO django_admin_log VALUES(848,'2022-04-17 17:04:01.355496','45','Sauces','[{"added": {}}]',11,1,1);
INSERT INTO django_admin_log VALUES(849,'2022-04-17 17:04:12.856388','46','Desserts','[{"added": {}}]',11,1,1);
INSERT INTO django_admin_log VALUES(850,'2022-04-17 17:19:28.305209','17','Cake & Milk','[{"added": {}}]',8,1,1);
INSERT INTO django_admin_log VALUES(851,'2022-04-17 17:19:51.362417','18','Oganic Kiwi','[{"added": {}}]',8,1,1);
INSERT INTO django_admin_log VALUES(852,'2022-04-17 17:20:25.303227','19','Peach','[{"added": {}}]',8,1,1);
INSERT INTO django_admin_log VALUES(853,'2022-04-17 17:20:45.487113','20','Red Apple','[{"added": {}}]',8,1,1);
INSERT INTO django_admin_log VALUES(854,'2022-04-17 17:21:14.918082','21','Snack','[{"added": {}}]',8,1,1);
INSERT INTO django_admin_log VALUES(855,'2022-04-17 17:21:38.080050','22','Vegetables','[{"added": {}}]',8,1,1);
INSERT INTO django_admin_log VALUES(856,'2022-04-17 17:22:02.775187','23','Strawberry','[{"added": {}}]',8,1,1);
INSERT INTO django_admin_log VALUES(857,'2022-04-17 17:22:45.290698','24','Black plum','[{"added": {}}]',8,1,1);
INSERT INTO django_admin_log VALUES(858,'2022-04-25 00:35:00.828641','46','Desserts','',11,1,3);
INSERT INTO django_admin_log VALUES(859,'2022-04-25 00:35:00.837620','45','Sauces','',11,1,3);
INSERT INTO django_admin_log VALUES(860,'2022-04-25 00:35:00.840636','44','Happy Meals','',11,1,3);
INSERT INTO django_admin_log VALUES(861,'2022-04-25 00:35:00.844622','43','Beverages','',11,1,3);
INSERT INTO django_admin_log VALUES(862,'2022-04-25 00:35:00.849608','42','Sides','',11,1,3);
INSERT INTO django_admin_log VALUES(863,'2022-04-25 00:35:00.853630','41','Fish','',11,1,3);
INSERT INTO django_admin_log VALUES(864,'2022-04-25 00:35:00.857660','40','Chicken','',11,1,3);
INSERT INTO django_admin_log VALUES(865,'2022-04-25 00:35:00.861580','39','Beef','',11,1,3);
INSERT INTO django_admin_log VALUES(866,'2022-04-25 00:35:00.865634','38','McWaffar','',11,1,3);
INSERT INTO django_admin_log VALUES(867,'2022-04-25 00:35:00.867629','37','Promotions & Bundle Meals','',11,1,3);
INSERT INTO django_admin_log VALUES(868,'2022-04-25 00:36:46.961549','9','Seeds of Change Organic Quinoa, Brown, & Red Rice','[{"changed": {"fields": ["PRDISactive", "Product Deleted"]}}]',9,1,2);
INSERT INTO django_admin_log VALUES(869,'2022-04-25 00:36:54.878278','10','Seeds of Change Organic Quinoa, Brown, & Red Rice','[{"changed": {"fields": ["PRDISactive", "Product Deleted"]}}]',9,1,2);
INSERT INTO django_admin_log VALUES(870,'2022-04-25 00:37:01.725798','11','Angie’s Boomchickapop Sweet & Salty Kettle Corn','[{"changed": {"fields": ["PRDISactive", "Product Deleted"]}}]',9,1,2);
INSERT INTO django_admin_log VALUES(871,'2022-04-25 00:37:15.495210','12','Foster Farms Takeout Crispy Classic Buffalo Wings','[{"changed": {"fields": ["PRDISactive", "Product Deleted"]}}]',9,1,2);
INSERT INTO django_admin_log VALUES(872,'2022-04-25 00:37:23.107496','13','Blue Diamond Almonds Lightly Salted Vegetables','[{"changed": {"fields": ["PRDISactive", "Product Deleted"]}}]',9,1,2);
INSERT INTO django_admin_log VALUES(873,'2022-04-25 00:37:33.076332','14','Chobani Complete Vanilla Greek Yogurt','[{"changed": {"fields": ["PRDISactive", "Product Deleted"]}}]',9,1,2);
INSERT INTO django_admin_log VALUES(874,'2022-04-25 00:37:53.359541','15','Canada Dry Ginger Ale – 2 L Bottle - 200ml - 400g','[{"changed": {"fields": ["PRDISactive", "Product Deleted"]}}]',9,1,2);
INSERT INTO django_admin_log VALUES(875,'2022-04-25 00:38:18.034940','17','Gorton’s Beer Battered Fish Fillets with soft paper','[{"changed": {"fields": ["PRDISactive", "Product Deleted"]}}]',9,1,2);
INSERT INTO django_admin_log VALUES(876,'2022-04-25 00:38:25.120662','16','Encore Seafoods Stuffed Alaskan Salmon','[{"changed": {"fields": ["PRDISactive", "Product Deleted"]}}]',9,1,2);
INSERT INTO django_admin_log VALUES(877,'2022-04-25 01:48:17.579106','17','Gorton’s Beer Battered Fish Fillets with soft paper','[{"changed": {"fields": ["Product Image"]}}]',9,1,2);
INSERT INTO django_admin_log VALUES(878,'2022-04-25 01:49:49.601781','10','All Natural Italian-Style Chicken Meatballs','[{"changed": {"fields": ["Name"]}}]',9,1,2);
INSERT INTO django_admin_log VALUES(879,'2022-04-25 02:58:28.327566','73','"  onload="alert(''2'');','[{"changed": {"fields": ["Name", "PRDISactive", "Product Deleted"]}}]',9,1,2);
INSERT INTO django_admin_log VALUES(880,'2022-04-25 03:22:48.293852','90','Haagen-Dazs Caramel Cone Ice Cream Ketchup','[{"changed": {"fields": ["Short Description", "PRDISactive", "Product Deleted"]}}]',9,1,2);
INSERT INTO django_admin_log VALUES(881,'2022-04-25 03:22:55.629369','73','"  onload="alert(''2'');','[{"changed": {"fields": ["PRDISactive", "Product Deleted"]}}]',9,1,2);
INSERT INTO django_admin_log VALUES(882,'2022-04-30 04:49:43.641043','90','Haagen-Dazs Caramel Cone Ice Cream Ketchup','[{"changed": {"fields": ["Additional  Image_1"]}}]',9,1,2);
INSERT INTO django_admin_log VALUES(883,'2022-05-02 20:57:33.302908','1','id: 1 email: info@mohamedselem.com.','[{"added": {}}]',30,1,1);
INSERT INTO django_admin_log VALUES(884,'2022-05-02 21:47:24.614481','12','id: 12 email: test@gmail.com.','',30,1,3);
INSERT INTO django_admin_log VALUES(885,'2022-05-02 21:47:24.623425','11','id: 11 email: .','',30,1,3);
INSERT INTO django_admin_log VALUES(886,'2022-05-02 21:47:24.629408','10','id: 10 email: .','',30,1,3);
INSERT INTO django_admin_log VALUES(887,'2022-05-02 21:47:24.637387','9','id: 9 email: .','',30,1,3);
INSERT INTO django_admin_log VALUES(888,'2022-05-02 21:47:24.641458','8','id: 8 email: .','',30,1,3);
INSERT INTO django_admin_log VALUES(889,'2022-05-02 21:47:24.645413','7','id: 7 email: .','',30,1,3);
INSERT INTO django_admin_log VALUES(890,'2022-05-02 21:47:24.649403','6','id: 6 email: .','',30,1,3);
INSERT INTO django_admin_log VALUES(891,'2022-05-02 21:47:24.656383','5','id: 5 email: .','',30,1,3);
INSERT INTO django_admin_log VALUES(892,'2022-05-02 21:47:24.660374','4','id: 4 email: .','',30,1,3);
INSERT INTO django_admin_log VALUES(893,'2022-05-02 21:47:24.664362','3','id: 3 email: .','',30,1,3);
INSERT INTO django_admin_log VALUES(894,'2022-05-02 22:13:46.356563','2','id: 2 email: .','',30,1,3);
INSERT INTO django_admin_log VALUES(895,'2022-05-02 22:34:46.631647','17','id: 17 email: .','',30,1,3);
INSERT INTO django_admin_log VALUES(896,'2022-05-03 00:17:18.770182','90','"  onload="alert(''2'');','[{"changed": {"fields": ["Name"]}}]',9,1,2);
INSERT INTO django_admin_log VALUES(897,'2022-05-03 00:23:26.076682','90','alert("Hello! I am an alert box!!");','[{"changed": {"fields": ["Name"]}}]',9,1,2);
INSERT INTO django_admin_log VALUES(898,'2022-05-03 00:24:06.407449','90','<script>alert("Hello! I am an alert box!!");</script>','[{"changed": {"fields": ["Name"]}}]',9,1,2);
INSERT INTO django_admin_log VALUES(899,'2022-05-03 00:24:56.167756','90','Haagen-Dazs Caramel Cone Ice Cream Ketchup','[{"changed": {"fields": ["Name"]}}]',9,1,2);
INSERT INTO django_admin_log VALUES(900,'2022-05-03 20:17:57.027307','1','Seeds of Change Organic Quinoa, Brown, & Red Rice','[{"added": {}}]',31,1,1);
INSERT INTO django_admin_log VALUES(901,'2022-05-03 22:46:57.576704','2','Seeds of Change Organic Quinoa, Brown, & Red Rice','',31,1,3);
INSERT INTO django_admin_log VALUES(902,'2022-05-03 22:46:57.582717','1','Seeds of Change Organic Quinoa, Brown, & Red Rice','',31,1,3);
INSERT INTO django_admin_log VALUES(903,'2022-05-03 23:08:44.310865','4','Gorton’s Beer Battered Fish Fillets with soft paper','',31,1,3);
INSERT INTO django_admin_log VALUES(904,'2022-05-03 23:08:44.317823','3','Seeds of Change Organic Quinoa, Brown, & Red Rice','',31,1,3);
INSERT INTO django_admin_log VALUES(905,'2022-05-03 23:22:36.610604','5','Gorton’s Beer Battered Fish Fillets with soft paper','',31,1,3);
INSERT INTO django_admin_log VALUES(906,'2022-05-03 23:23:41.436453','6','Gorton’s Beer Battered Fish Fillets with soft paper','',31,1,3);
INSERT INTO django_admin_log VALUES(907,'2022-05-03 23:25:55.255584','7','Gorton’s Beer Battered Fish Fillets with soft paper','',31,1,3);
INSERT INTO django_admin_log VALUES(908,'2022-05-03 23:27:42.541069','8','Gorton’s Beer Battered Fish Fillets with soft paper','',31,1,3);
INSERT INTO django_admin_log VALUES(909,'2022-05-03 23:30:25.091647','9','Gorton’s Beer Battered Fish Fillets with soft paper','',31,1,3);
INSERT INTO django_admin_log VALUES(910,'2022-05-03 23:45:49.369196','10','Gorton’s Beer Battered Fish Fillets with soft paper','[{"changed": {"fields": ["Active"]}}]',31,1,2);
INSERT INTO django_admin_log VALUES(911,'2022-05-04 00:03:31.083327','10','Gorton’s Beer Battered Fish Fillets with soft paper','[{"changed": {"fields": ["Rate"]}}]',31,1,2);
INSERT INTO django_admin_log VALUES(912,'2022-05-04 00:03:45.765172','10','Gorton’s Beer Battered Fish Fillets with soft paper','[{"changed": {"fields": ["Rate"]}}]',31,1,2);
INSERT INTO django_admin_log VALUES(913,'2022-05-04 00:06:01.774657','10','Gorton’s Beer Battered Fish Fillets with soft paper','[{"changed": {"fields": ["Rate"]}}]',31,1,2);
INSERT INTO django_admin_log VALUES(914,'2022-05-04 00:13:49.583462','10','Gorton’s Beer Battered Fish Fillets with soft paper','',31,1,3);
INSERT INTO django_admin_log VALUES(915,'2022-05-04 00:29:03.378781','1','Haagen-Dazs Caramel Cone Ice Cream Ketchup','[{"changed": {"fields": ["Active"]}}]',31,1,2);
INSERT INTO django_admin_log VALUES(916,'2022-05-04 00:56:42.708425','2','Haagen-Dazs Caramel Cone Ice Cream Ketchup','[{"changed": {"fields": ["Active"]}}]',31,1,2);
INSERT INTO django_admin_log VALUES(917,'2022-05-04 16:29:56.711871','6','Blue Diamond Almonds Lightly Salted Vegetables','',31,1,3);
INSERT INTO django_admin_log VALUES(918,'2022-05-04 16:29:56.721801','5','Angie’s Boomchickapop Sweet & Salty Kettle Corn','',31,1,3);
INSERT INTO django_admin_log VALUES(919,'2022-05-04 16:29:56.731809','4','Chobani Complete Vanilla Greek Yogurt','',31,1,3);
INSERT INTO django_admin_log VALUES(920,'2022-05-04 16:29:56.741746','3','All Natural Italian-Style Chicken Meatballs','',31,1,3);
INSERT INTO django_admin_log VALUES(921,'2022-05-04 16:29:56.753778','2','Haagen-Dazs Caramel Cone Ice Cream Ketchup','',31,1,3);
INSERT INTO django_admin_log VALUES(922,'2022-05-04 16:29:56.767007','1','Haagen-Dazs Caramel Cone Ice Cream Ketchup','',31,1,3);
INSERT INTO django_admin_log VALUES(923,'2022-05-04 16:32:14.796366','7','Blue Diamond Almonds Lightly Salted Vegetables','',31,1,3);
INSERT INTO django_admin_log VALUES(924,'2022-05-04 16:33:32.409407','8','Blue Diamond Almonds Lightly Salted Vegetables','',31,1,3);
INSERT INTO django_admin_log VALUES(925,'2022-05-04 16:34:44.842965','9','Blue Diamond Almonds Lightly Salted Vegetables','[{"changed": {"fields": ["Active"]}}]',31,1,2);
INSERT INTO django_admin_log VALUES(926,'2022-05-04 16:35:14.174464','10','Blue Diamond Almonds Lightly Salted Vegetables','[{"changed": {"fields": ["Active"]}}]',31,1,2);
INSERT INTO django_admin_log VALUES(927,'2022-05-04 18:51:25.212647','11','Haagen-Dazs Caramel Cone Ice Cream Ketchup','[{"changed": {"fields": ["Active"]}}]',31,1,2);
INSERT INTO django_admin_log VALUES(928,'2022-05-04 18:54:58.556338','11','Haagen-Dazs Caramel Cone Ice Cream Ketchup','',31,1,3);
INSERT INTO django_admin_log VALUES(929,'2022-05-04 18:54:58.574655','10','Blue Diamond Almonds Lightly Salted Vegetables','',31,1,3);
INSERT INTO django_admin_log VALUES(930,'2022-05-04 18:54:58.588620','9','Blue Diamond Almonds Lightly Salted Vegetables','',31,1,3);
INSERT INTO django_admin_log VALUES(931,'2022-05-04 18:55:17.576521','90','Haagen-Dazs Caramel Cone Ice Cream Ketchup','[{"changed": {"fields": ["Feedbak average", "Feedbak number"]}}]',9,1,2);
INSERT INTO django_admin_log VALUES(932,'2022-05-04 18:57:12.198055','13','Angie’s Boomchickapop Sweet & Salty Kettle Corn','[{"changed": {"fields": ["Active"]}}]',31,1,2);
INSERT INTO django_admin_log VALUES(933,'2022-05-04 19:07:03.980466','14','All Natural Italian-Style Chicken Meatballs','[{"changed": {"fields": ["Active"]}}]',31,1,2);
INSERT INTO django_admin_log VALUES(934,'2022-05-05 00:26:20.184416','21','Angie’s Boomchickapop Sweet & Salty Kettle Corn','',31,1,3);
INSERT INTO django_admin_log VALUES(935,'2022-05-05 00:26:20.195388','20','Foster Farms Takeout Crispy Classic Buffalo Wings','',31,1,3);
INSERT INTO django_admin_log VALUES(936,'2022-05-05 00:26:20.201371','19','Foster Farms Takeout Crispy Classic Buffalo Wings','',31,1,3);
INSERT INTO django_admin_log VALUES(937,'2022-05-05 00:26:20.209350','18','Foster Farms Takeout Crispy Classic Buffalo Wings','',31,1,3);
INSERT INTO django_admin_log VALUES(938,'2022-05-05 00:26:20.214336','17','Encore Seafoods Stuffed Alaskan Salmon','',31,1,3);
INSERT INTO django_admin_log VALUES(939,'2022-05-05 00:26:20.233285','16','Encore Seafoods Stuffed Alaskan Salmon','',31,1,3);
INSERT INTO django_admin_log VALUES(940,'2022-05-05 00:26:20.243259','15','Canada Dry Ginger Ale – 2 L Bottle - 200ml - 400g','',31,1,3);
INSERT INTO django_admin_log VALUES(941,'2022-05-05 00:26:20.252235','14','All Natural Italian-Style Chicken Meatballs','',31,1,3);
INSERT INTO django_admin_log VALUES(942,'2022-05-05 00:26:20.258220','13','Angie’s Boomchickapop Sweet & Salty Kettle Corn','',31,1,3);
INSERT INTO django_admin_log VALUES(943,'2022-05-05 00:26:20.265201','12','Haagen-Dazs Caramel Cone Ice Cream Ketchup','',31,1,3);
INSERT INTO django_admin_log VALUES(944,'2022-05-05 00:27:17.257335','11','Angie’s Boomchickapop Sweet & Salty Kettle Corn','[{"changed": {"fields": ["Full Description", "Feedbak average", "Feedbak number", "Start_1"]}}]',9,1,2);
INSERT INTO django_admin_log VALUES(945,'2022-05-05 00:29:59.596525','11','Angie’s Boomchickapop Sweet & Salty Kettle Corn','[{"changed": {"fields": ["Feedbak number", "Start_2", "Start_4"]}}]',9,1,2);
INSERT INTO django_admin_log VALUES(946,'2022-05-05 00:30:17.944691','23','Angie’s Boomchickapop Sweet & Salty Kettle Corn','',31,1,3);
INSERT INTO django_admin_log VALUES(947,'2022-05-05 00:30:17.954629','22','Angie’s Boomchickapop Sweet & Salty Kettle Corn','',31,1,3);
INSERT INTO django_admin_log VALUES(948,'2022-05-05 00:34:24.986431','11','Angie’s Boomchickapop Sweet & Salty Kettle Corn','[{"changed": {"fields": ["Start_3", "Start_5"]}}]',9,1,2);
INSERT INTO django_admin_log VALUES(949,'2022-05-05 03:22:06.899035','11','Angie’s Boomchickapop Sweet & Salty Kettle Corn','[{"changed": {"fields": ["Feedbak average", "Feedbak number"]}}]',9,1,2);
INSERT INTO django_admin_log VALUES(950,'2022-05-05 03:22:15.607522','25','Angie’s Boomchickapop Sweet & Salty Kettle Corn','',31,1,3);
INSERT INTO django_admin_log VALUES(951,'2022-05-05 03:22:15.617496','24','Angie’s Boomchickapop Sweet & Salty Kettle Corn','',31,1,3);
INSERT INTO django_admin_log VALUES(952,'2022-05-05 16:46:33.620080','1','Best smartwatch 2022: the top wearables you can buy today','[{"added": {}}]',33,1,1);
INSERT INTO django_admin_log VALUES(953,'2022-05-05 17:17:25.546908','2','Summer Quinoa Salad Jars with Lemon Dill','[{"added": {}}]',33,1,1);
INSERT INTO django_admin_log VALUES(954,'2022-05-05 19:23:59.479248','2','Summer Quinoa Salad Jars with Lemon Dill','[{"changed": {"fields": ["Views"]}}]',33,1,2);
INSERT INTO django_admin_log VALUES(955,'2022-05-05 19:24:16.996315','1','127.0.0.1','',36,1,3);
INSERT INTO django_admin_log VALUES(956,'2022-05-05 19:57:59.241966','1','Best smartwatch 2022: the top wearables you can buy today','[{"changed": {"fields": ["Author"]}}]',33,1,2);
INSERT INTO django_admin_log VALUES(957,'2022-05-05 21:51:40.812584','1','Commented mohamed selem on Summer Quinoa Salad Jars with Lemon Dill.','[{"changed": {"fields": ["Active"]}}]',32,1,2);
INSERT INTO django_admin_log VALUES(958,'2022-05-05 22:19:06.236219','7','Commented mohamed selem on Summer Quinoa Salad Jars with Lemon Dill.','[{"changed": {"fields": ["Publisher"]}}]',32,1,2);
INSERT INTO django_admin_log VALUES(959,'2022-05-05 22:19:13.364599','6','Commented mohamed selem on Summer Quinoa Salad Jars with Lemon Dill.','[{"changed": {"fields": ["Publisher"]}}]',32,1,2);
INSERT INTO django_admin_log VALUES(960,'2022-05-05 22:19:22.092150','5','Commented mohamed selem on Summer Quinoa Salad Jars with Lemon Dill.','[{"changed": {"fields": ["Publisher"]}}]',32,1,2);
INSERT INTO django_admin_log VALUES(961,'2022-05-05 22:20:30.647782','1','Commented mohamed selem on Summer Quinoa Salad Jars with Lemon Dill.','[{"changed": {"fields": ["Profile"]}}]',32,1,2);
INSERT INTO django_admin_log VALUES(962,'2022-05-05 22:20:35.441407','2','Commented mohamed selem on Summer Quinoa Salad Jars with Lemon Dill.','[{"changed": {"fields": ["Profile"]}}]',32,1,2);
INSERT INTO django_admin_log VALUES(963,'2022-05-05 22:20:46.394940','3','Commented mohamed selem on Summer Quinoa Salad Jars with Lemon Dill.','[{"changed": {"fields": ["Profile"]}}]',32,1,2);
INSERT INTO django_admin_log VALUES(964,'2022-05-05 22:20:52.224124','4','Commented mohamed selem on Summer Quinoa Salad Jars with Lemon Dill.','[{"changed": {"fields": ["Profile"]}}]',32,1,2);
INSERT INTO django_admin_log VALUES(965,'2022-05-05 23:02:16.703495','1','1','[{"added": {}}]',38,1,1);
INSERT INTO django_admin_log VALUES(966,'2022-05-05 23:08:50.789937','1','1','[{"changed": {"fields": ["Title"]}}]',38,1,2);
INSERT INTO django_admin_log VALUES(967,'2022-05-05 23:09:47.357645','1','1','[{"changed": {"fields": ["Title"]}}]',38,1,2);
INSERT INTO django_admin_log VALUES(968,'2022-05-06 00:17:47.715762','1','id: 1','[{"added": {}}]',39,1,1);
INSERT INTO django_admin_log VALUES(969,'2022-05-06 00:40:34.206879','1','id: 1','[{"changed": {"fields": ["Pinterest", "Instagram"]}}]',39,1,2);
INSERT INTO django_admin_log VALUES(970,'2022-05-06 01:00:14.441107','1','id: 1 email contact@Evara.com.','[{"added": {}}]',40,1,1);
INSERT INTO django_admin_log VALUES(971,'2022-05-06 01:01:00.950089','2','id: 2 email contact@Evara.com.','[{"added": {}}]',40,1,1);
INSERT INTO django_admin_log VALUES(972,'2022-05-06 01:01:51.493785','3','id: 3 email contact@Evara.com.','[{"added": {}}]',40,1,1);
INSERT INTO django_admin_log VALUES(973,'2022-05-06 02:19:24.614071','3','id: 3 email contact@Evara.com.','[{"changed": {"fields": ["Map link"]}}]',40,1,2);
INSERT INTO django_admin_log VALUES(974,'2022-05-06 02:19:29.483683','2','id: 2 email contact@Evara.com.','[{"changed": {"fields": ["Map link"]}}]',40,1,2);
INSERT INTO django_admin_log VALUES(975,'2022-05-06 02:19:34.766657','1','id: 1 email contact@Evara.com.','[{"changed": {"fields": ["Map link"]}}]',40,1,2);
INSERT INTO django_admin_log VALUES(976,'2022-05-06 02:21:20.118967','1','id: 1 email contact@Evara.com.','[{"changed": {"fields": ["Map link"]}}]',40,1,2);
INSERT INTO django_admin_log VALUES(977,'2022-05-06 02:21:32.944315','1','id: 1 email contact@Evara.com.','[{"changed": {"fields": ["Map link"]}}]',40,1,2);
INSERT INTO django_admin_log VALUES(978,'2022-05-06 02:45:06.580975','1','1','[{"added": {}}]',41,1,1);
INSERT INTO django_admin_log VALUES(979,'2022-05-07 00:31:33.892849','1','Page Name: About Us','[{"added": {}}]',42,1,1);
INSERT INTO django_admin_log VALUES(980,'2022-05-07 00:31:42.660325','1','Page Name: About Us','[]',42,1,2);
INSERT INTO django_admin_log VALUES(981,'2022-05-07 00:31:54.763264','2','Page Name: About Us','[{"added": {}}]',42,1,1);
INSERT INTO django_admin_log VALUES(982,'2022-05-07 00:38:57.782775','2','Page Name: About Us','',42,1,3);
INSERT INTO django_admin_log VALUES(983,'2022-05-07 00:39:04.307676','1','Page Name: About Us','[{"changed": {"fields": ["Content"]}}]',42,1,2);
INSERT INTO django_admin_log VALUES(984,'2022-05-07 00:39:44.335338','1','Page Name: About Us','[{"changed": {"fields": ["Content"]}}]',42,1,2);
INSERT INTO django_admin_log VALUES(985,'2022-05-07 00:46:54.754764','1','Page Name: About Us','[]',42,1,2);
INSERT INTO django_admin_log VALUES(986,'2022-05-07 00:47:34.647675','1','Page Name: About Us','[{"changed": {"fields": ["Content"]}}]',42,1,2);
INSERT INTO django_admin_log VALUES(987,'2022-05-07 00:49:43.036582','1','Page Name: About Us','[{"changed": {"fields": ["Content"]}}]',42,1,2);
INSERT INTO django_admin_log VALUES(988,'2022-05-07 00:53:17.365589','1','Page Name: About Us','[{"changed": {"fields": ["Content"]}}]',42,1,2);
INSERT INTO django_admin_log VALUES(989,'2022-05-07 00:55:36.145282','2','Page Name: Terms Of Service','[{"added": {}}]',42,1,1);
INSERT INTO django_admin_log VALUES(990,'2022-05-07 00:56:16.151920','3','Page Name: Refund Policy','[{"added": {}}]',42,1,1);
INSERT INTO django_admin_log VALUES(991,'2022-05-07 01:23:12.575616','3','Page Name: Refund Policy','[{"changed": {"fields": ["Active"]}}]',42,1,2);
INSERT INTO django_admin_log VALUES(992,'2022-05-07 01:23:21.343154','3','Page Name: Refund Policy','[{"changed": {"fields": ["Active"]}}]',42,1,2);
INSERT INTO django_admin_log VALUES(993,'2022-05-07 01:56:02.828634','1','id: 1 number 1900 - 8888.','[{"added": {}}]',43,1,1);
INSERT INTO django_admin_log VALUES(994,'2022-05-07 01:56:22.425557','2','id: 2 number 1900 - 6666.','[{"added": {}}]',43,1,1);
INSERT INTO django_admin_log VALUES(995,'2022-05-07 02:49:33.345021','1','id: 1 site name Nest.','[{"added": {}}]',44,1,1);
INSERT INTO django_admin_log VALUES(996,'2022-05-07 02:51:49.150368','1','id: 1 site name Nest.','[{"changed": {"fields": ["Site favicon"]}}]',44,1,2);
INSERT INTO django_admin_log VALUES(997,'2022-05-07 02:53:13.443547','1','id: 1 site name Nest.','[{"changed": {"fields": ["Site Logo"]}}]',44,1,2);
INSERT INTO django_admin_log VALUES(998,'2022-05-07 08:00:06.762521','1','id: 1 site name Nest.','',44,1,3);
INSERT INTO django_admin_log VALUES(999,'2022-05-07 08:01:41.798828','2','id: 2 site name Nest.','[{"added": {}}]',44,1,1);
INSERT INTO django_admin_log VALUES(1000,'2022-05-07 08:02:36.081238','2','id: 2 site name Nest.','[{"changed": {"fields": ["Login screen"]}}]',44,1,2);
INSERT INTO django_admin_log VALUES(1001,'2022-05-08 01:13:21.114249','1','554544554','[{"added": {}}]',45,1,1);
INSERT INTO django_admin_log VALUES(1002,'2022-05-08 02:02:10.792822','1','hhhhhhhhhhhhh','',45,1,3);
INSERT INTO django_admin_log VALUES(1003,'2022-05-08 02:02:56.201609','2','قببق','',45,1,3);
INSERT INTO django_admin_log VALUES(1004,'2022-05-08 02:04:04.148580','3','BankAccount object (3)','',45,1,3);
INSERT INTO django_admin_log VALUES(1005,'2022-05-08 02:31:59.493361','4','BankAccount object (4)','',45,1,3);
INSERT INTO django_admin_log VALUES(1006,'2022-05-08 04:32:46.821782','1','SocialLink object (1)','',46,1,3);
INSERT INTO django_admin_log VALUES(1007,'2022-05-08 20:24:45.624987','90','Haagen-Dazs Caramel Cone Ice Cream Ketchup','[{"changed": {"fields": ["Product Deleted"]}}]',9,1,2);
INSERT INTO django_admin_log VALUES(1008,'2022-05-08 22:04:22.608522','5','BankAccount object (5)','',45,1,3);
INSERT INTO django_admin_log VALUES(1009,'2022-05-08 22:10:54.378982','1','VendorPayments object (1)','[{"added": {}}]',47,1,1);
INSERT INTO django_admin_log VALUES(1010,'2022-05-08 22:45:06.302870','1','VendorPayments object (1)','[{"changed": {"fields": ["Fee"]}}]',47,1,2);
INSERT INTO django_admin_log VALUES(1011,'2022-05-08 22:45:37.778955','1','VendorPayments object (1)','[{"changed": {"fields": ["Request amount"]}}]',47,1,2);
INSERT INTO django_admin_log VALUES(1012,'2022-05-08 22:48:17.865761','168','168','[{"changed": {"fields": ["Status"]}}]',15,1,2);
INSERT INTO django_admin_log VALUES(1013,'2022-05-08 22:48:25.633606','167','167','[{"changed": {"fields": ["Status"]}}]',15,1,2);
INSERT INTO django_admin_log VALUES(1014,'2022-05-08 22:48:55.297455','163','163','[{"changed": {"fields": ["Status"]}}]',15,1,2);
INSERT INTO django_admin_log VALUES(1015,'2022-05-08 22:48:55.333393','161','161','[{"changed": {"fields": ["Status"]}}]',15,1,2);
INSERT INTO django_admin_log VALUES(1016,'2022-05-08 22:50:09.508294','162','162','[{"changed": {"fields": ["Status"]}}]',15,1,2);
INSERT INTO django_admin_log VALUES(1017,'2022-05-08 22:50:21.503054','165','165','[{"changed": {"fields": ["Status"]}}]',15,1,2);
INSERT INTO django_admin_log VALUES(1018,'2022-05-08 23:16:11.376620','1','VendorPayments object (1)','[{"changed": {"fields": ["Status"]}}]',47,1,2);
INSERT INTO django_admin_log VALUES(1019,'2022-05-08 23:19:08.087744','1','VendorPayments object (1)','[{"changed": {"fields": ["Status"]}}]',47,1,2);
INSERT INTO django_admin_log VALUES(1020,'2022-05-08 23:33:57.702759','1','VendorPayments object (1)','[{"changed": {"fields": ["Method"]}}]',47,1,2);
INSERT INTO django_admin_log VALUES(1021,'2022-05-08 23:34:50.344477','2','VendorPayments object (2)','[{"added": {}}]',47,1,1);
INSERT INTO django_admin_log VALUES(1022,'2022-05-09 00:46:17.496979','6','VendorPayments object (6)','',47,1,3);
INSERT INTO django_admin_log VALUES(1023,'2022-05-09 00:46:17.509913','5','VendorPayments object (5)','',47,1,3);
INSERT INTO django_admin_log VALUES(1024,'2022-05-09 00:46:17.519859','4','VendorPayments object (4)','',47,1,3);
INSERT INTO django_admin_log VALUES(1025,'2022-05-09 00:46:17.529825','3','VendorPayments object (3)','',47,1,3);
INSERT INTO django_admin_log VALUES(1026,'2022-05-09 00:46:17.540796','2','VendorPayments object (2)','',47,1,3);
INSERT INTO django_admin_log VALUES(1027,'2022-05-09 00:46:17.549772','1','VendorPayments object (1)','',47,1,3);
INSERT INTO django_admin_log VALUES(1028,'2022-05-09 00:46:34.924746','2','selem','[{"changed": {"fields": ["Blance", "Requested"]}}]',13,1,2);
INSERT INTO django_admin_log VALUES(1029,'2022-05-09 05:16:14.755512','2','id: 2 site name Nest.','[{"changed": {"fields": ["Site Title"]}}]',44,1,2);
INSERT INTO django_admin_log VALUES(1030,'2022-05-09 05:16:26.294504','2','id: 2 site name Nest.','[{"changed": {"fields": ["Site Title"]}}]',44,1,2);
INSERT INTO django_admin_log VALUES(1031,'2022-05-09 06:12:15.528236','90','Haagen-Dazs Caramel Cone Ice Cream Ketchup','[{"changed": {"fields": ["SET WEIGHT_KG"]}}]',9,1,2);
INSERT INTO django_admin_log VALUES(1032,'2022-05-09 06:12:38.130786','17','Gorton’s Beer Battered Fish Fillets with soft paper','[]',9,1,2);
INSERT INTO django_admin_log VALUES(1033,'2022-05-09 07:03:41.115837','1','StripeSetting object (1)','[{"added": {}}]',48,1,1);
INSERT INTO django_admin_log VALUES(1034,'2022-05-12 01:49:38.621259','2','selem','[{"changed": {"fields": ["Requested"]}}]',13,1,2);
INSERT INTO django_admin_log VALUES(1035,'2022-05-12 01:55:58.159574','2','selem','[{"changed": {"fields": ["Blance"]}}]',13,1,2);
INSERT INTO django_admin_log VALUES(1036,'2022-05-12 11:27:21.688037','90','Haagen-Dazs Caramel Cone Ice Cream Ketchup','[{"changed": {"fields": ["PRDISactive", "Product Deleted"]}}]',9,1,2);
INSERT INTO django_admin_log VALUES(1037,'2022-05-12 11:27:40.679543','90','Haagen-Dazs Caramel Cone Ice Cream Ketchup','[{"changed": {"fields": ["Product Deleted"]}}]',9,1,2);
INSERT INTO django_admin_log VALUES(1038,'2022-05-12 11:28:16.205927','90','Haagen-Dazs Caramel Cone Ice Cream Ketchup','[{"changed": {"fields": ["PRDISactive", "Product Deleted"]}}]',9,1,2);
INSERT INTO django_admin_log VALUES(1039,'2022-05-12 11:28:43.161406','90','Haagen-Dazs Caramel Cone Ice Cream Ketchup','[{"changed": {"fields": ["Product Deleted"]}}]',9,1,2);
INSERT INTO django_admin_log VALUES(1040,'2022-05-12 11:30:43.141160','9','Seeds of Change Organic Quinoa, Brown, & Red Rice','[{"changed": {"fields": ["Full Description", "PRDISactive", "Product Deleted"]}}]',9,1,2);
INSERT INTO django_admin_log VALUES(1041,'2022-05-12 11:41:12.875971','24','Beauty & Fragrances','[{"added": {}}]',11,1,1);
INSERT INTO django_admin_log VALUES(1042,'2022-05-12 11:42:16.199190','25','Makeup','[{"added": {}}]',8,1,1);
INSERT INTO django_admin_log VALUES(1043,'2022-05-12 11:43:01.634356','8','Eye Makeup','[{"added": {}}]',7,1,1);
INSERT INTO django_admin_log VALUES(1044,'2022-05-12 11:43:16.539807','8','Eye Shadows','[{"added": {}}]',10,1,1);
INSERT INTO django_admin_log VALUES(1045,'2022-05-12 11:44:11.691870','25','Office & Stationery','[{"added": {}}]',11,1,1);
INSERT INTO django_admin_log VALUES(1046,'2022-05-12 11:44:22.244044','26','Books','[{"added": {}}]',8,1,1);
INSERT INTO django_admin_log VALUES(1047,'2022-05-12 11:44:40.037783','9','Fiction','[{"added": {}}]',7,1,1);
INSERT INTO django_admin_log VALUES(1048,'2022-05-12 11:44:53.933411','9','Comic & Graphic Novels','[{"added": {}}]',10,1,1);
INSERT INTO django_admin_log VALUES(1049,'2022-05-12 11:45:18.938233','26','Consumer Electronics','[{"added": {}}]',11,1,1);
INSERT INTO django_admin_log VALUES(1050,'2022-05-12 11:45:35.571339','27','Mobile Phones & Tablets','[{"added": {}}]',8,1,1);
INSERT INTO django_admin_log VALUES(1051,'2022-05-12 11:45:53.552045','10','Chargers & Batteries','[{"added": {}}]',7,1,1);
INSERT INTO django_admin_log VALUES(1052,'2022-05-12 11:46:41.154227','10','Wall Chargers','[{"added": {}}]',10,1,1);
INSERT INTO django_admin_log VALUES(1053,'2022-05-12 11:47:50.287654','27','Fashion & Accessories','[{"added": {}}]',11,1,1);
INSERT INTO django_admin_log VALUES(1054,'2022-05-12 11:49:03.832130','28','Clothing','[{"added": {}}]',8,1,1);
INSERT INTO django_admin_log VALUES(1055,'2022-05-12 11:49:24.071276','11','Kids Jumpsuits & Sets','[{"added": {}}]',7,1,1);
INSERT INTO django_admin_log VALUES(1056,'2022-05-12 11:49:41.294646','11','Kids Costumes','[{"added": {}}]',10,1,1);
INSERT INTO django_admin_log VALUES(1057,'2022-05-12 12:16:58.497489','7','test6','[{"changed": {"fields": ["Display name", "Bio", "Mobile number", "Address", "City", "Post code", "Country", "State"]}}]',13,1,2);
INSERT INTO django_admin_log VALUES(1058,'2022-05-12 12:17:30.612131','7','test6','[{"changed": {"fields": ["Image"]}}]',13,1,2);
INSERT INTO django_admin_log VALUES(1059,'2022-05-12 12:18:29.178933','3','SocialLink object (3)','[{"added": {}}]',46,1,1);
INSERT INTO django_admin_log VALUES(1060,'2022-05-12 12:22:35.671895','2','selem','[{"changed": {"fields": ["Mobile number", "Address", "City", "Country", "State"]}}]',13,1,2);
INSERT INTO django_admin_log VALUES(1061,'2022-05-12 12:24:13.184044','12','test11','[{"changed": {"fields": ["Image", "Display name", "Bio", "Mobile number", "Address", "City", "Post code", "Country", "State"]}}]',13,1,2);
INSERT INTO django_admin_log VALUES(1062,'2022-05-12 12:26:18.233068','13','test12','[{"changed": {"fields": ["Image", "Display name", "Bio", "Mobile number", "Address", "City", "Post code", "Country", "State"]}}]',13,1,2);
INSERT INTO django_admin_log VALUES(1063,'2022-05-12 12:27:48.877904','14','test13','[{"changed": {"fields": ["Image", "Display name", "Bio", "Mobile number", "Address", "City", "Post code", "Country", "State"]}}]',13,1,2);
INSERT INTO django_admin_log VALUES(1064,'2022-05-12 12:29:46.740142','17','test16','[{"changed": {"fields": ["Image", "Display name", "Bio", "Mobile number", "Address", "City", "Post code", "Country", "State"]}}]',13,1,2);
INSERT INTO django_admin_log VALUES(1065,'2022-05-12 12:30:32.526595','18','test17','[{"changed": {"fields": ["Image", "Display name", "Bio", "Mobile number", "Address", "City", "Post code", "Country", "State"]}}]',13,1,2);
INSERT INTO django_admin_log VALUES(1066,'2022-05-12 12:31:00.958520','16','test15','[{"changed": {"fields": ["Status"]}}]',13,1,2);
INSERT INTO django_admin_log VALUES(1067,'2022-05-12 12:31:44.446544','16','test15','[{"changed": {"fields": ["Image", "Display name", "Bio", "Mobile number", "Address", "City", "Post code", "Country", "State"]}}]',13,1,2);
INSERT INTO django_admin_log VALUES(1068,'2022-05-12 15:23:43.833693','1','Bring nature into your home','[{"changed": {"fields": ["Ad URL"]}}]',23,1,2);
INSERT INTO django_admin_log VALUES(1069,'2022-05-12 15:24:06.206964','4','Simply Lemonade with Raspberry Juice','[{"changed": {"fields": ["Product URL"]}}]',24,1,2);
INSERT INTO django_admin_log VALUES(1070,'2022-05-12 15:24:12.260887','3','Signature Wood-Fired Mushroom and Caramelized','[{"changed": {"fields": ["Product URL"]}}]',24,1,2);
INSERT INTO django_admin_log VALUES(1071,'2022-05-12 15:24:18.509426','2','Perdue Simply Smart Organics Gluten Free','[{"changed": {"fields": ["Product URL"]}}]',24,1,2);
INSERT INTO django_admin_log VALUES(1072,'2022-05-12 15:24:26.034173','1','Seeds of Change Organic Quinoa, Brown, & Red Rice','[{"changed": {"fields": ["Product URL"]}}]',24,1,2);
INSERT INTO django_admin_log VALUES(1073,'2022-05-12 15:24:35.203028','3','The best Organic Products Online','[{"changed": {"fields": ["Ad URL"]}}]',21,1,2);
INSERT INTO django_admin_log VALUES(1074,'2022-05-12 15:24:41.329701','2','Make your Breakfast Healthy and Easy','[{"changed": {"fields": ["Ad URL"]}}]',21,1,2);
INSERT INTO django_admin_log VALUES(1075,'2022-05-12 15:24:47.332267','1','Everyday Fresh & Clean with Our Products','[{"changed": {"fields": ["Ad URL"]}}]',21,1,2);
INSERT INTO django_admin_log VALUES(1076,'2022-05-12 15:24:57.764466','3','The best Organic Products Online','[{"changed": {"fields": ["Ad URL"]}}]',20,1,2);
INSERT INTO django_admin_log VALUES(1077,'2022-05-12 15:25:03.768258','1','Everyday Fresh & Clean with Our Products','[{"changed": {"fields": ["Ad URL"]}}]',20,1,2);
INSERT INTO django_admin_log VALUES(1078,'2022-05-12 15:25:16.283316','1','1','[{"changed": {"fields": ["Product URL"]}}]',25,1,2);
INSERT INTO django_admin_log VALUES(1079,'2022-05-12 15:25:27.851001','4','Enjoy 15% OFF for all vegetable','[{"changed": {"fields": ["Supplier"]}}]',22,1,2);
INSERT INTO django_admin_log VALUES(1080,'2022-05-12 15:25:34.508340','3','Special grocery sale off this month','[{"changed": {"fields": ["Supplier"]}}]',22,1,2);
INSERT INTO django_admin_log VALUES(1081,'2022-05-12 15:25:40.930061','2','100% guaranteed all Fresh items','[{"changed": {"fields": ["Supplier"]}}]',22,1,2);
INSERT INTO django_admin_log VALUES(1082,'2022-05-12 15:25:47.767186','1','Everyday Fresh with Our Products','[{"changed": {"fields": ["Supplier"]}}]',22,1,2);
INSERT INTO django_admin_log VALUES(1083,'2022-05-12 15:26:04.809391','1','Save 17% on Oganic Juice','[{"changed": {"fields": ["Ad URL"]}}]',26,1,2);
INSERT INTO django_admin_log VALUES(1084,'2022-05-12 15:26:13.777887','3','50','[{"changed": {"fields": ["Ad URL"]}}]',27,1,2);
INSERT INTO django_admin_log VALUES(1085,'2022-05-12 15:26:19.471355','2','30','[{"changed": {"fields": ["Ad URL"]}}]',27,1,2);
INSERT INTO django_admin_log VALUES(1086,'2022-05-12 15:26:26.044558','1','25','[{"changed": {"fields": ["Ad URL"]}}]',27,1,2);
INSERT INTO django_admin_log VALUES(1087,'2022-05-12 15:26:39.200798','2','Fresh Vegetables Big discount','[{"changed": {"fields": ["CARURL"]}}]',19,1,2);
INSERT INTO django_admin_log VALUES(1088,'2022-05-12 15:26:43.945506','1','Don’t miss amazing grocery deals','[{"changed": {"fields": ["CARURL"]}}]',19,1,2);
INSERT INTO django_admin_log VALUES(1089,'2022-05-12 15:26:53.485022','1','1','[{"changed": {"fields": ["Ad URL"]}}]',38,1,2);
INSERT INTO django_admin_log VALUES(1090,'2022-05-12 15:30:14.162158','4','Simply Lemonade with Raspberry Juice','[{"changed": {"fields": ["Deal Time"]}}]',24,1,2);
INSERT INTO django_admin_log VALUES(1091,'2022-05-12 15:30:46.215284','3','Signature Wood-Fired Mushroom and Caramelized','[{"changed": {"fields": ["Deal Time"]}}]',24,1,2);
INSERT INTO django_admin_log VALUES(1092,'2022-05-12 15:30:53.439360','2','Perdue Simply Smart Organics Gluten Free','[{"changed": {"fields": ["Deal Time"]}}]',24,1,2);
INSERT INTO django_admin_log VALUES(1093,'2022-05-12 15:31:00.659990','1','Seeds of Change Organic Quinoa, Brown, & Red Rice','[{"changed": {"fields": ["Deal Time"]}}]',24,1,2);
INSERT INTO django_admin_log VALUES(1094,'2022-05-17 12:52:06.462374','90','Haagen-Dazs Caramel Cone Ice Cream Ketchup','[{"changed": {"fields": ["Additional  Image_1"]}}]',9,1,2);
INSERT INTO django_admin_log VALUES(1095,'2022-05-17 12:54:55.525704','90','Haagen-Dazs Caramel Cone Ice Cream Ketchup','[{"changed": {"fields": ["Additional  Image_1"]}}]',9,1,2);
INSERT INTO django_admin_log VALUES(1096,'2022-05-17 12:58:51.574813','12','Foster Farms Takeout Crispy Classic Buffalo Wings','[{"changed": {"fields": ["Sub Category", "Mini Category", "Full Description"]}}]',9,1,2);
INSERT INTO django_admin_log VALUES(1097,'2022-05-18 04:03:57.408146','90','Haagen-Dazs Caramel Cone Ice Cream Ketchup','[{"changed": {"fields": ["Feedbak average", "Feedbak number"]}}]',9,1,2);
INSERT INTO django_admin_log VALUES(1098,'2022-05-18 04:17:23.359008','17','Gorton’s Beer Battered Fish Fillets with soft paper','[{"changed": {"fields": ["Available"]}}]',9,1,2);
INSERT INTO django_admin_log VALUES(1099,'2022-05-18 04:56:00.652541','73','"  onload="alert(''2'');','',9,1,3);
INSERT INTO django_admin_log VALUES(1100,'2022-05-18 05:21:48.856004','180','180','[]',15,1,2);
INSERT INTO django_admin_log VALUES(1101,'2022-05-18 05:22:17.597957','17','Gorton’s Beer Battered Fish Fillets with soft paper','[{"changed": {"fields": ["Promotional"]}}]',9,1,2);
INSERT INTO django_admin_log VALUES(1102,'2022-05-18 05:22:27.546473','9','Seeds of Change Organic Quinoa, Brown, & Red Rice','[{"changed": {"fields": ["Full Description", "Promotional"]}}]',9,1,2);
INSERT INTO django_admin_log VALUES(1103,'2022-05-18 05:23:34.108367','6','BankAccount object (6)','[{"changed": {"fields": ["Bank name", "Account name", "Country"]}}]',45,1,2);
INSERT INTO django_admin_log VALUES(1104,'2022-05-18 05:26:07.104731','35','id: 35 email: u@g.b.','',30,1,3);
INSERT INTO django_admin_log VALUES(1105,'2022-05-18 05:26:07.107278','34','id: 34 email: d@ftt.','',30,1,3);
INSERT INTO django_admin_log VALUES(1106,'2022-05-18 05:26:07.114463','33','id: 33 email: d@fhh.','',30,1,3);
INSERT INTO django_admin_log VALUES(1107,'2022-05-18 05:26:07.121456','32','id: 32 email: d@fj.','',30,1,3);
INSERT INTO django_admin_log VALUES(1108,'2022-05-18 05:26:07.128450','31','id: 31 email: f@fff.','',30,1,3);
INSERT INTO django_admin_log VALUES(1109,'2022-05-18 05:26:07.962978','30','id: 30 email: d@dl.','',30,1,3);
INSERT INTO django_admin_log VALUES(1110,'2022-05-18 05:26:07.968494','29','id: 29 email: d@d.','',30,1,3);
INSERT INTO django_admin_log VALUES(1111,'2022-05-18 05:26:07.976460','28','id: 28 email: d@f.','',30,1,3);
INSERT INTO django_admin_log VALUES(1112,'2022-05-18 05:26:07.983465','27','id: 27 email: 2@gg.','',30,1,3);
INSERT INTO django_admin_log VALUES(1113,'2022-05-18 05:26:07.990452','26','id: 26 email: f@f.','',30,1,3);
INSERT INTO django_admin_log VALUES(1114,'2022-05-18 05:26:19.632701','23','id: 23 email: w2@2.','',30,1,3);
INSERT INTO django_admin_log VALUES(1115,'2022-05-18 05:26:19.635959','22','id: 22 email: bdb@g.bg.','',30,1,3);
INSERT INTO django_admin_log VALUES(1116,'2022-05-18 05:26:19.643723','21','id: 21 email: test@gmaicl.com.','',30,1,3);
INSERT INTO django_admin_log VALUES(1117,'2022-05-18 05:26:19.650727','20','id: 20 email: 56d@gmail.com.','',30,1,3);
INSERT INTO django_admin_log VALUES(1118,'2022-05-18 05:26:19.657778','19','id: 19 email: bdbdd@g.g.','',30,1,3);
INSERT INTO django_admin_log VALUES(1119,'2022-05-18 05:26:19.664661','18','id: 18 email: testccc@gmail.com.','',30,1,3);
INSERT INTO django_admin_log VALUES(1120,'2022-05-18 05:26:19.671708','16','id: 16 email: testf@gmail.com.','',30,1,3);
INSERT INTO django_admin_log VALUES(1121,'2022-05-18 05:26:19.678703','15','id: 15 email: bdb@g.g.','',30,1,3);
INSERT INTO django_admin_log VALUES(1122,'2022-05-18 05:26:28.028444','13','id: 13 email: 56@gmail.com.','',30,1,3);
INSERT INTO django_admin_log VALUES(1123,'2022-05-18 05:26:28.031060','1','id: 1 email: info@mohamedselem.com.','',30,1,3);
INSERT INTO django_admin_log VALUES(1124,'2022-05-18 05:26:33.981425','14','id: 14 email: test@gmail.com.','',30,1,3);
INSERT INTO django_admin_log VALUES(1125,'2022-05-18 05:26:39.216393','24','id: 24 email: f@j.','',30,1,3);
INSERT INTO django_admin_log VALUES(1126,'2022-05-18 05:26:55.554262','90','Haagen-Dazs Caramel Cone Ice Cream Ketchup','[]',9,1,2);
INSERT INTO django_admin_log VALUES(1127,'2022-05-18 05:53:52.125085','174','174','[{"changed": {"fields": ["Status"]}}]',15,1,2);
INSERT INTO django_admin_log VALUES(1128,'2022-05-18 05:53:52.261318','173','173','[{"changed": {"fields": ["Status"]}}]',15,1,2);
INSERT INTO django_admin_log VALUES(1129,'2022-05-18 05:57:52.214178','1','selem','[{"changed": {"fields": ["password"]}}]',4,1,2);
INSERT INTO django_admin_log VALUES(1130,'2022-05-19 06:12:37.421767','89','Happy Meal® Chicken MACDO®','',9,1,3);
INSERT INTO django_admin_log VALUES(1131,'2022-05-19 06:12:37.434914','88','McNuggets® 6 Pieces','',9,1,3);
INSERT INTO django_admin_log VALUES(1132,'2022-05-19 06:12:37.443860','87','Big Tasty®','',9,1,3);
INSERT INTO django_admin_log VALUES(1133,'2022-05-19 06:12:37.450840','86','Big Mac®','',9,1,3);
INSERT INTO django_admin_log VALUES(1134,'2022-05-19 06:12:37.456824','85','Cheeseburger','',9,1,3);
INSERT INTO django_admin_log VALUES(1135,'2022-05-19 06:12:37.465802','84','Premium Grand Share Box','',9,1,3);
INSERT INTO django_admin_log VALUES(1136,'2022-05-19 06:12:37.472782','83','Premium Share Box','',9,1,3);
INSERT INTO django_admin_log VALUES(1137,'2022-05-19 06:12:37.479763','82','Grand Share Box','',9,1,3);
INSERT INTO django_admin_log VALUES(1138,'2022-05-19 06:12:37.484749','81','Share Box','',9,1,3);
INSERT INTO django_admin_log VALUES(1139,'2022-05-19 06:12:49.155226','80','Mix 2 Meal','',9,1,3);
INSERT INTO django_admin_log VALUES(1140,'2022-05-19 06:56:36.228307','7','VendorPayments object (7)','[{"changed": {"fields": ["Fee", "Status"]}}]',47,1,2);
INSERT INTO django_admin_log VALUES(1141,'2022-05-19 06:56:45.873062','8','VendorPayments object (8)','[{"changed": {"fields": ["Status"]}}]',47,1,2);
INSERT INTO django_admin_log VALUES(1142,'2022-05-19 06:56:54.814838','9','VendorPayments object (9)','[{"changed": {"fields": ["Status"]}}]',47,1,2);
INSERT INTO django_admin_log VALUES(1143,'2022-05-19 10:13:32.967816','188','188','[{"changed": {"fields": ["Shipping"]}}]',15,1,2);
INSERT INTO django_admin_log VALUES(1144,'2022-05-19 22:38:34.630622','12','Tea','[{"added": {}}]',7,1,1);
INSERT INTO django_admin_log VALUES(1145,'2022-05-19 22:38:44.510312','12','Black Tea','[{"added": {}}]',10,1,1);
INSERT INTO django_admin_log VALUES(1146,'2022-05-19 22:40:20.952094','13','Milk','[{"added": {}}]',7,1,1);
INSERT INTO django_admin_log VALUES(1147,'2022-05-19 22:40:38.004951','13','Milk Powder','[{"added": {}}]',10,1,1);
INSERT INTO django_admin_log VALUES(1148,'2022-05-19 22:43:26.684291','14','Tropical Fruit','[{"added": {}}]',7,1,1);
INSERT INTO django_admin_log VALUES(1149,'2022-05-19 22:43:47.394822','14','Kiwifruit','[{"added": {}}]',10,1,1);
INSERT INTO django_admin_log VALUES(1150,'2022-05-19 22:45:02.700402','15','Fresh Fruits','[{"added": {}}]',7,1,1);
INSERT INTO django_admin_log VALUES(1151,'2022-05-19 22:45:12.222772','15','Apples','[{"added": {}}]',10,1,1);
INSERT INTO django_admin_log VALUES(1152,'2022-05-19 22:47:11.472564','16','Pantry','[{"added": {}}]',7,1,1);
INSERT INTO django_admin_log VALUES(1153,'2022-05-19 22:47:26.768878','16','Seed Snacks','[{"added": {}}]',10,1,1);
INSERT INTO django_admin_log VALUES(1154,'2022-05-19 22:47:56.568393','15','Apple','[{"changed": {"fields": ["Name"]}}]',10,1,2);
INSERT INTO django_admin_log VALUES(1155,'2022-05-19 22:49:03.198595','17','Frozen Food','[{"added": {}}]',7,1,1);
INSERT INTO django_admin_log VALUES(1156,'2022-05-19 22:49:20.113689','17','Frozen Vegetables','[{"added": {}}]',10,1,1);
INSERT INTO django_admin_log VALUES(1157,'2022-05-19 22:50:25.569831','18','Jams & Spreads','[{"added": {}}]',7,1,1);
INSERT INTO django_admin_log VALUES(1158,'2022-05-19 22:50:46.292931','18','Jams','[{"added": {}}]',10,1,1);
INSERT INTO django_admin_log VALUES(1159,'2022-05-19 22:53:55.239611','19','Spices & Seasonings','[{"added": {}}]',7,1,1);
INSERT INTO django_admin_log VALUES(1160,'2022-05-19 22:54:17.397134','19','plum','[{"added": {}}]',10,1,1);
INSERT INTO django_admin_log VALUES(1161,'2022-05-19 23:02:10.009986','20','Fresh Fruits','[{"added": {}}]',7,1,1);
INSERT INTO django_admin_log VALUES(1162,'2022-05-19 23:02:33.261506','20','Apple','[{"added": {}}]',10,1,1);
INSERT INTO django_admin_log VALUES(1163,'2022-05-19 23:02:54.644774','15','Apple','',10,1,3);
INSERT INTO django_admin_log VALUES(1164,'2022-05-19 23:03:02.556666','15','Fresh Fruits','',7,1,3);
INSERT INTO django_admin_log VALUES(1165,'2022-05-22 18:09:38.883014','11','VendorPayments object (11)','',47,1,3);
INSERT INTO django_admin_log VALUES(1166,'2022-05-22 18:09:38.889997','10','VendorPayments object (10)','',47,1,3);
INSERT INTO django_admin_log VALUES(1167,'2022-05-22 18:09:38.895980','9','VendorPayments object (9)','',47,1,3);
INSERT INTO django_admin_log VALUES(1168,'2022-05-22 18:09:38.904955','8','VendorPayments object (8)','',47,1,3);
INSERT INTO django_admin_log VALUES(1169,'2022-05-22 18:09:38.910939','7','VendorPayments object (7)','',47,1,3);
INSERT INTO django_admin_log VALUES(1170,'2022-05-22 18:10:06.968690','190','190','',15,1,3);
INSERT INTO django_admin_log VALUES(1171,'2022-05-22 18:10:06.978663','189','189','',15,1,3);
INSERT INTO django_admin_log VALUES(1172,'2022-05-22 18:10:06.985644','187','187','',15,1,3);
INSERT INTO django_admin_log VALUES(1173,'2022-05-22 18:10:06.994657','186','186','',15,1,3);
INSERT INTO django_admin_log VALUES(1174,'2022-05-22 18:10:07.020501','185','185','',15,1,3);
INSERT INTO django_admin_log VALUES(1175,'2022-05-22 18:10:07.031472','184','184','',15,1,3);
INSERT INTO django_admin_log VALUES(1176,'2022-05-22 18:10:07.043438','183','183','',15,1,3);
INSERT INTO django_admin_log VALUES(1177,'2022-05-22 18:10:07.052415','182','182','',15,1,3);
INSERT INTO django_admin_log VALUES(1178,'2022-05-22 18:10:07.069370','181','181','',15,1,3);
INSERT INTO django_admin_log VALUES(1179,'2022-05-22 18:10:07.082335','179','179','',15,1,3);
INSERT INTO django_admin_log VALUES(1180,'2022-05-22 18:10:15.069777','178','178','',15,1,3);
INSERT INTO django_admin_log VALUES(1181,'2022-05-22 18:10:15.077755','175','175','',15,1,3);
INSERT INTO django_admin_log VALUES(1182,'2022-05-22 18:10:15.083710','174','174','',15,1,3);
INSERT INTO django_admin_log VALUES(1183,'2022-05-22 18:10:15.090692','173','173','',15,1,3);
INSERT INTO django_admin_log VALUES(1184,'2022-05-22 18:10:15.096676','172','172','',15,1,3);
INSERT INTO django_admin_log VALUES(1185,'2022-05-22 18:10:15.101659','168','168','',15,1,3);
INSERT INTO django_admin_log VALUES(1186,'2022-05-22 18:10:15.105044','167','167','',15,1,3);
INSERT INTO django_admin_log VALUES(1187,'2022-05-22 18:10:15.108035','165','165','',15,1,3);
INSERT INTO django_admin_log VALUES(1188,'2022-05-22 18:10:15.111027','164','164','',15,1,3);
INSERT INTO django_admin_log VALUES(1189,'2022-05-22 18:10:15.115016','163','163','',15,1,3);
INSERT INTO django_admin_log VALUES(1190,'2022-05-22 18:10:21.286078','162','162','',15,1,3);
INSERT INTO django_admin_log VALUES(1191,'2022-05-22 18:10:21.297055','161','161','',15,1,3);
INSERT INTO django_admin_log VALUES(1192,'2022-05-22 18:10:21.303038','160','160','',15,1,3);
INSERT INTO django_admin_log VALUES(1193,'2022-05-22 18:10:21.306030','159','159','',15,1,3);
INSERT INTO django_admin_log VALUES(1194,'2022-05-22 18:10:21.310021','158','158','',15,1,3);
INSERT INTO django_admin_log VALUES(1195,'2022-05-22 18:10:50.364369','25','id: 25 email: f@r.','',30,1,3);
INSERT INTO django_admin_log VALUES(1196,'2022-05-22 18:26:06.359915','7','EtwnZYQ4wgmGE9z','',4,1,3);
INSERT INTO django_admin_log VALUES(1197,'2022-05-22 18:26:06.364902','23','Lina','',4,1,3);
INSERT INTO django_admin_log VALUES(1198,'2022-05-22 18:26:06.368891','22','admin','',4,1,3);
INSERT INTO django_admin_log VALUES(1199,'2022-05-22 18:26:06.372880','2','mohamedselem','',4,1,3);
INSERT INTO django_admin_log VALUES(1200,'2022-05-22 18:26:06.377869','6','mohamedselem+','',4,1,3);
INSERT INTO django_admin_log VALUES(1201,'2022-05-22 18:26:06.382853','3','test1','',4,1,3);
INSERT INTO django_admin_log VALUES(1202,'2022-05-22 18:26:06.387841','14','test10','',4,1,3);
INSERT INTO django_admin_log VALUES(1203,'2022-05-22 18:26:06.391830','15','test11','',4,1,3);
INSERT INTO django_admin_log VALUES(1204,'2022-05-22 18:26:06.395819','16','test12','',4,1,3);
INSERT INTO django_admin_log VALUES(1205,'2022-05-22 18:26:06.399385','17','test13','',4,1,3);
INSERT INTO django_admin_log VALUES(1206,'2022-05-22 18:26:06.402868','18','test14','',4,1,3);
INSERT INTO django_admin_log VALUES(1207,'2022-05-22 18:26:06.406833','19','test15','',4,1,3);
INSERT INTO django_admin_log VALUES(1208,'2022-05-22 18:26:06.411823','20','test16','',4,1,3);
INSERT INTO django_admin_log VALUES(1209,'2022-05-22 18:26:06.417806','21','test17','',4,1,3);
INSERT INTO django_admin_log VALUES(1210,'2022-05-22 18:26:06.422792','4','test2','',4,1,3);
INSERT INTO django_admin_log VALUES(1211,'2022-05-22 18:26:06.426781','24','test20','',4,1,3);
INSERT INTO django_admin_log VALUES(1212,'2022-05-22 18:26:06.431767','5','test3','',4,1,3);
INSERT INTO django_admin_log VALUES(1213,'2022-05-22 18:26:06.434750','8','test4','',4,1,3);
INSERT INTO django_admin_log VALUES(1214,'2022-05-22 18:26:06.437838','9','test5','',4,1,3);
INSERT INTO django_admin_log VALUES(1215,'2022-05-22 18:26:06.442030','10','test6','',4,1,3);
INSERT INTO django_admin_log VALUES(1216,'2022-05-22 18:26:06.446021','11','test7','',4,1,3);
INSERT INTO django_admin_log VALUES(1217,'2022-05-22 18:26:06.450008','12','test8','',4,1,3);
INSERT INTO django_admin_log VALUES(1218,'2022-05-22 18:26:06.454994','13','test9','',4,1,3);
INSERT INTO django_admin_log VALUES(1219,'2022-05-22 18:26:06.458984','25','اختبار','',4,1,3);
INSERT INTO django_admin_log VALUES(1220,'2022-05-22 18:26:43.200523','1','selem','[{"changed": {"fields": ["First name", "Last name", "Email address"]}}]',4,1,2);
INSERT INTO django_admin_log VALUES(1221,'2022-05-22 18:29:04.413009','1','1','[{"changed": {"fields": ["Title"]}}]',38,1,2);
INSERT INTO django_admin_log VALUES(1222,'2022-05-28 11:06:00.503797','2','id: 2 site name Nest.','[{"changed": {"fields": ["Login screen"]}}]',44,1,2);
INSERT INTO django_admin_log VALUES(1223,'2022-05-28 11:06:49.564071','2','id: 2 site name Nest.','',44,1,3);
INSERT INTO django_admin_log VALUES(1224,'2022-05-28 11:09:07.185139','3','id: 3 site name Nest.','[{"added": {}}]',44,1,1);
INSERT INTO django_admin_log VALUES(1225,'2022-05-28 13:45:00.837931','3','id: 3 site name Nest.','[{"changed": {"fields": ["Shipping fee"]}}]',44,1,2);
INSERT INTO django_admin_log VALUES(1226,'2022-05-28 13:53:21.076763','7','7','',41,1,3);
INSERT INTO django_admin_log VALUES(1227,'2022-05-28 13:53:21.085703','6','6','',41,1,3);
INSERT INTO django_admin_log VALUES(1228,'2022-05-28 13:53:21.097671','5','5','',41,1,3);
INSERT INTO django_admin_log VALUES(1229,'2022-05-28 13:53:21.108645','4','4','',41,1,3);
INSERT INTO django_admin_log VALUES(1230,'2022-05-28 13:53:21.114624','3','3','',41,1,3);
INSERT INTO django_admin_log VALUES(1231,'2022-05-28 13:53:21.123603','2','2','',41,1,3);
INSERT INTO django_admin_log VALUES(1232,'2022-05-28 13:53:21.136566','1','1','',41,1,3);
INSERT INTO django_admin_log VALUES(1233,'2022-05-28 13:54:00.804393','192','192','',15,1,3);
INSERT INTO django_admin_log VALUES(1234,'2022-05-28 13:54:00.815331','191','191','',15,1,3);
INSERT INTO django_admin_log VALUES(1235,'2022-05-28 14:36:38.238970','3','The best Organic Products Online','[{"changed": {"fields": ["Image"]}}]',20,1,2);
INSERT INTO django_admin_log VALUES(1236,'2022-05-28 14:36:43.029355','1','Everyday Fresh & Clean with Our Products','[{"changed": {"fields": ["Image"]}}]',20,1,2);
INSERT INTO django_admin_log VALUES(1237,'2022-05-28 14:37:04.282666','2','Fresh Vegetables Big discount','[{"changed": {"fields": ["Image"]}}]',19,1,2);
INSERT INTO django_admin_log VALUES(1238,'2022-05-28 14:39:36.796941','1','Don’t miss amazing grocery deals','[{"changed": {"fields": ["Image"]}}]',19,1,2);
INSERT INTO django_admin_log VALUES(1239,'2022-05-28 14:41:07.108666','8','Custard apple','[{"changed": {"fields": ["Category Image"]}}]',8,1,2);
INSERT INTO django_admin_log VALUES(1240,'2022-05-28 14:41:31.408174','9','Coffe & Tea','[{"changed": {"fields": ["Category Image"]}}]',8,1,2);
INSERT INTO django_admin_log VALUES(1241,'2022-05-28 14:41:35.703128','17','Cake & Milk','[{"changed": {"fields": ["Category Image"]}}]',8,1,2);
INSERT INTO django_admin_log VALUES(1242,'2022-05-28 14:41:40.840682','18','Oganic Kiwi','[{"changed": {"fields": ["Category Image"]}}]',8,1,2);
INSERT INTO django_admin_log VALUES(1243,'2022-05-28 14:42:12.825933','19','Peach','[{"changed": {"fields": ["Category Image"]}}]',8,1,2);
INSERT INTO django_admin_log VALUES(1244,'2022-05-28 14:42:17.325462','20','Red Apple','[{"changed": {"fields": ["Category Image"]}}]',8,1,2);
INSERT INTO django_admin_log VALUES(1245,'2022-05-28 14:42:22.126393','21','Snack','[{"changed": {"fields": ["Category Image"]}}]',8,1,2);
INSERT INTO django_admin_log VALUES(1246,'2022-05-28 14:42:28.663519','22','Vegetables','[{"changed": {"fields": ["Category Image"]}}]',8,1,2);
INSERT INTO django_admin_log VALUES(1247,'2022-05-28 14:42:34.783263','23','Strawberry','[{"changed": {"fields": ["Category Image"]}}]',8,1,2);
INSERT INTO django_admin_log VALUES(1248,'2022-05-28 14:42:40.754237','24','Black plum','[{"changed": {"fields": ["Category Image"]}}]',8,1,2);
INSERT INTO django_admin_log VALUES(1249,'2022-05-28 14:44:52.479805','23','Food & Beverage','[{"changed": {"fields": ["Category Image"]}}]',11,1,2);
INSERT INTO django_admin_log VALUES(1250,'2022-05-28 14:46:21.614213','3','50','[{"changed": {"fields": ["Image"]}}]',27,1,2);
INSERT INTO django_admin_log VALUES(1251,'2022-05-28 14:49:10.210182','2','30','[{"changed": {"fields": ["Image"]}}]',27,1,2);
INSERT INTO django_admin_log VALUES(1252,'2022-05-28 14:49:13.827285','1','25','[{"changed": {"fields": ["Image"]}}]',27,1,2);
INSERT INTO django_admin_log VALUES(1253,'2022-05-28 14:52:08.446950','3','The best Organic Products Online','[{"changed": {"fields": ["Image"]}}]',21,1,2);
INSERT INTO django_admin_log VALUES(1254,'2022-05-28 14:57:52.593178','3','The best Organic Products Online','[{"changed": {"fields": ["Image"]}}]',21,1,2);
INSERT INTO django_admin_log VALUES(1255,'2022-05-28 15:02:57.799167','3','The best Organic Products Online','[{"changed": {"fields": ["Image"]}}]',21,1,2);
INSERT INTO django_admin_log VALUES(1256,'2022-05-28 15:03:08.288642','2','Make your Breakfast Healthy and Easy','[{"changed": {"fields": ["Image"]}}]',21,1,2);
INSERT INTO django_admin_log VALUES(1257,'2022-05-28 15:03:11.916137','1','Everyday Fresh & Clean with Our Products','[{"changed": {"fields": ["Image"]}}]',21,1,2);
INSERT INTO django_admin_log VALUES(1258,'2022-05-28 15:05:10.315304','90','Haagen-Dazs Caramel Cone Ice Cream Ketchup','[{"changed": {"fields": ["Product Image", "Additional  Image_1"]}}]',9,1,2);
INSERT INTO django_admin_log VALUES(1259,'2022-05-28 15:05:29.944843','17','Gorton’s Beer Battered Fish Fillets with soft paper','[{"changed": {"fields": ["Product Image", "Additional  Image_1"]}}]',9,1,2);
INSERT INTO django_admin_log VALUES(1260,'2022-05-28 15:05:36.080464','16','Encore Seafoods Stuffed Alaskan Salmon','[{"changed": {"fields": ["Product Image"]}}]',9,1,2);
INSERT INTO django_admin_log VALUES(1261,'2022-05-28 15:05:42.685104','15','Canada Dry Ginger Ale – 2 L Bottle - 200ml - 400g','[{"changed": {"fields": ["Product Image"]}}]',9,1,2);
INSERT INTO django_admin_log VALUES(1262,'2022-05-28 15:05:49.737750','14','Chobani Complete Vanilla Greek Yogurt','[{"changed": {"fields": ["Product Image"]}}]',9,1,2);
INSERT INTO django_admin_log VALUES(1263,'2022-05-28 15:05:56.802106','13','Blue Diamond Almonds Lightly Salted Vegetables','[{"changed": {"fields": ["Product Image", "Full Description"]}}]',9,1,2);
INSERT INTO django_admin_log VALUES(1264,'2022-05-28 15:06:03.530783','12','Foster Farms Takeout Crispy Classic Buffalo Wings','[{"changed": {"fields": ["Product Image", "Full Description"]}}]',9,1,2);
INSERT INTO django_admin_log VALUES(1265,'2022-05-28 15:06:10.251535','11','Angie’s Boomchickapop Sweet & Salty Kettle Corn','[{"changed": {"fields": ["Product Image", "Full Description"]}}]',9,1,2);
INSERT INTO django_admin_log VALUES(1266,'2022-05-28 15:06:16.900168','10','All Natural Italian-Style Chicken Meatballs','[{"changed": {"fields": ["Product Image", "Full Description"]}}]',9,1,2);
INSERT INTO django_admin_log VALUES(1267,'2022-05-28 15:06:25.097398','9','Seeds of Change Organic Quinoa, Brown, & Red Rice','[{"changed": {"fields": ["Product Image"]}}]',9,1,2);
INSERT INTO django_admin_log VALUES(1268,'2022-05-28 15:07:41.066444','4','Enjoy 15% OFF for all vegetable','[{"changed": {"fields": ["Image"]}}]',22,1,2);
INSERT INTO django_admin_log VALUES(1269,'2022-05-28 15:10:56.393656','3','Special grocery sale off this month','[{"changed": {"fields": ["Image"]}}]',22,1,2);
INSERT INTO django_admin_log VALUES(1270,'2022-05-28 15:10:59.470410','2','100% guaranteed all Fresh items','[{"changed": {"fields": ["Image"]}}]',22,1,2);
INSERT INTO django_admin_log VALUES(1271,'2022-05-28 15:11:03.073141','1','Everyday Fresh with Our Products','[{"changed": {"fields": ["Image"]}}]',22,1,2);
INSERT INTO django_admin_log VALUES(1272,'2022-05-28 15:13:12.890211','1','Bring nature into your home','[{"changed": {"fields": ["Image"]}}]',23,1,2);
INSERT INTO django_admin_log VALUES(1273,'2022-05-28 15:18:16.754381','4','Simply Lemonade with Raspberry Juice','[{"changed": {"fields": ["Image"]}}]',24,1,2);
INSERT INTO django_admin_log VALUES(1274,'2022-05-28 15:18:45.695005','3','Signature Wood-Fired Mushroom and Caramelized','[{"changed": {"fields": ["Image"]}}]',24,1,2);
INSERT INTO django_admin_log VALUES(1275,'2022-05-28 15:18:49.893373','2','Perdue Simply Smart Organics Gluten Free','[{"changed": {"fields": ["Image"]}}]',24,1,2);
INSERT INTO django_admin_log VALUES(1276,'2022-05-28 15:18:53.907496','1','Seeds of Change Organic Quinoa, Brown, & Red Rice','[{"changed": {"fields": ["Image"]}}]',24,1,2);
INSERT INTO django_admin_log VALUES(1277,'2022-05-28 15:23:14.517702','3','id: 3 site name Nest.','[{"changed": {"fields": ["Footer Image"]}}]',44,1,2);
INSERT INTO django_admin_log VALUES(1278,'2022-05-28 15:26:53.484948','3','id: 3 site name Nest.','[{"changed": {"fields": ["Login screen"]}}]',44,1,2);
INSERT INTO django_admin_log VALUES(1279,'2022-05-28 15:33:47.818357','1','1','[{"changed": {"fields": ["Image"]}}]',25,1,2);
INSERT INTO django_admin_log VALUES(1280,'2022-05-28 15:34:13.757402','1','Save 17% on Oganic Juice','[{"changed": {"fields": ["Image"]}}]',26,1,2);
INSERT INTO django_admin_log VALUES(1281,'2022-05-28 15:35:58.431226','1','Best smartwatch 2022: the top wearables you can buy today','[{"changed": {"fields": ["Post Image"]}}]',33,1,2);
INSERT INTO django_admin_log VALUES(1282,'2022-06-05 11:52:06.170226','7','Fruits','[{"changed": {"fields": ["Name", "Slugfiy"]}}]',7,1,2);
INSERT INTO django_admin_log VALUES(1283,'2022-06-11 12:42:05.926987','USD','USD','[{"added": {}}]',50,1,1);
INSERT INTO django_admin_log VALUES(1284,'2022-06-11 12:45:25.310239','EUR','EUR','[{"added": {}}]',50,1,1);
INSERT INTO django_admin_log VALUES(1285,'2022-06-11 12:48:43.259566','USD','USD','[{"changed": {"fields": ["Name", "Info"]}}]',50,1,2);
INSERT INTO django_admin_log VALUES(1286,'2022-06-11 12:49:03.016552','EUR','EUR','[{"changed": {"fields": ["Name", "Info"]}}]',50,1,2);
INSERT INTO django_admin_log VALUES(1287,'2022-06-11 14:43:42.218168','3','id: 3 site name Nest.','[{"changed": {"fields": ["Footer Image"]}}]',44,1,2);
INSERT INTO django_admin_log VALUES(1288,'2022-06-17 18:01:08.985639','195','195','',29,1,3);
INSERT INTO django_admin_log VALUES(1289,'2022-06-17 18:01:08.993616','191','191','',29,1,3);
INSERT INTO django_admin_log VALUES(1290,'2022-06-17 18:01:09.001594','190','190','',29,1,3);
INSERT INTO django_admin_log VALUES(1291,'2022-06-17 18:01:09.007580','189','189','',29,1,3);
INSERT INTO django_admin_log VALUES(1292,'2022-06-17 18:01:18.980302','201','201','',15,1,3);
INSERT INTO django_admin_log VALUES(1293,'2022-06-17 18:01:18.994069','197','197','',15,1,3);
INSERT INTO django_admin_log VALUES(1294,'2022-06-17 18:01:18.999992','196','196','',15,1,3);
INSERT INTO django_admin_log VALUES(1295,'2022-06-17 18:01:19.004978','195','195','',15,1,3);
INSERT INTO django_admin_log VALUES(1296,'2022-06-18 16:33:55.663437','3','id: 3 site name Nest.','[{"changed": {"fields": ["Login screen"]}}]',44,1,2);
INSERT INTO django_admin_log VALUES(1297,'2022-06-18 21:55:26.369950','217','217','',15,1,3);
INSERT INTO django_admin_log VALUES(1298,'2022-06-18 21:55:26.379917','211','211','',15,1,3);
INSERT INTO django_admin_log VALUES(1299,'2022-06-18 21:55:26.385902','210','210','',15,1,3);
INSERT INTO django_admin_log VALUES(1300,'2022-06-18 21:55:26.394852','209','209','',15,1,3);
INSERT INTO django_admin_log VALUES(1301,'2022-06-18 21:55:26.406820','207','207','',15,1,3);
INSERT INTO django_admin_log VALUES(1302,'2022-06-18 21:55:26.413857','206','206','',15,1,3);
INSERT INTO django_admin_log VALUES(1303,'2022-06-18 21:55:26.417790','205','205','',15,1,3);
INSERT INTO django_admin_log VALUES(1304,'2022-06-18 21:55:26.421780','204','204','',15,1,3);
INSERT INTO django_admin_log VALUES(1305,'2022-06-18 21:55:26.425769','203','203','',15,1,3);
INSERT INTO django_admin_log VALUES(1306,'2022-06-18 21:55:26.430757','202','202','',15,1,3);
INSERT INTO django_admin_log VALUES(1307,'2022-06-18 21:55:36.208752','193','193','',15,1,3);
INSERT INTO django_admin_log VALUES(1308,'2022-06-18 21:59:25.961771','194','194','',15,1,3);
INSERT INTO django_admin_log VALUES(1309,'2022-06-18 22:30:36.657651','221','221','',15,1,3);
INSERT INTO django_admin_log VALUES(1310,'2022-06-18 22:30:36.669622','220','220','',15,1,3);
INSERT INTO django_admin_log VALUES(1311,'2022-06-18 22:30:36.678596','219','219','',15,1,3);
INSERT INTO django_admin_log VALUES(1312,'2022-06-18 22:58:19.040644','224','224','',15,1,3);
INSERT INTO django_admin_log VALUES(1313,'2022-06-18 22:58:19.050616','223','223','',15,1,3);
INSERT INTO django_admin_log VALUES(1314,'2022-06-18 22:58:19.056601','222','222','',15,1,3);
INSERT INTO django_admin_log VALUES(1315,'2022-06-20 16:26:55.287067','246','246','',15,1,3);
INSERT INTO django_admin_log VALUES(1316,'2022-06-20 16:26:55.297079','245','245','',15,1,3);
INSERT INTO django_admin_log VALUES(1317,'2022-06-20 16:26:55.304027','244','244','',15,1,3);
INSERT INTO django_admin_log VALUES(1318,'2022-06-20 16:26:55.311117','243','243','',15,1,3);
INSERT INTO django_admin_log VALUES(1319,'2022-06-20 16:26:55.320094','242','242','',15,1,3);
INSERT INTO django_admin_log VALUES(1320,'2022-06-20 16:26:55.330099','241','241','',15,1,3);
INSERT INTO django_admin_log VALUES(1321,'2022-06-20 16:26:55.337045','240','240','',15,1,3);
INSERT INTO django_admin_log VALUES(1322,'2022-06-20 16:26:55.347021','239','239','',15,1,3);
INSERT INTO django_admin_log VALUES(1323,'2022-06-20 16:26:55.359984','238','238','',15,1,3);
INSERT INTO django_admin_log VALUES(1324,'2022-06-20 16:26:55.368981','237','237','',15,1,3);
INSERT INTO django_admin_log VALUES(1325,'2022-06-20 16:27:03.189737','236','236','',15,1,3);
INSERT INTO django_admin_log VALUES(1326,'2022-06-20 16:27:03.198680','235','235','',15,1,3);
INSERT INTO django_admin_log VALUES(1327,'2022-06-20 16:27:03.207894','234','234','',15,1,3);
INSERT INTO django_admin_log VALUES(1328,'2022-06-20 16:27:03.216430','233','233','',15,1,3);
INSERT INTO django_admin_log VALUES(1329,'2022-06-20 16:27:03.222415','232','232','',15,1,3);
INSERT INTO django_admin_log VALUES(1330,'2022-06-20 16:27:03.226403','231','231','',15,1,3);
INSERT INTO django_admin_log VALUES(1331,'2022-06-20 16:27:03.231391','230','230','',15,1,3);
INSERT INTO django_admin_log VALUES(1332,'2022-06-20 16:27:03.236378','229','229','',15,1,3);
INSERT INTO django_admin_log VALUES(1333,'2022-06-20 16:27:03.241364','228','228','',15,1,3);
INSERT INTO django_admin_log VALUES(1334,'2022-06-20 16:27:03.245354','227','227','',15,1,3);
INSERT INTO django_admin_log VALUES(1335,'2022-06-20 16:27:08.949893','226','226','',15,1,3);
INSERT INTO django_admin_log VALUES(1336,'2022-06-24 18:54:18.901400','261','261','',15,1,3);
INSERT INTO django_admin_log VALUES(1337,'2022-06-24 18:54:18.909378','260','260','',15,1,3);
INSERT INTO django_admin_log VALUES(1338,'2022-06-24 18:54:18.914351','259','259','',15,1,3);
INSERT INTO django_admin_log VALUES(1339,'2022-06-24 18:54:18.924326','258','258','',15,1,3);
INSERT INTO django_admin_log VALUES(1340,'2022-06-24 18:54:18.934334','257','257','',15,1,3);
INSERT INTO django_admin_log VALUES(1341,'2022-06-24 18:54:18.944272','256','256','',15,1,3);
INSERT INTO django_admin_log VALUES(1342,'2022-06-24 18:54:18.949358','255','255','',15,1,3);
INSERT INTO django_admin_log VALUES(1343,'2022-06-24 18:54:18.956242','254','254','',15,1,3);
INSERT INTO django_admin_log VALUES(1344,'2022-06-24 18:54:18.962321','253','253','',15,1,3);
INSERT INTO django_admin_log VALUES(1345,'2022-06-24 18:54:18.969207','252','252','',15,1,3);
INSERT INTO django_admin_log VALUES(1346,'2022-06-24 18:54:30.273547','251','251','',15,1,3);
INSERT INTO django_admin_log VALUES(1347,'2022-06-24 18:54:30.281510','250','250','',15,1,3);
INSERT INTO django_admin_log VALUES(1348,'2022-06-24 18:54:30.286498','249','249','',15,1,3);
INSERT INTO django_admin_log VALUES(1349,'2022-06-24 18:54:30.292481','248','248','',15,1,3);
INSERT INTO django_admin_log VALUES(1350,'2022-06-24 18:54:30.299463','247','247','',15,1,3);
INSERT INTO django_admin_log VALUES(1351,'2022-06-24 18:55:00.011911','39','id: 39 email: d@f.','',30,1,3);
INSERT INTO django_admin_log VALUES(1352,'2022-06-24 18:55:00.021648','38','id: 38 email: d@dl.','',30,1,3);
INSERT INTO django_admin_log VALUES(1353,'2022-06-24 18:55:00.026768','37','id: 37 email: d@d.','',30,1,3);
INSERT INTO django_admin_log VALUES(1354,'2022-06-27 18:28:07.564717','90','Haagen-Dazs Caramel Cone Ice Cream Ketchup','[{"changed": {"fields": ["Additional  Image_1"]}}]',9,1,2);
INSERT INTO django_admin_log VALUES(1355,'2022-06-27 18:30:54.323308','90','Haagen-Dazs Caramel Cone Ice Cream Ketchup','[{"changed": {"fields": ["Additional  Image_1"]}}]',9,1,2);
INSERT INTO django_admin_log VALUES(1356,'2022-06-27 18:32:10.186747','90','Haagen-Dazs Caramel Cone Ice Cream Ketchup','[{"changed": {"fields": ["Additional  Image_1"]}}]',9,1,2);
INSERT INTO django_admin_log VALUES(1357,'2022-06-27 18:33:04.617376','90','Haagen-Dazs Caramel Cone Ice Cream Ketchup','[{"changed": {"fields": ["Additional  Image_1"]}}]',9,1,2);
INSERT INTO django_admin_log VALUES(1358,'2022-06-27 18:33:59.863626','90','Haagen-Dazs Caramel Cone Ice Cream Ketchup','[{"changed": {"fields": ["Additional  Image_1"]}}]',9,1,2);
INSERT INTO django_admin_log VALUES(1359,'2022-06-27 18:35:33.740437','90','Haagen-Dazs Caramel Cone Ice Cream Ketchup','[{"changed": {"fields": ["Additional  Image_1"]}}]',9,1,2);
INSERT INTO django_admin_log VALUES(1360,'2022-06-27 18:36:41.308881','90','Haagen-Dazs Caramel Cone Ice Cream Ketchup','[{"changed": {"fields": ["Additional  Image_1"]}}]',9,1,2);
INSERT INTO django_admin_log VALUES(1361,'2022-06-27 18:46:24.850590','90','Haagen-Dazs Caramel Cone Ice Cream Ketchup','[{"changed": {"fields": ["Additional  Image_1"]}}]',9,1,2);
INSERT INTO django_admin_log VALUES(1362,'2022-06-27 18:48:10.324088','90','Haagen-Dazs Caramel Cone Ice Cream Ketchup','[{"changed": {"fields": ["Additional  Image_1"]}}]',9,1,2);
INSERT INTO django_admin_log VALUES(1363,'2022-06-27 18:49:35.191041','90','Haagen-Dazs Caramel Cone Ice Cream Ketchup','[{"changed": {"fields": ["Additional  Image_1"]}}]',9,1,2);
INSERT INTO django_admin_log VALUES(1364,'2022-06-27 18:50:50.467666','90','Haagen-Dazs Caramel Cone Ice Cream Ketchup','[{"changed": {"fields": ["Additional  Image_1"]}}]',9,1,2);
INSERT INTO django_admin_log VALUES(1365,'2022-06-27 18:51:40.912493','90','Haagen-Dazs Caramel Cone Ice Cream Ketchup','[{"changed": {"fields": ["Additional  Image_1"]}}]',9,1,2);
INSERT INTO django_admin_log VALUES(1366,'2022-06-27 18:52:14.635849','90','Haagen-Dazs Caramel Cone Ice Cream Ketchup','[{"changed": {"fields": ["Additional  Image_1"]}}]',9,1,2);
INSERT INTO django_admin_log VALUES(1367,'2022-06-27 18:53:23.431760','90','Haagen-Dazs Caramel Cone Ice Cream Ketchup','[{"changed": {"fields": ["Additional  Image_1"]}}]',9,1,2);
INSERT INTO django_admin_log VALUES(1368,'2022-06-27 19:04:00.946124','90','Haagen-Dazs Caramel Cone Ice Cream Ketchup','[{"changed": {"fields": ["Additional  Image_1"]}}]',9,1,2);
INSERT INTO django_admin_log VALUES(1369,'2022-06-27 19:04:43.763605','90','Haagen-Dazs Caramel Cone Ice Cream Ketchup','[{"changed": {"fields": ["Additional  Image_1"]}}]',9,1,2);
INSERT INTO django_admin_log VALUES(1370,'2022-06-27 19:06:25.820246','90','Haagen-Dazs Caramel Cone Ice Cream Ketchup','[{"changed": {"fields": ["Additional  Image_1"]}}]',9,1,2);
INSERT INTO django_admin_log VALUES(1371,'2022-06-27 19:08:17.010930','90','Haagen-Dazs Caramel Cone Ice Cream Ketchup','[{"changed": {"fields": ["Additional  Image_1"]}}]',9,1,2);
INSERT INTO django_admin_log VALUES(1372,'2022-06-27 19:09:31.569299','90','Haagen-Dazs Caramel Cone Ice Cream Ketchup','[{"changed": {"fields": ["Additional  Image_1"]}}]',9,1,2);
INSERT INTO django_admin_log VALUES(1373,'2022-06-27 19:10:52.433059','90','Haagen-Dazs Caramel Cone Ice Cream Ketchup','[{"changed": {"fields": ["Additional  Image_1"]}}]',9,1,2);
INSERT INTO django_admin_log VALUES(1374,'2022-06-27 19:11:31.701131','90','Haagen-Dazs Caramel Cone Ice Cream Ketchup','[{"changed": {"fields": ["Additional  Image_1"]}}]',9,1,2);
INSERT INTO django_admin_log VALUES(1375,'2022-06-27 19:12:23.111859','90','Haagen-Dazs Caramel Cone Ice Cream Ketchup','[{"changed": {"fields": ["Additional  Image_1"]}}]',9,1,2);
INSERT INTO django_admin_log VALUES(1376,'2022-06-27 19:12:59.990053','90','Haagen-Dazs Caramel Cone Ice Cream Ketchup','[{"changed": {"fields": ["Additional  Image_1"]}}]',9,1,2);
INSERT INTO django_admin_log VALUES(1377,'2022-06-27 19:14:10.231274','90','Haagen-Dazs Caramel Cone Ice Cream Ketchup','[{"changed": {"fields": ["Additional  Image_1"]}}]',9,1,2);
INSERT INTO django_admin_log VALUES(1378,'2022-06-27 19:14:54.550882','90','Haagen-Dazs Caramel Cone Ice Cream Ketchup','[{"changed": {"fields": ["Additional  Image_1"]}}]',9,1,2);
INSERT INTO django_admin_log VALUES(1379,'2022-06-27 19:15:31.601105','90','Haagen-Dazs Caramel Cone Ice Cream Ketchup','[{"changed": {"fields": ["Additional  Image_1"]}}]',9,1,2);
INSERT INTO django_admin_log VALUES(1380,'2022-06-27 19:16:06.567396','90','Haagen-Dazs Caramel Cone Ice Cream Ketchup','[{"changed": {"fields": ["Additional  Image_1"]}}]',9,1,2);
INSERT INTO django_admin_log VALUES(1381,'2022-06-27 19:16:48.343917','90','Haagen-Dazs Caramel Cone Ice Cream Ketchup','[{"changed": {"fields": ["Additional  Image_1"]}}]',9,1,2);
INSERT INTO django_admin_log VALUES(1382,'2022-06-27 19:17:23.729565','90','Haagen-Dazs Caramel Cone Ice Cream Ketchup','[{"changed": {"fields": ["Additional  Image_1"]}}]',9,1,2);
INSERT INTO django_admin_log VALUES(1383,'2022-06-27 19:17:57.785079','90','Haagen-Dazs Caramel Cone Ice Cream Ketchup','[{"changed": {"fields": ["Additional  Image_1"]}}]',9,1,2);
INSERT INTO django_admin_log VALUES(1384,'2022-06-27 19:18:30.900230','90','Haagen-Dazs Caramel Cone Ice Cream Ketchup','[{"changed": {"fields": ["Additional  Image_1"]}}]',9,1,2);
INSERT INTO django_admin_log VALUES(1385,'2022-06-27 19:22:39.998850','90','Haagen-Dazs Caramel Cone Ice Cream Ketchup','[{"changed": {"fields": ["Additional  Image_1"]}}]',9,1,2);
INSERT INTO django_admin_log VALUES(1386,'2022-06-27 19:23:15.129152','90','Haagen-Dazs Caramel Cone Ice Cream Ketchup','[{"changed": {"fields": ["Additional  Image_1"]}}]',9,1,2);
INSERT INTO django_admin_log VALUES(1387,'2022-06-27 19:24:41.231920','90','Haagen-Dazs Caramel Cone Ice Cream Ketchup','[{"changed": {"fields": ["Additional  Image_1"]}}]',9,1,2);
INSERT INTO django_admin_log VALUES(1388,'2022-06-27 19:25:07.798908','90','Haagen-Dazs Caramel Cone Ice Cream Ketchup','[{"changed": {"fields": ["Additional  Image_1"]}}]',9,1,2);
INSERT INTO django_admin_log VALUES(1389,'2022-06-27 19:27:03.733334','90','Haagen-Dazs Caramel Cone Ice Cream Ketchup','[{"changed": {"fields": ["Additional  Image_1"]}}]',9,1,2);
INSERT INTO django_admin_log VALUES(1390,'2022-06-27 19:27:32.378319','90','Haagen-Dazs Caramel Cone Ice Cream Ketchup','[{"changed": {"fields": ["Additional  Image_1"]}}]',9,1,2);
INSERT INTO django_admin_log VALUES(1391,'2022-06-27 19:28:56.430192','90','Haagen-Dazs Caramel Cone Ice Cream Ketchup','[{"changed": {"fields": ["Additional  Image_1"]}}]',9,1,2);
INSERT INTO django_admin_log VALUES(1392,'2022-06-27 19:29:50.313607','90','Haagen-Dazs Caramel Cone Ice Cream Ketchup','[{"changed": {"fields": ["Additional  Image_1"]}}]',9,1,2);
INSERT INTO django_admin_log VALUES(1393,'2022-06-27 19:30:12.412617','90','Haagen-Dazs Caramel Cone Ice Cream Ketchup','[{"changed": {"fields": ["Additional  Image_1"]}}]',9,1,2);
INSERT INTO django_admin_log VALUES(1394,'2022-06-27 19:31:25.752258','90','Haagen-Dazs Caramel Cone Ice Cream Ketchup','[{"changed": {"fields": ["Additional  Image_1"]}}]',9,1,2);
INSERT INTO django_admin_log VALUES(1395,'2022-06-27 19:31:49.531006','90','Haagen-Dazs Caramel Cone Ice Cream Ketchup','[{"changed": {"fields": ["Additional  Image_1"]}}]',9,1,2);
INSERT INTO django_admin_log VALUES(1396,'2022-06-27 19:35:26.911715','90','Haagen-Dazs Caramel Cone Ice Cream Ketchup','[{"changed": {"fields": ["Additional  Image_1"]}}]',9,1,2);
INSERT INTO django_admin_log VALUES(1397,'2022-06-27 19:36:06.224491','90','Haagen-Dazs Caramel Cone Ice Cream Ketchup','[{"changed": {"fields": ["Additional  Image_1"]}}]',9,1,2);
INSERT INTO django_admin_log VALUES(1398,'2022-06-27 19:36:28.703164','90','Haagen-Dazs Caramel Cone Ice Cream Ketchup','[{"changed": {"fields": ["Additional  Image_1"]}}]',9,1,2);
INSERT INTO django_admin_log VALUES(1399,'2022-06-27 19:40:26.696791','90','Haagen-Dazs Caramel Cone Ice Cream Ketchup','[{"changed": {"fields": ["Additional  Image_1"]}}]',9,1,2);
INSERT INTO django_admin_log VALUES(1400,'2022-06-27 19:41:07.036035','90','Haagen-Dazs Caramel Cone Ice Cream Ketchup','[{"changed": {"fields": ["Additional  Image_1"]}}]',9,1,2);
INSERT INTO django_admin_log VALUES(1401,'2022-06-27 19:41:29.747170','90','Haagen-Dazs Caramel Cone Ice Cream Ketchup','[{"changed": {"fields": ["Additional  Image_1"]}}]',9,1,2);
INSERT INTO django_admin_log VALUES(1402,'2022-06-27 19:47:34.558597','90','Haagen-Dazs Caramel Cone Ice Cream Ketchup','[{"changed": {"fields": ["Additional  Image_1"]}}]',9,1,2);
INSERT INTO django_admin_log VALUES(1403,'2022-06-27 19:48:01.570012','90','Haagen-Dazs Caramel Cone Ice Cream Ketchup','[{"changed": {"fields": ["Additional  Image_1"]}}]',9,1,2);
INSERT INTO django_admin_log VALUES(1404,'2022-06-27 19:48:27.361214','90','Haagen-Dazs Caramel Cone Ice Cream Ketchup','[{"changed": {"fields": ["Additional  Image_1"]}}]',9,1,2);
INSERT INTO django_admin_log VALUES(1405,'2022-06-27 19:51:37.361784','90','Haagen-Dazs Caramel Cone Ice Cream Ketchup','[{"changed": {"fields": ["Additional  Image_1"]}}]',9,1,2);
INSERT INTO django_admin_log VALUES(1406,'2022-06-27 19:52:00.721602','90','Haagen-Dazs Caramel Cone Ice Cream Ketchup','[{"changed": {"fields": ["Additional  Image_1"]}}]',9,1,2);
INSERT INTO django_admin_log VALUES(1407,'2022-06-27 19:52:27.929290','90','Haagen-Dazs Caramel Cone Ice Cream Ketchup','[{"changed": {"fields": ["Additional  Image_1"]}}]',9,1,2);
INSERT INTO django_admin_log VALUES(1408,'2022-06-27 19:53:31.584489','90','Haagen-Dazs Caramel Cone Ice Cream Ketchup','[{"changed": {"fields": ["Additional  Image_1"]}}]',9,1,2);
INSERT INTO django_admin_log VALUES(1409,'2022-06-27 19:53:51.510885','90','Haagen-Dazs Caramel Cone Ice Cream Ketchup','[{"changed": {"fields": ["Additional  Image_1"]}}]',9,1,2);
INSERT INTO django_admin_log VALUES(1410,'2022-06-27 19:54:26.248251','90','Haagen-Dazs Caramel Cone Ice Cream Ketchup','[{"changed": {"fields": ["Additional  Image_1"]}}]',9,1,2);
INSERT INTO django_admin_log VALUES(1411,'2022-06-27 19:55:18.793175','90','Haagen-Dazs Caramel Cone Ice Cream Ketchup','[{"changed": {"fields": ["Additional  Image_1"]}}]',9,1,2);
INSERT INTO django_admin_log VALUES(1412,'2022-06-27 19:55:50.030153','90','Haagen-Dazs Caramel Cone Ice Cream Ketchup','[{"changed": {"fields": ["Additional  Image_1"]}}]',9,1,2);
INSERT INTO django_admin_log VALUES(1413,'2022-06-27 19:56:10.615240','90','Haagen-Dazs Caramel Cone Ice Cream Ketchup','[{"changed": {"fields": ["Additional  Image_1"]}}]',9,1,2);
INSERT INTO django_admin_log VALUES(1414,'2022-06-27 19:57:11.696391','90','Haagen-Dazs Caramel Cone Ice Cream Ketchup','[{"changed": {"fields": ["Additional  Image_1"]}}]',9,1,2);
INSERT INTO django_admin_log VALUES(1415,'2022-06-27 19:57:34.046135','90','Haagen-Dazs Caramel Cone Ice Cream Ketchup','[{"changed": {"fields": ["Additional  Image_1"]}}]',9,1,2);
INSERT INTO django_admin_log VALUES(1416,'2022-06-27 19:57:52.715091','90','Haagen-Dazs Caramel Cone Ice Cream Ketchup','[{"changed": {"fields": ["Additional  Image_1"]}}]',9,1,2);
INSERT INTO django_admin_log VALUES(1417,'2022-06-27 19:58:47.856381','90','Haagen-Dazs Caramel Cone Ice Cream Ketchup','[{"changed": {"fields": ["Additional  Image_1"]}}]',9,1,2);
INSERT INTO django_admin_log VALUES(1418,'2022-06-27 19:59:43.106784','90','Haagen-Dazs Caramel Cone Ice Cream Ketchup','[{"changed": {"fields": ["Additional  Image_1"]}}]',9,1,2);
INSERT INTO django_admin_log VALUES(1419,'2022-06-27 20:00:20.373840','90','Haagen-Dazs Caramel Cone Ice Cream Ketchup','[{"changed": {"fields": ["Additional  Image_1"]}}]',9,1,2);
INSERT INTO django_admin_log VALUES(1420,'2022-06-27 20:01:38.048153','90','Haagen-Dazs Caramel Cone Ice Cream Ketchup','[{"changed": {"fields": ["Additional  Image_1"]}}]',9,1,2);
INSERT INTO django_admin_log VALUES(1421,'2022-06-27 20:02:07.728205','90','Haagen-Dazs Caramel Cone Ice Cream Ketchup','[{"changed": {"fields": ["Additional  Image_1"]}}]',9,1,2);
INSERT INTO django_admin_log VALUES(1422,'2022-06-27 20:02:31.380887','90','Haagen-Dazs Caramel Cone Ice Cream Ketchup','[{"changed": {"fields": ["Additional  Image_1"]}}]',9,1,2);
INSERT INTO django_admin_log VALUES(1423,'2022-06-27 20:51:54.195862','90','Haagen-Dazs Caramel Cone Ice Cream Ketchup','[{"changed": {"fields": ["Additional  Image_1"]}}]',9,1,2);
INSERT INTO django_admin_log VALUES(1424,'2022-06-27 20:52:42.192690','90','Haagen-Dazs Caramel Cone Ice Cream Ketchup','[{"changed": {"fields": ["Additional  Image_1"]}}]',9,1,2);
INSERT INTO django_admin_log VALUES(1425,'2022-06-27 20:53:14.356697','90','Haagen-Dazs Caramel Cone Ice Cream Ketchup','[{"changed": {"fields": ["Additional  Image_1"]}}]',9,1,2);
INSERT INTO django_admin_log VALUES(1426,'2022-06-27 20:53:32.874395','90','Haagen-Dazs Caramel Cone Ice Cream Ketchup','[{"changed": {"fields": ["Additional  Image_1"]}}]',9,1,2);
INSERT INTO django_admin_log VALUES(1427,'2022-06-27 20:54:09.632361','90','Haagen-Dazs Caramel Cone Ice Cream Ketchup','[{"changed": {"fields": ["Additional  Image_1"]}}]',9,1,2);
INSERT INTO django_admin_log VALUES(1428,'2022-06-27 20:54:44.504061','90','Haagen-Dazs Caramel Cone Ice Cream Ketchup','[{"changed": {"fields": ["Additional  Image_1"]}}]',9,1,2);
INSERT INTO django_admin_log VALUES(1429,'2022-06-27 20:55:20.179133','90','Haagen-Dazs Caramel Cone Ice Cream Ketchup','[{"changed": {"fields": ["Additional  Image_1"]}}]',9,1,2);
INSERT INTO django_admin_log VALUES(1430,'2022-06-27 20:55:52.558002','90','Haagen-Dazs Caramel Cone Ice Cream Ketchup','[{"changed": {"fields": ["Additional  Image_1"]}}]',9,1,2);
INSERT INTO django_admin_log VALUES(1431,'2022-06-27 21:40:37.676906','90','Haagen-Dazs Caramel Cone Ice Cream Ketchup','[{"changed": {"fields": ["Additional  Image_1"]}}]',9,1,2);
INSERT INTO django_admin_log VALUES(1432,'2022-06-28 22:47:01.117593','90','Haagen-Dazs Caramel Cone Ice Cream Ketchup','[{"changed": {"fields": ["Additional  Image_1"]}}]',9,1,2);
INSERT INTO django_admin_log VALUES(1433,'2022-06-28 22:49:28.659850','90','Haagen-Dazs Caramel Cone Ice Cream Ketchup','[{"changed": {"fields": ["Additional  Image_1"]}}]',9,1,2);
INSERT INTO django_admin_log VALUES(1434,'2022-06-28 22:50:19.698579','90','Haagen-Dazs Caramel Cone Ice Cream Ketchup','[{"changed": {"fields": ["Additional  Image_1"]}}]',9,1,2);
INSERT INTO django_admin_log VALUES(1435,'2022-07-14 16:04:08.576584','90','Haagen-Dazs Caramel Cone Ice Cream Ketchup','[{"changed": {"fields": ["Additional  Image_1"]}}]',9,1,2);
INSERT INTO django_admin_log VALUES(1436,'2022-07-14 16:23:53.928464','2','selem','[{"changed": {"fields": ["Admission"]}}]',13,1,2);
INSERT INTO django_admin_log VALUES(1437,'2022-07-20 21:27:04.789020','270','270','',15,1,3);
INSERT INTO django_admin_log VALUES(1438,'2022-07-20 21:27:04.931255','269','269','',15,1,3);
INSERT INTO django_admin_log VALUES(1439,'2022-07-20 21:27:05.070528','268','268','',15,1,3);
INSERT INTO django_admin_log VALUES(1440,'2022-07-20 21:27:05.162975','267','267','',15,1,3);
INSERT INTO django_admin_log VALUES(1441,'2022-07-20 21:27:05.271630','266','266','',15,1,3);
INSERT INTO django_admin_log VALUES(1442,'2022-07-20 21:27:05.390922','265','265','',15,1,3);
INSERT INTO django_admin_log VALUES(1443,'2022-08-01 17:49:10.104201','2','Fresh Vegetables Big discount','[{"changed": {"fields": ["Image"]}}]',19,1,2);
INSERT INTO django_admin_log VALUES(1444,'2022-08-01 17:49:19.612772','1','Don’t miss amazing grocery deals','[{"changed": {"fields": ["Image"]}}]',19,1,2);
INSERT INTO django_admin_log VALUES(1445,'2022-08-01 17:51:16.264018','2','Fresh Vegetables Big discount','[{"changed": {"fields": ["Image"]}}]',19,1,2);
INSERT INTO django_admin_log VALUES(1446,'2022-08-01 20:10:43.882229','1','index-1','[{"added": {}}]',51,1,1);
INSERT INTO django_admin_log VALUES(1447,'2022-08-01 20:12:32.488564','2','index-2','[{"added": {}}]',51,1,1);
INSERT INTO django_admin_log VALUES(1448,'2022-08-01 20:12:40.993471','3','index-3','[{"added": {}}]',51,1,1);
INSERT INTO django_admin_log VALUES(1449,'2022-08-01 20:13:50.006648','1','selem','[{"changed": {"fields": ["User permissions"]}}]',4,1,2);
INSERT INTO django_admin_log VALUES(1450,'2022-08-01 20:15:17.220408','1','selem','[{"changed": {"fields": ["User permissions"]}}]',4,1,2);
INSERT INTO django_admin_log VALUES(1451,'2022-08-01 20:15:58.044038','1','selem','[{"changed": {"fields": ["User permissions"]}}]',4,1,2);
INSERT INTO django_admin_log VALUES(1452,'2022-08-01 20:22:53.346758','2','index-2','[{"changed": {"fields": ["Active"]}}]',51,1,2);
INSERT INTO django_admin_log VALUES(1453,'2022-08-01 20:23:06.182590','3','index-3','[{"changed": {"fields": ["Active"]}}]',51,1,2);
INSERT INTO django_admin_log VALUES(1454,'2022-08-01 20:23:40.100987','1','index-1','[{"changed": {"fields": ["Active"]}}]',51,1,2);
INSERT INTO django_admin_log VALUES(1455,'2022-08-01 20:23:40.320038','2','index-2','[{"changed": {"fields": ["Active"]}}]',51,1,2);
INSERT INTO django_admin_log VALUES(1456,'2022-08-01 20:23:52.251190','2','index-2','[{"changed": {"fields": ["Active"]}}]',51,1,2);
INSERT INTO django_admin_log VALUES(1457,'2022-08-01 20:23:52.431476','3','index-3','[{"changed": {"fields": ["Active"]}}]',51,1,2);
INSERT INTO django_admin_log VALUES(1458,'2022-08-01 20:26:51.137041','1','index-1','[{"changed": {"fields": ["Active"]}}]',51,1,2);
INSERT INTO django_admin_log VALUES(1459,'2022-08-01 20:26:51.351813','2','index-2','[{"changed": {"fields": ["Active"]}}]',51,1,2);
INSERT INTO django_admin_log VALUES(1460,'2022-08-01 20:54:16.967439','4','index-4','[{"added": {}}]',51,1,1);
INSERT INTO django_admin_log VALUES(1461,'2022-08-01 20:54:20.152291','1','index-1','[{"changed": {"fields": ["Active"]}}]',51,1,2);
INSERT INTO django_admin_log VALUES(1462,'2022-08-01 20:54:20.332808','4','index-4','[{"changed": {"fields": ["Active"]}}]',51,1,2);
INSERT INTO django_admin_log VALUES(1463,'2022-08-01 21:05:34.642050','1','index-1','[{"changed": {"fields": ["Active"]}}]',51,1,2);
INSERT INTO django_admin_log VALUES(1464,'2022-08-01 21:05:34.802621','4','index-4','[{"changed": {"fields": ["Active"]}}]',51,1,2);
INSERT INTO django_admin_log VALUES(1465,'2022-08-01 21:05:50.522978','1','index-1','[{"changed": {"fields": ["Active"]}}]',51,1,2);
INSERT INTO django_admin_log VALUES(1466,'2022-08-01 21:05:50.703479','2','index-2','[{"changed": {"fields": ["Active"]}}]',51,1,2);
INSERT INTO django_admin_log VALUES(1467,'2022-08-01 21:06:01.059910','2','index-2','[{"changed": {"fields": ["Active"]}}]',51,1,2);
INSERT INTO django_admin_log VALUES(1468,'2022-08-01 21:06:01.250400','3','index-3','[{"changed": {"fields": ["Active"]}}]',51,1,2);
INSERT INTO django_admin_log VALUES(1469,'2022-08-01 21:06:18.505028','3','index-3','[{"changed": {"fields": ["Active"]}}]',51,1,2);
INSERT INTO django_admin_log VALUES(1470,'2022-08-01 21:06:18.684756','4','index-4','[{"changed": {"fields": ["Active"]}}]',51,1,2);
INSERT INTO django_admin_log VALUES(1471,'2022-08-02 03:35:46.270963','1','index-1','[{"changed": {"fields": ["Active"]}}]',51,1,2);
INSERT INTO django_admin_log VALUES(1472,'2022-08-02 03:35:46.510868','4','index-4','[{"changed": {"fields": ["Active"]}}]',51,1,2);
INSERT INTO django_admin_log VALUES(1473,'2022-08-07 20:06:38.089811','5','random','[{"added": {}}]',51,1,1);
INSERT INTO django_admin_log VALUES(1474,'2022-08-07 20:06:40.466721','1','index-1','[{"changed": {"fields": ["Active"]}}]',51,1,2);
INSERT INTO django_admin_log VALUES(1475,'2022-08-14 02:36:42.841178','90','Haagen-Dazs Caramel Cone Ice Cream Ketchup','[{"changed": {"fields": ["Digital File"]}}]',9,1,2);
INSERT INTO django_admin_log VALUES(1476,'2022-08-14 02:44:08.092526','262','262','[{"changed": {"fields": ["Is finished", "Status"]}}]',15,1,2);
INSERT INTO django_admin_log VALUES(1477,'2022-08-14 20:41:01.068097','92','helll smsmsmhhhhhh','',9,1,3);
INSERT INTO django_admin_log VALUES(1478,'2022-08-14 20:41:01.206090','91','helll smsmsmhhhhhh','',9,1,3);
INSERT INTO django_admin_log VALUES(1479,'2022-10-07 16:01:24.458169','7','Haagen-Dazs Caramel Cone Ice Cream Ketchup','',52,1,3);
INSERT INTO django_admin_log VALUES(1480,'2022-10-07 16:01:24.569337','6','Haagen-Dazs Caramel Cone Ice Cream Ketchup','',52,1,3);
INSERT INTO django_admin_log VALUES(1481,'2022-10-07 16:01:24.650400','5','Haagen-Dazs Caramel Cone Ice Cream Ketchup','',52,1,3);
INSERT INTO django_admin_log VALUES(1482,'2022-10-07 16:01:24.770454','4','Haagen-Dazs Caramel Cone Ice Cream Ketchup','',52,1,3);
INSERT INTO django_admin_log VALUES(1483,'2022-10-07 16:01:24.851238','3','Haagen-Dazs Caramel Cone Ice Cream Ketchup','',52,1,3);
INSERT INTO django_admin_log VALUES(1484,'2022-10-07 16:01:24.931069','2','Haagen-Dazs Caramel Cone Ice Cream Ketchup','',52,1,3);
INSERT INTO django_admin_log VALUES(1485,'2022-10-07 16:01:25.031056','1','Haagen-Dazs Caramel Cone Ice Cream Ketchup','',52,1,3);
INSERT INTO django_admin_log VALUES(1486,'2022-10-07 16:03:54.637734','14','Haagen-Dazs Caramel Cone Ice Cream Ketchup','',52,1,3);
INSERT INTO django_admin_log VALUES(1487,'2022-10-07 16:03:54.746477','13','Haagen-Dazs Caramel Cone Ice Cream Ketchup','',52,1,3);
INSERT INTO django_admin_log VALUES(1488,'2022-10-07 16:03:54.827251','12','Haagen-Dazs Caramel Cone Ice Cream Ketchup','',52,1,3);
INSERT INTO django_admin_log VALUES(1489,'2022-10-07 16:03:54.918008','11','Haagen-Dazs Caramel Cone Ice Cream Ketchup','',52,1,3);
INSERT INTO django_admin_log VALUES(1490,'2022-10-07 16:03:55.064616','10','Haagen-Dazs Caramel Cone Ice Cream Ketchup','',52,1,3);
INSERT INTO django_admin_log VALUES(1491,'2022-10-07 16:03:55.235483','9','Haagen-Dazs Caramel Cone Ice Cream Ketchup','',52,1,3);
INSERT INTO django_admin_log VALUES(1492,'2022-10-07 16:03:55.378831','8','Haagen-Dazs Caramel Cone Ice Cream Ketchup','',52,1,3);
INSERT INTO django_admin_log VALUES(1493,'2022-10-07 16:05:12.785571','19','Haagen-Dazs Caramel Cone Ice Cream Ketchup','',52,1,3);
INSERT INTO django_admin_log VALUES(1494,'2022-10-07 16:05:12.896915','18','Haagen-Dazs Caramel Cone Ice Cream Ketchup','',52,1,3);
INSERT INTO django_admin_log VALUES(1495,'2022-10-07 16:05:12.988717','17','Haagen-Dazs Caramel Cone Ice Cream Ketchup','',52,1,3);
INSERT INTO django_admin_log VALUES(1496,'2022-10-07 16:05:13.078435','16','Haagen-Dazs Caramel Cone Ice Cream Ketchup','',52,1,3);
INSERT INTO django_admin_log VALUES(1497,'2022-10-07 16:05:13.169192','15','Haagen-Dazs Caramel Cone Ice Cream Ketchup','',52,1,3);
INSERT INTO django_admin_log VALUES(1498,'2022-10-07 16:08:43.350598','20','Haagen-Dazs Caramel Cone Ice Cream Ketchup','',52,1,3);
INSERT INTO django_admin_log VALUES(1499,'2022-10-07 16:22:02.724405','40','Haagen-Dazs Caramel Cone Ice Cream Ketchup','',52,1,3);
INSERT INTO django_admin_log VALUES(1500,'2022-10-07 16:34:23.474310','61','Haagen-Dazs Caramel Cone Ice Cream Ketchup','',52,1,3);
INSERT INTO django_admin_log VALUES(1501,'2022-10-07 16:34:23.614816','60','Haagen-Dazs Caramel Cone Ice Cream Ketchup','',52,1,3);
INSERT INTO django_admin_log VALUES(1502,'2022-10-07 16:34:23.737592','59','Haagen-Dazs Caramel Cone Ice Cream Ketchup','',52,1,3);
INSERT INTO django_admin_log VALUES(1503,'2022-10-07 16:34:23.836293','58','Haagen-Dazs Caramel Cone Ice Cream Ketchup','',52,1,3);
INSERT INTO django_admin_log VALUES(1504,'2022-10-07 16:34:23.928127','57','Haagen-Dazs Caramel Cone Ice Cream Ketchup','',52,1,3);
INSERT INTO django_admin_log VALUES(1505,'2022-10-07 16:34:24.037960','56','Haagen-Dazs Caramel Cone Ice Cream Ketchup','',52,1,3);
INSERT INTO django_admin_log VALUES(1506,'2022-10-07 16:34:24.127715','55','Haagen-Dazs Caramel Cone Ice Cream Ketchup','',52,1,3);
INSERT INTO django_admin_log VALUES(1507,'2022-10-07 16:34:24.216767','54','Haagen-Dazs Caramel Cone Ice Cream Ketchup','',52,1,3);
INSERT INTO django_admin_log VALUES(1508,'2022-10-07 16:34:24.317475','53','Haagen-Dazs Caramel Cone Ice Cream Ketchup','',52,1,3);
INSERT INTO django_admin_log VALUES(1509,'2022-10-07 16:34:24.418381','52','Haagen-Dazs Caramel Cone Ice Cream Ketchup','',52,1,3);
INSERT INTO django_admin_log VALUES(1510,'2022-10-07 16:34:24.508391','51','Haagen-Dazs Caramel Cone Ice Cream Ketchup','',52,1,3);
INSERT INTO django_admin_log VALUES(1511,'2022-10-07 16:34:24.608709','50','Haagen-Dazs Caramel Cone Ice Cream Ketchup','',52,1,3);
INSERT INTO django_admin_log VALUES(1512,'2022-10-07 16:34:24.697732','49','Haagen-Dazs Caramel Cone Ice Cream Ketchup','',52,1,3);
INSERT INTO django_admin_log VALUES(1513,'2022-10-07 16:34:24.788767','48','Haagen-Dazs Caramel Cone Ice Cream Ketchup','',52,1,3);
INSERT INTO django_admin_log VALUES(1514,'2022-10-07 16:34:24.879524','46','Haagen-Dazs Caramel Cone Ice Cream Ketchup','',52,1,3);
INSERT INTO django_admin_log VALUES(1515,'2022-10-07 16:34:25.019361','45','Haagen-Dazs Caramel Cone Ice Cream Ketchup','',52,1,3);
INSERT INTO django_admin_log VALUES(1516,'2022-10-07 16:34:25.110289','44','Haagen-Dazs Caramel Cone Ice Cream Ketchup','',52,1,3);
INSERT INTO django_admin_log VALUES(1517,'2022-10-07 16:34:25.210149','43','Haagen-Dazs Caramel Cone Ice Cream Ketchup','',52,1,3);
INSERT INTO django_admin_log VALUES(1518,'2022-10-07 16:34:25.299783','42','Haagen-Dazs Caramel Cone Ice Cream Ketchup','',52,1,3);
INSERT INTO django_admin_log VALUES(1519,'2022-10-07 16:34:25.419620','41','Haagen-Dazs Caramel Cone Ice Cream Ketchup','',52,1,3);
INSERT INTO django_admin_log VALUES(1520,'2022-10-07 16:34:25.509379','39','Haagen-Dazs Caramel Cone Ice Cream Ketchup','',52,1,3);
INSERT INTO django_admin_log VALUES(1521,'2022-10-07 16:34:25.619854','38','Haagen-Dazs Caramel Cone Ice Cream Ketchup','',52,1,3);
INSERT INTO django_admin_log VALUES(1522,'2022-10-07 16:34:25.711687','37','Haagen-Dazs Caramel Cone Ice Cream Ketchup','',52,1,3);
INSERT INTO django_admin_log VALUES(1523,'2022-10-07 16:34:25.812478','36','Haagen-Dazs Caramel Cone Ice Cream Ketchup','',52,1,3);
INSERT INTO django_admin_log VALUES(1524,'2022-10-07 16:34:25.900648','35','Haagen-Dazs Caramel Cone Ice Cream Ketchup','',52,1,3);
INSERT INTO django_admin_log VALUES(1525,'2022-10-07 16:40:01.542922','63','Haagen-Dazs Caramel Cone Ice Cream Ketchup','',52,1,3);
INSERT INTO django_admin_log VALUES(1526,'2022-10-07 16:42:39.189805','64','Haagen-Dazs Caramel Cone Ice Cream Ketchup','',52,1,3);
INSERT INTO django_admin_log VALUES(1527,'2022-10-07 16:45:21.821807','65','Haagen-Dazs Caramel Cone Ice Cream Ketchup','',52,1,3);
INSERT INTO django_admin_log VALUES(1528,'2022-10-07 17:03:14.459569','90','Haagen-Dazs Caramel Cone Ice Cream Ketchup','',9,1,3);
INSERT INTO django_admin_log VALUES(1529,'2022-10-07 17:04:07.308385','93','test','[{"added": {"name": "product size", "object": "test"}}]',9,1,2);
INSERT INTO django_admin_log VALUES(1530,'2022-10-07 17:04:29.680976','93','test','[{"deleted": {"name": "product size", "object": "test"}}]',9,1,2);
INSERT INTO django_admin_log VALUES(1531,'2022-10-07 17:05:41.486469','93','Haagen-Dazs Caramel Cone','[{"changed": {"fields": ["Name", "Short Description"]}}]',9,1,2);
INSERT INTO django_admin_log VALUES(1532,'2022-10-07 17:35:27.133001','94','TESAT','',9,1,3);
INSERT INTO django_admin_log VALUES(1533,'2022-10-07 18:44:18.988225','264','264','',15,1,3);
INSERT INTO django_admin_log VALUES(1534,'2022-10-07 18:44:19.167524','263','263','',15,1,3);
INSERT INTO django_admin_log VALUES(1535,'2022-10-07 18:44:19.299730','262','262','',15,1,3);
INSERT INTO django_admin_log VALUES(1536,'2022-10-30 15:05:34.066041','1','Best smartwatch 2022: the top wearables you can buy today','[{"changed": {"fields": ["Slugfiy"]}}]',33,1,2);
INSERT INTO django_admin_log VALUES(1537,'2022-10-30 15:21:10.549328','1','Best smartwatch 2022: the top wearables you can buy today','[{"changed": {"fields": ["Slugfiy"]}}]',33,1,2);
INSERT INTO django_admin_log VALUES(1538,'2022-11-29 02:12:45.445043','279','279','[{"changed": {"fields": ["Amount"]}}]',15,1,2);
INSERT INTO django_admin_log VALUES(1539,'2022-11-29 02:12:52.437226','279','279','[{"changed": {"fields": ["Amount"]}}]',15,1,2);
INSERT INTO django_admin_log VALUES(1540,'2022-11-29 02:13:19.269839','278','278','[{"changed": {"fields": ["Amount"]}}]',15,1,2);
CREATE TABLE IF NOT EXISTS "django_content_type" ("id" integer NOT NULL PRIMARY KEY SERIAL, "app_label" varchar(100) NOT NULL, "model" varchar(100) NOT NULL);
INSERT INTO django_content_type VALUES(1,'admin','logentry');
INSERT INTO django_content_type VALUES(2,'auth','permission');
INSERT INTO django_content_type VALUES(3,'auth','group');
INSERT INTO django_content_type VALUES(4,'auth','user');
INSERT INTO django_content_type VALUES(5,'contenttypes','contenttype');
INSERT INTO django_content_type VALUES(6,'sessions','session');
INSERT INTO django_content_type VALUES(7,'categories','subcategory');
INSERT INTO django_content_type VALUES(8,'categories','maincategory');
INSERT INTO django_content_type VALUES(9,'products','product');
INSERT INTO django_content_type VALUES(10,'categories','minicategory');
INSERT INTO django_content_type VALUES(11,'categories','supercategory');
INSERT INTO django_content_type VALUES(12,'products','productimage');
INSERT INTO django_content_type VALUES(13,'accounts','profile');
INSERT INTO django_content_type VALUES(14,'orders','orderdetails');
INSERT INTO django_content_type VALUES(15,'orders','order');
INSERT INTO django_content_type VALUES(16,'orders','coupon');
INSERT INTO django_content_type VALUES(17,'orders','payment');
INSERT INTO django_content_type VALUES(18,'orders','country');
INSERT INTO django_content_type VALUES(19,'home','carousel');
INSERT INTO django_content_type VALUES(20,'home','homeadsidebar');
INSERT INTO django_content_type VALUES(21,'home','homeadmiddlebar');
INSERT INTO django_content_type VALUES(22,'home','homeadsupplier');
INSERT INTO django_content_type VALUES(23,'home','homeaddaily');
INSERT INTO django_content_type VALUES(24,'home','homeaddealtime');
INSERT INTO django_content_type VALUES(25,'home','vendordetailsadimage');
INSERT INTO django_content_type VALUES(26,'home','shopadsidebar');
INSERT INTO django_content_type VALUES(27,'home','hotdealad');
INSERT INTO django_content_type VALUES(28,'orders','orderdetailssupplier');
INSERT INTO django_content_type VALUES(29,'orders','ordersupplier');
INSERT INTO django_content_type VALUES(30,'newsletters','newsletter');
INSERT INTO django_content_type VALUES(31,'products','productrating');
INSERT INTO django_content_type VALUES(32,'blog','comment');
INSERT INTO django_content_type VALUES(33,'blog','post');
INSERT INTO django_content_type VALUES(34,'reports','postreport');
INSERT INTO django_content_type VALUES(35,'reports','report');
INSERT INTO django_content_type VALUES(36,'reports','postview');
INSERT INTO django_content_type VALUES(37,'reports','reportuser');
INSERT INTO django_content_type VALUES(38,'home','headtextad');
INSERT INTO django_content_type VALUES(39,'settings','socaillinks');
INSERT INTO django_content_type VALUES(40,'settings','contactinfo');
INSERT INTO django_content_type VALUES(41,'contact','messageslist');
INSERT INTO django_content_type VALUES(42,'pages','pageslist');
INSERT INTO django_content_type VALUES(43,'settings','supportnumber');
INSERT INTO django_content_type VALUES(44,'settings','sitesetting');
INSERT INTO django_content_type VALUES(45,'accounts','bankaccount');
INSERT INTO django_content_type VALUES(46,'accounts','sociallink');
INSERT INTO django_content_type VALUES(47,'payments','vendorpayments');
INSERT INTO django_content_type VALUES(48,'settings','stripesetting');
INSERT INTO django_content_type VALUES(49,'captcha','captchastore');
INSERT INTO django_content_type VALUES(50,'currencies','currency');
INSERT INTO django_content_type VALUES(51,'settings','homepagetheme');
INSERT INTO django_content_type VALUES(52,'products','productsize');
CREATE TABLE IF NOT EXISTS "auth_permission" ("id" integer NOT NULL PRIMARY KEY SERIAL, "content_type_id" integer NOT NULL REFERENCES "django_content_type" ("id") DEFERRABLE INITIALLY DEFERRED, "codename" varchar(100) NOT NULL, "name" varchar(255) NOT NULL);
INSERT INTO auth_permission VALUES(1,1,'add_logentry','Can add log entry');
INSERT INTO auth_permission VALUES(2,1,'change_logentry','Can change log entry');
INSERT INTO auth_permission VALUES(3,1,'delete_logentry','Can delete log entry');
INSERT INTO auth_permission VALUES(4,1,'view_logentry','Can view log entry');
INSERT INTO auth_permission VALUES(5,2,'add_permission','Can add permission');
INSERT INTO auth_permission VALUES(6,2,'change_permission','Can change permission');
INSERT INTO auth_permission VALUES(7,2,'delete_permission','Can delete permission');
INSERT INTO auth_permission VALUES(8,2,'view_permission','Can view permission');
INSERT INTO auth_permission VALUES(9,3,'add_group','Can add group');
INSERT INTO auth_permission VALUES(10,3,'change_group','Can change group');
INSERT INTO auth_permission VALUES(11,3,'delete_group','Can delete group');
INSERT INTO auth_permission VALUES(12,3,'view_group','Can view group');
INSERT INTO auth_permission VALUES(13,4,'add_user','Can add user');
INSERT INTO auth_permission VALUES(14,4,'change_user','Can change user');
INSERT INTO auth_permission VALUES(15,4,'delete_user','Can delete user');
INSERT INTO auth_permission VALUES(16,4,'view_user','Can view user');
INSERT INTO auth_permission VALUES(17,5,'add_contenttype','Can add content type');
INSERT INTO auth_permission VALUES(18,5,'change_contenttype','Can change content type');
INSERT INTO auth_permission VALUES(19,5,'delete_contenttype','Can delete content type');
INSERT INTO auth_permission VALUES(20,5,'view_contenttype','Can view content type');
INSERT INTO auth_permission VALUES(21,6,'add_session','Can add session');
INSERT INTO auth_permission VALUES(22,6,'change_session','Can change session');
INSERT INTO auth_permission VALUES(23,6,'delete_session','Can delete session');
INSERT INTO auth_permission VALUES(24,6,'view_session','Can view session');
INSERT INTO auth_permission VALUES(25,7,'add_subcategory','Can add sub category');
INSERT INTO auth_permission VALUES(26,7,'change_subcategory','Can change sub category');
INSERT INTO auth_permission VALUES(27,7,'delete_subcategory','Can delete sub category');
INSERT INTO auth_permission VALUES(28,7,'view_subcategory','Can view sub category');
INSERT INTO auth_permission VALUES(29,8,'add_maincategory','Can add main category');
INSERT INTO auth_permission VALUES(30,8,'change_maincategory','Can change main category');
INSERT INTO auth_permission VALUES(31,8,'delete_maincategory','Can delete main category');
INSERT INTO auth_permission VALUES(32,8,'view_maincategory','Can view main category');
INSERT INTO auth_permission VALUES(33,9,'add_product','Can add product');
INSERT INTO auth_permission VALUES(34,9,'change_product','Can change product');
INSERT INTO auth_permission VALUES(35,9,'delete_product','Can delete product');
INSERT INTO auth_permission VALUES(36,9,'view_product','Can view product');
INSERT INTO auth_permission VALUES(37,10,'add_minicategory','Can add mini category');
INSERT INTO auth_permission VALUES(38,10,'change_minicategory','Can change mini category');
INSERT INTO auth_permission VALUES(39,10,'delete_minicategory','Can delete mini category');
INSERT INTO auth_permission VALUES(40,10,'view_minicategory','Can view mini category');
INSERT INTO auth_permission VALUES(41,11,'add_supercategory','Can add super category');
INSERT INTO auth_permission VALUES(42,11,'change_supercategory','Can change super category');
INSERT INTO auth_permission VALUES(43,11,'delete_supercategory','Can delete super category');
INSERT INTO auth_permission VALUES(44,11,'view_supercategory','Can view super category');
INSERT INTO auth_permission VALUES(45,12,'add_productimage','Can add product image');
INSERT INTO auth_permission VALUES(46,12,'change_productimage','Can change product image');
INSERT INTO auth_permission VALUES(47,12,'delete_productimage','Can delete product image');
INSERT INTO auth_permission VALUES(48,12,'view_productimage','Can view product image');
INSERT INTO auth_permission VALUES(49,13,'add_profile','Can add profile');
INSERT INTO auth_permission VALUES(50,13,'change_profile','Can change profile');
INSERT INTO auth_permission VALUES(51,13,'delete_profile','Can delete profile');
INSERT INTO auth_permission VALUES(52,13,'view_profile','Can view profile');
INSERT INTO auth_permission VALUES(53,14,'add_orderdetails','Can add order details');
INSERT INTO auth_permission VALUES(54,14,'change_orderdetails','Can change order details');
INSERT INTO auth_permission VALUES(55,14,'delete_orderdetails','Can delete order details');
INSERT INTO auth_permission VALUES(56,14,'view_orderdetails','Can view order details');
INSERT INTO auth_permission VALUES(57,15,'add_order','Can add order');
INSERT INTO auth_permission VALUES(58,15,'change_order','Can change order');
INSERT INTO auth_permission VALUES(59,15,'delete_order','Can delete order');
INSERT INTO auth_permission VALUES(60,15,'view_order','Can view order');
INSERT INTO auth_permission VALUES(61,16,'add_coupon','Can add coupon');
INSERT INTO auth_permission VALUES(62,16,'change_coupon','Can change coupon');
INSERT INTO auth_permission VALUES(63,16,'delete_coupon','Can delete coupon');
INSERT INTO auth_permission VALUES(64,16,'view_coupon','Can view coupon');
INSERT INTO auth_permission VALUES(65,17,'add_payment','Can add payment');
INSERT INTO auth_permission VALUES(66,17,'change_payment','Can change payment');
INSERT INTO auth_permission VALUES(67,17,'delete_payment','Can delete payment');
INSERT INTO auth_permission VALUES(68,17,'view_payment','Can view payment');
INSERT INTO auth_permission VALUES(69,18,'add_country','Can add country');
INSERT INTO auth_permission VALUES(70,18,'change_country','Can change country');
INSERT INTO auth_permission VALUES(71,18,'delete_country','Can delete country');
INSERT INTO auth_permission VALUES(72,18,'view_country','Can view country');
INSERT INTO auth_permission VALUES(73,19,'add_carousel','Can add carousel');
INSERT INTO auth_permission VALUES(74,19,'change_carousel','Can change carousel');
INSERT INTO auth_permission VALUES(75,19,'delete_carousel','Can delete carousel');
INSERT INTO auth_permission VALUES(76,19,'view_carousel','Can view carousel');
INSERT INTO auth_permission VALUES(77,20,'add_ads','Can add ads');
INSERT INTO auth_permission VALUES(78,20,'change_ads','Can change ads');
INSERT INTO auth_permission VALUES(79,20,'delete_ads','Can delete ads');
INSERT INTO auth_permission VALUES(80,20,'view_ads','Can view ads');
INSERT INTO auth_permission VALUES(81,20,'add_homeads','Can add home ads');
INSERT INTO auth_permission VALUES(82,20,'change_homeads','Can change home ads');
INSERT INTO auth_permission VALUES(83,20,'delete_homeads','Can delete home ads');
INSERT INTO auth_permission VALUES(84,20,'view_homeads','Can view home ads');
INSERT INTO auth_permission VALUES(85,20,'add_homead','Can add home ad');
INSERT INTO auth_permission VALUES(86,20,'change_homead','Can change home ad');
INSERT INTO auth_permission VALUES(87,20,'delete_homead','Can delete home ad');
INSERT INTO auth_permission VALUES(88,20,'view_homead','Can view home ad');
INSERT INTO auth_permission VALUES(89,20,'add_homeadsidebar','Can add home ad sidebar');
INSERT INTO auth_permission VALUES(90,20,'change_homeadsidebar','Can change home ad sidebar');
INSERT INTO auth_permission VALUES(91,20,'delete_homeadsidebar','Can delete home ad sidebar');
INSERT INTO auth_permission VALUES(92,20,'view_homeadsidebar','Can view home ad sidebar');
INSERT INTO auth_permission VALUES(93,21,'add_homeadmiddlebar','Can add home ad middlebar');
INSERT INTO auth_permission VALUES(94,21,'change_homeadmiddlebar','Can change home ad middlebar');
INSERT INTO auth_permission VALUES(95,21,'delete_homeadmiddlebar','Can delete home ad middlebar');
INSERT INTO auth_permission VALUES(96,21,'view_homeadmiddlebar','Can view home ad middlebar');
INSERT INTO auth_permission VALUES(97,22,'add_homeadmiddlesmall','Can add home ad middle small');
INSERT INTO auth_permission VALUES(98,22,'change_homeadmiddlesmall','Can change home ad middle small');
INSERT INTO auth_permission VALUES(99,22,'delete_homeadmiddlesmall','Can delete home ad middle small');
INSERT INTO auth_permission VALUES(100,22,'view_homeadmiddlesmall','Can view home ad middle small');
INSERT INTO auth_permission VALUES(101,22,'add_homeadsupplier','Can add home ad supplier');
INSERT INTO auth_permission VALUES(102,22,'change_homeadsupplier','Can change home ad supplier');
INSERT INTO auth_permission VALUES(103,22,'delete_homeadsupplier','Can delete home ad supplier');
INSERT INTO auth_permission VALUES(104,22,'view_homeadsupplier','Can view home ad supplier');
INSERT INTO auth_permission VALUES(105,23,'add_homeaddaily','Can add home ad daily');
INSERT INTO auth_permission VALUES(106,23,'change_homeaddaily','Can change home ad daily');
INSERT INTO auth_permission VALUES(107,23,'delete_homeaddaily','Can delete home ad daily');
INSERT INTO auth_permission VALUES(108,23,'view_homeaddaily','Can view home ad daily');
INSERT INTO auth_permission VALUES(109,24,'add_homeaddealtime','Can add home ad deal time');
INSERT INTO auth_permission VALUES(110,24,'change_homeaddealtime','Can change home ad deal time');
INSERT INTO auth_permission VALUES(111,24,'delete_homeaddealtime','Can delete home ad deal time');
INSERT INTO auth_permission VALUES(112,24,'view_homeaddealtime','Can view home ad deal time');
INSERT INTO auth_permission VALUES(113,25,'add_vendordetailsadimage','Can add vendor details ad image');
INSERT INTO auth_permission VALUES(114,25,'change_vendordetailsadimage','Can change vendor details ad image');
INSERT INTO auth_permission VALUES(115,25,'delete_vendordetailsadimage','Can delete vendor details ad image');
INSERT INTO auth_permission VALUES(116,25,'view_vendordetailsadimage','Can view vendor details ad image');
INSERT INTO auth_permission VALUES(117,26,'add_shopadsidebar','Can add shop ad sidebar');
INSERT INTO auth_permission VALUES(118,26,'change_shopadsidebar','Can change shop ad sidebar');
INSERT INTO auth_permission VALUES(119,26,'delete_shopadsidebar','Can delete shop ad sidebar');
INSERT INTO auth_permission VALUES(120,26,'view_shopadsidebar','Can view shop ad sidebar');
INSERT INTO auth_permission VALUES(121,27,'add_hotdealad','Can add hot deal ad');
INSERT INTO auth_permission VALUES(122,27,'change_hotdealad','Can change hot deal ad');
INSERT INTO auth_permission VALUES(123,27,'delete_hotdealad','Can delete hot deal ad');
INSERT INTO auth_permission VALUES(124,27,'view_hotdealad','Can view hot deal ad');
INSERT INTO auth_permission VALUES(125,28,'add_orderdetailssupplier','Can add order details supplier');
INSERT INTO auth_permission VALUES(126,28,'change_orderdetailssupplier','Can change order details supplier');
INSERT INTO auth_permission VALUES(127,28,'delete_orderdetailssupplier','Can delete order details supplier');
INSERT INTO auth_permission VALUES(128,28,'view_orderdetailssupplier','Can view order details supplier');
INSERT INTO auth_permission VALUES(129,29,'add_ordersupplier','Can add order supplier');
INSERT INTO auth_permission VALUES(130,29,'change_ordersupplier','Can change order supplier');
INSERT INTO auth_permission VALUES(131,29,'delete_ordersupplier','Can delete order supplier');
INSERT INTO auth_permission VALUES(132,29,'view_ordersupplier','Can view order supplier');
INSERT INTO auth_permission VALUES(133,30,'add_newsletter','Can add News letter');
INSERT INTO auth_permission VALUES(134,30,'change_newsletter','Can change News letter');
INSERT INTO auth_permission VALUES(135,30,'delete_newsletter','Can delete News letter');
INSERT INTO auth_permission VALUES(136,30,'view_newsletter','Can view News letter');
INSERT INTO auth_permission VALUES(137,31,'add_productrating','Can add product rating');
INSERT INTO auth_permission VALUES(138,31,'change_productrating','Can change product rating');
INSERT INTO auth_permission VALUES(139,31,'delete_productrating','Can delete product rating');
INSERT INTO auth_permission VALUES(140,31,'view_productrating','Can view product rating');
INSERT INTO auth_permission VALUES(141,32,'add_comment','Can add comment');
INSERT INTO auth_permission VALUES(142,32,'change_comment','Can change comment');
INSERT INTO auth_permission VALUES(143,32,'delete_comment','Can delete comment');
INSERT INTO auth_permission VALUES(144,32,'view_comment','Can view comment');
INSERT INTO auth_permission VALUES(145,33,'add_post','Can add post');
INSERT INTO auth_permission VALUES(146,33,'change_post','Can change post');
INSERT INTO auth_permission VALUES(147,33,'delete_post','Can delete post');
INSERT INTO auth_permission VALUES(148,33,'view_post','Can view post');
INSERT INTO auth_permission VALUES(149,34,'add_postreport','Can add post report');
INSERT INTO auth_permission VALUES(150,34,'change_postreport','Can change post report');
INSERT INTO auth_permission VALUES(151,34,'delete_postreport','Can delete post report');
INSERT INTO auth_permission VALUES(152,34,'view_postreport','Can view post report');
INSERT INTO auth_permission VALUES(153,35,'add_report','Can add report');
INSERT INTO auth_permission VALUES(154,35,'change_report','Can change report');
INSERT INTO auth_permission VALUES(155,35,'delete_report','Can delete report');
INSERT INTO auth_permission VALUES(156,35,'view_report','Can view report');
INSERT INTO auth_permission VALUES(157,36,'add_postview','Can add post view');
INSERT INTO auth_permission VALUES(158,36,'change_postview','Can change post view');
INSERT INTO auth_permission VALUES(159,36,'delete_postview','Can delete post view');
INSERT INTO auth_permission VALUES(160,36,'view_postview','Can view post view');
INSERT INTO auth_permission VALUES(161,37,'add_reportuser','Can add report user');
INSERT INTO auth_permission VALUES(162,37,'change_reportuser','Can change report user');
INSERT INTO auth_permission VALUES(163,37,'delete_reportuser','Can delete report user');
INSERT INTO auth_permission VALUES(164,37,'view_reportuser','Can view report user');
INSERT INTO auth_permission VALUES(165,38,'add_headtextad','Can add head text ad');
INSERT INTO auth_permission VALUES(166,38,'change_headtextad','Can change head text ad');
INSERT INTO auth_permission VALUES(167,38,'delete_headtextad','Can delete head text ad');
INSERT INTO auth_permission VALUES(168,38,'view_headtextad','Can view head text ad');
INSERT INTO auth_permission VALUES(169,39,'add_socaillinks','Can add Socail links');
INSERT INTO auth_permission VALUES(170,39,'change_socaillinks','Can change Socail links');
INSERT INTO auth_permission VALUES(171,39,'delete_socaillinks','Can delete Socail links');
INSERT INTO auth_permission VALUES(172,39,'view_socaillinks','Can view Socail links');
INSERT INTO auth_permission VALUES(173,40,'add_contactinfo','Can add Contact Us');
INSERT INTO auth_permission VALUES(174,40,'change_contactinfo','Can change Contact Us');
INSERT INTO auth_permission VALUES(175,40,'delete_contactinfo','Can delete Contact Us');
INSERT INTO auth_permission VALUES(176,40,'view_contactinfo','Can view Contact Us');
INSERT INTO auth_permission VALUES(177,41,'add_messages_list','Can add messages_ list');
INSERT INTO auth_permission VALUES(178,41,'change_messages_list','Can change messages_ list');
INSERT INTO auth_permission VALUES(179,41,'delete_messages_list','Can delete messages_ list');
INSERT INTO auth_permission VALUES(180,41,'view_messages_list','Can view messages_ list');
INSERT INTO auth_permission VALUES(181,41,'add_messageslist','Can add messages list');
INSERT INTO auth_permission VALUES(182,41,'change_messageslist','Can change messages list');
INSERT INTO auth_permission VALUES(183,41,'delete_messageslist','Can delete messages list');
INSERT INTO auth_permission VALUES(184,41,'view_messageslist','Can view messages list');
INSERT INTO auth_permission VALUES(185,42,'add_aboutus','Can add about us');
INSERT INTO auth_permission VALUES(186,42,'change_aboutus','Can change about us');
INSERT INTO auth_permission VALUES(187,42,'delete_aboutus','Can delete about us');
INSERT INTO auth_permission VALUES(188,42,'view_aboutus','Can view about us');
INSERT INTO auth_permission VALUES(189,42,'add_pageslist','Can add Pages List');
INSERT INTO auth_permission VALUES(190,42,'change_pageslist','Can change Pages List');
INSERT INTO auth_permission VALUES(191,42,'delete_pageslist','Can delete Pages List');
INSERT INTO auth_permission VALUES(192,42,'view_pageslist','Can view Pages List');
INSERT INTO auth_permission VALUES(193,43,'add_supportnumber','Can add Support Number');
INSERT INTO auth_permission VALUES(194,43,'change_supportnumber','Can change Support Number');
INSERT INTO auth_permission VALUES(195,43,'delete_supportnumber','Can delete Support Number');
INSERT INTO auth_permission VALUES(196,43,'view_supportnumber','Can view Support Number');
INSERT INTO auth_permission VALUES(197,44,'add_sitesetting','Can add Site Setting');
INSERT INTO auth_permission VALUES(198,44,'change_sitesetting','Can change Site Setting');
INSERT INTO auth_permission VALUES(199,44,'delete_sitesetting','Can delete Site Setting');
INSERT INTO auth_permission VALUES(200,44,'view_sitesetting','Can view Site Setting');
INSERT INTO auth_permission VALUES(201,45,'add_bankaccount','Can add bank account');
INSERT INTO auth_permission VALUES(202,45,'change_bankaccount','Can change bank account');
INSERT INTO auth_permission VALUES(203,45,'delete_bankaccount','Can delete bank account');
INSERT INTO auth_permission VALUES(204,45,'view_bankaccount','Can view bank account');
INSERT INTO auth_permission VALUES(205,46,'add_sociallink','Can add social link');
INSERT INTO auth_permission VALUES(206,46,'change_sociallink','Can change social link');
INSERT INTO auth_permission VALUES(207,46,'delete_sociallink','Can delete social link');
INSERT INTO auth_permission VALUES(208,46,'view_sociallink','Can view social link');
INSERT INTO auth_permission VALUES(209,47,'add_vendorpayments','Can add vendor payments');
INSERT INTO auth_permission VALUES(210,47,'change_vendorpayments','Can change vendor payments');
INSERT INTO auth_permission VALUES(211,47,'delete_vendorpayments','Can delete vendor payments');
INSERT INTO auth_permission VALUES(212,47,'view_vendorpayments','Can view vendor payments');
INSERT INTO auth_permission VALUES(213,48,'add_stripesetting','Can add stripe setting');
INSERT INTO auth_permission VALUES(214,48,'change_stripesetting','Can change stripe setting');
INSERT INTO auth_permission VALUES(215,48,'delete_stripesetting','Can delete stripe setting');
INSERT INTO auth_permission VALUES(216,48,'view_stripesetting','Can view stripe setting');
INSERT INTO auth_permission VALUES(217,49,'add_captchastore','Can add captcha store');
INSERT INTO auth_permission VALUES(218,49,'change_captchastore','Can change captcha store');
INSERT INTO auth_permission VALUES(219,49,'delete_captchastore','Can delete captcha store');
INSERT INTO auth_permission VALUES(220,49,'view_captchastore','Can view captcha store');
INSERT INTO auth_permission VALUES(221,50,'add_currency','Can add currency');
INSERT INTO auth_permission VALUES(222,50,'change_currency','Can change currency');
INSERT INTO auth_permission VALUES(223,50,'delete_currency','Can delete currency');
INSERT INTO auth_permission VALUES(224,50,'view_currency','Can view currency');
INSERT INTO auth_permission VALUES(225,51,'add_homepagetheme','Can add Home Page Theme');
INSERT INTO auth_permission VALUES(226,51,'change_homepagetheme','Can change Home Page Theme');
INSERT INTO auth_permission VALUES(227,51,'delete_homepagetheme','Can delete Home Page Theme');
INSERT INTO auth_permission VALUES(228,51,'view_homepagetheme','Can view Home Page Theme');
INSERT INTO auth_permission VALUES(229,52,'add_productsize','Can add product size');
INSERT INTO auth_permission VALUES(230,52,'change_productsize','Can change product size');
INSERT INTO auth_permission VALUES(231,52,'delete_productsize','Can delete product size');
INSERT INTO auth_permission VALUES(232,52,'view_productsize','Can view product size');
CREATE TABLE IF NOT EXISTS "auth_group" ("id" integer NOT NULL PRIMARY KEY SERIAL, "name" varchar(150) NOT NULL UNIQUE);
CREATE TABLE IF NOT EXISTS "auth_user" ("id" integer NOT NULL PRIMARY KEY SERIAL, "password" varchar(128) NOT NULL, "last_login" datetime NULL, "is_superuser" bool NOT NULL, "username" varchar(150) NOT NULL UNIQUE, "last_name" varchar(150) NOT NULL, "email" varchar(254) NOT NULL, "is_staff" bool NOT NULL, "is_active" bool NOT NULL, "date_joined" datetime NOT NULL, "first_name" varchar(150) NOT NULL);
INSERT INTO auth_user VALUES(1,'pbkdf2_sha256$260000$JPyEtpQ97e6DWaf7QXefTT$t/7z8YyjKeF26+lks6t8FiUPFt9sAnmsQygSPJhy4jA=','2023-10-25 20:21:23.493302',1,'selem','','mail@test.com',1,1,'2022-02-03 02:37:42','');
INSERT INTO auth_user VALUES(26,'pbkdf2_sha256$260000$45wNvkL45jL1FDpjf5Ws2l$mJAlDMQNFsDnNycHZR8P6CTA4r1Vq83VtBLAfVfOdcM=','2024-02-22 06:12:27.817873',1,'admin','','admin@yopmail.com',1,1,'2024-02-22 06:12:01.057166','');
CREATE TABLE IF NOT EXISTS "django_session" ("session_key" varchar(40) NOT NULL PRIMARY KEY, "session_data" text NOT NULL, "expire_date" datetime NOT NULL);
INSERT INTO django_session VALUES('blwed6hykxwfhsd7vcehgjnu1x5jl7vq','.eJxVjMsOwiAQRf-FtSE8hgIu3fsNZGBAqgaS0q6M_65NutDtPefcFwu4rTVsIy9hJnZmkp1-t4jpkdsO6I7t1nnqbV3myHeFH3Twa6f8vBzu30HFUb-1J1UmoiRtLEApaknZaOlsIgPCo4zeaA1WGaeFKi7TlAjACQTji4rs_QHzIDfW:1nFS0V:zO99uGBqkLNs4eeo1dWSWKGOR4Ub634cNknDsfjTs4w','2022-02-17 02:37:59.953874');
INSERT INTO django_session VALUES('dvdny93mias4luudqq80rdbnszcavhj4','.eJxVjsEOwiAQRP-FsyEFlgIevfcbGtgFWzUlKe3J-O9CwkFPk-zMvpk3m_15LPNZ4j6vxK5MsMvvLXh8xq0Z9PDbPXPM27GvgbcI727hU6b4uvXsH2DxZanfjmQaiVCYkIAwKEFRK2ENkobBeRGcVgqM1FYNMtlIIxKAHTxol2SoUKwdldREtpV5pz4aPl_BE0CD:1nGVVP:-6hmQfpSesseScjSI0fMSE9iTiIbM1v-bDp5bM1JpKQ','2022-02-20 00:34:15.580188');
INSERT INTO django_session VALUES('pbm2c0xguovwcz2md0y59dybqbcthb08','.eJxVjssOwiAQRf-FdUPKAAVcuvcbGpgBqRpI-lgZ_12asNDVJPdx5r7Z7I89z8cW13khdmGCDb9a8PiM5TTo4cu9cqxlX5fAzwjv7sZvleLr2rN_gOy33NqOIE1EKExIijBIQVFLYQ2SVqPzIjgtpTKgrRwh2UgTklJ29Eq7BKFB60p9JMDAsH1s3POAYJ8vB4RAsw:1nGbWa:WrdjswIMAkU_XEiZ6rAmnV10eZZAf3MMnO4_fNnld_Y','2022-02-20 06:59:52.013397');
INSERT INTO django_session VALUES('0lazay31nqzkycgda4bm5p0geq40jbyg','eyJvcmRlcl9pZCI6IjIwIn0:1nGXnR:sUml3HAkIPCuukvzgxVq3e2V0wMcSqPVqvVphv-_0tE','2022-02-20 03:01:01.887726');
INSERT INTO django_session VALUES('lz7o2apywaf3l2o99zdycbcv7u9oc21z','eyJvcmRlcl9pZCI6IjE5In0:1nGYdR:VphnLP5ytAhX3iuVUENdrJrSfdth3xyQj6_29siMZ2M','2022-02-20 03:54:45.896000');
INSERT INTO django_session VALUES('o8b7bbtp2c81frz6fhv4st04s0j36qsg','eyJvcmRlcl9pZCI6IjIwIn0:1nGYh5:zTWo8-ySk1HERQTaolQjugvOmiKhc85C9fj6aVZUlMU','2022-02-20 03:58:31.655903');
INSERT INTO django_session VALUES('938ymqja67u5p6jnsl6vxnhnrfhcapak','eyJvcmRlcl9pZCI6IjUifQ:1nGZ51:7QanNDzNIO8Tc3m7QhiEHoBMBiDsx48FTZUkv8YD__o','2022-02-20 04:23:15.030312');
INSERT INTO django_session VALUES('mfex8b81z432n1xiogpmibppx64mpb7b','.eJxVjMsOwiAQRf-FtSE8hgIu3fsNZGBAqgaS0q6M_65NutDtPefcFwu4rTVsIy9hJnZmkp1-t4jpkdsO6I7t1nnqbV3myHeFH3Twa6f8vBzu30HFUb-1J1UmoiRtLEApaknZaOlsIgPCo4zeaA1WGaeFKi7TlAjACQTji4rs_QHzIDfW:1nHV9b:-o611YWxzI2pWhZZzs_YPFFylieigD-bQD4sIl73ETI','2022-02-22 18:23:51.449629');
INSERT INTO django_session VALUES('wkaii9242m4o22mlvy82f8fi24c9ysog','.eJxVjEsOAiEQBe_C2hC-Qrt07xkIdIOMGkiGmZXx7oZkFrp9VfXeLMR9q2EfeQ0LsQuz7PS7pYjP3CagR2z3zrG3bV0Snwo_6OC3Tvl1Pdy_gxpHnbXVSgCgVcpb4xA0eKtcUVISFYMFHIF0wmgUPmfI3mkQLmHSvpwJ2OcLthQ3FA:1nKyBT:S9XFJFbZdADKzBcbMjGfsCZ-rczwCvPvW8ftPw238o0','2022-03-04 08:00:07.190420');
INSERT INTO django_session VALUES('dlbcfyri8fgrslrkscialanvbh1alo7e','.eJxVjEsOAiEQBe_C2hC-Qrt07xkIdIOMGkiGmZXx7oZkFrp9VfXeLMR9q2EfeQ0LsQuz7PS7pYjP3CagR2z3zrG3bV0Snwo_6OC3Tvl1Pdy_gxpHnbXVSgCgVcpb4xA0eKtcUVISFYMFHIF0wmgUPmfI3mkQLmHSvpwJ2OcLthQ3FA:1nL1HP:C7sb1vLa6VbZwWsBkdc1A9eyO37L3FbLwYlYymCg8Zs','2022-03-04 11:18:27.608349');
INSERT INTO django_session VALUES('kcngtbheymguuej5hx1vvy2ek9j0vgb0','.eJxVjMsOwiAQRf-FtSE8hgIu3fsNZGBAqgaS0q6M_65NutDtPefcFwu4rTVsIy9hJnZmkp1-t4jpkdsO6I7t1nnqbV3myHeFH3Twa6f8vBzu30HFUb-1J1UmoiRtLEApaknZaOlsIgPCo4zeaA1WGaeFKi7TlAjACQTji4rs_QHzIDfW:1nMBlt:hy2suFg-gZiQ8vJnIMhoVYDpAYs4L-PFqGXS61sMPR8','2022-03-07 16:42:45.385483');
INSERT INTO django_session VALUES('jcep4sx9nlu221v76xnitzq9jxmzyqpa','.eJxVjMsOwiAQRf-FtSE8hgIu3fsNZGBAqgaS0q6M_65NutDtPefcFwu4rTVsIy9hJnZmkp1-t4jpkdsO6I7t1nnqbV3myHeFH3Twa6f8vBzu30HFUb-1J1UmoiRtLEApaknZaOlsIgPCo4zeaA1WGaeFKi7TlAjACQTji4rs_QHzIDfW:1nMBNF:8f9mV5JXUBLO-N9JRY7BmaUe56UWjODq4LwIZ2_49S0','2022-03-07 16:17:17.069643');
INSERT INTO django_session VALUES('pup6tpmokwzcijvkn3vlv0eoyeoekr80','e30:1nMPtm:fw7B3JiUCIXPHlTnjaVMf-xF9Ld8ZdeGgqmawvlhJt4','2022-03-08 07:47:50.472191');
INSERT INTO django_session VALUES('6i42g26z7rnyemidpuokzp20y13e5ebo','e30:1nMPug:PxiYbh2P7vzKhfna2OUi6EBuPqfaLHryy2FOpDR_-KQ','2022-03-08 07:48:46.715850');
INSERT INTO django_session VALUES('5a9xy4r65hfammmgjsqvmy05skxe0u7v','e30:1nMPvl:JUeDJlnYaFQaPJGmQVS33g0XWKXcZmulB6H9hI-qPYA','2022-03-08 07:49:53.718437');
INSERT INTO django_session VALUES('0t2afr510n5ymff1a5l8vh4l5rj2vyw6','e30:1nMPw9:X92uDrD_XbI7Xdck5pjojtSBAdbVkFujel4FNYKBit4','2022-03-08 07:50:17.916939');
INSERT INTO django_session VALUES('8xnpkmc9f34a2fbgew0udi8pm58lw353','e30:1nMPzy:A7MJPn01fPiiai4-1ZSHJMXuqY6OU5Jt191TBDl4Qds','2022-03-08 07:54:14.502512');
INSERT INTO django_session VALUES('22sur3dfi0kkzcze84htwyqcj4bmcvmy','e30:1nMQ1t:eiFzczeSRnR36k_om0lGJNe4XIDvpQY9sl9bQQuETho','2022-03-08 07:56:13.169650');
INSERT INTO django_session VALUES('6f2d0rc0gz6r5vio8yyvs11bwbr16yao','e30:1nMQ2q:jCeTnqy1LUsCIKUQfXEMQATbtFlySEEY7-hDm23u_cE','2022-03-08 07:57:12.638599');
INSERT INTO django_session VALUES('woh9fsvyhxp2f23n6th0uv25x9dkf4jx','.eJxVjssOwiAURP-FtSG8bgGX7vsNBLggVVMSaFfGf7dNWOh2zszJvInz-1bc3lNzC5Ir4eTymwUfn2k9AT78eq801nVrS6BnhQ7a6VwxvW6j-ycovpdjbVHkCTFyHbLCGCTHBJIbHREUs54HC1IqLcBIJrJJOEVUyjCvwGYRDmltOE6C_XwBILc8Ng:1nMXlv:g_n9vRhSWxQcgLeLFNrI-plmsAf9YBU6pAzjR8Xorhg','2022-03-08 16:12:15.908206');
INSERT INTO django_session VALUES('047jmxuyv3s2id6vf7hcy2q4617cnlly','.eJxVjMsOwiAQRf-FtSE8hgIu3fsNZGBAqgaS0q6M_65NutDtPefcFwu4rTVsIy9hJnZmkp1-t4jpkdsO6I7t1nnqbV3myHeFH3Twa6f8vBzu30HFUb-1J1UmoiRtLEApaknZaOlsIgPCo4zeaA1WGaeFKi7TlAjACQTji4rs_QHzIDfW:1nOJEP:hvxwCsyPM9ou4FoFyTQqyOj4NmV0gBUpAiVq0C446Hw','2022-03-13 13:04:57.604066');
INSERT INTO django_session VALUES('jnpg02fqea5yeicngotl8rwwz1cais5w','.eJxVjMsOwiAQRf-FtSFMeQgu3fcbyDBDpWogKe3K-O_apAvd3nPOfYmI21ri1vMSZxYXocXpd0tIj1x3wHestyap1XWZk9wVedAux8b5eT3cv4OCvXzrQIyeLDmicAawyhhWwfikwQIrPQzOMeo8AYfgJgRKCjwZ441KQbN4fwDYqTdp:1nPBKw:OcpyRejhIR8RCzJ4G7KReNMtFEu_MEF3xdCgAijB_fg','2022-03-15 22:51:18.455188');
INSERT INTO django_session VALUES('157obx9rzcrhg82g6d4t10dbrhk228fi','.eJxVjrsOAiEURP-F2hDeD0v7_QYCXJBVAwnsVsZ_dzeh0HbOzMm8kfP7Vtw-UncroCui6PKbBR-fqZ4AHr7eG46tbn0N-KzgSQdeGqTXbXb_BMWPcqwtsKwAItUhC4iBU0iSU6MjSEGsp8FKzoVm0nDCskmgIghhiBfSZhYOaeswTyr6-QIgqjwv:1nPsa3:P5eSDNMWrao_0BuLwVM1KT5f2cDJ6MVlH3GlGyy1b5g','2022-03-17 21:01:47.169220');
INSERT INTO django_session VALUES('om8dhjvujwha86mrn62rki0mmk3pnx02','.eJxVjMsOwiAQRf-FtSE8hgIu3fsNZGBAqgaS0q6M_65NutDtPefcFwu4rTVsIy9hJnZmkp1-t4jpkdsO6I7t1nnqbV3myHeFH3Twa6f8vBzu30HFUb-1J1UmoiRtLEApaknZaOlsIgPCo4zeaA1WGaeFKi7TlAjACQTji4rs_QHzIDfW:1nPtG6:AiJwEaIZQZEwUVLOeS2-PpxVagAoOfTnrB5A8bENq1Y','2022-03-17 21:45:14.272503');
INSERT INTO django_session VALUES('gujaflzzzee0zzr0rkvc6etehptaswaa','.eJxVjEEOgjAQRe_StWmg7TCtS_ecoZnOjIIaSCisjHdXEha6_e-9_zKZtnXIW9Ulj2LOpg3m9DsW4odOO5E7TbfZ8jyty1jsrtiDVtvPos_L4f4dDFSHb-2RkuuolOARBEGThiAACVlajI7kygGdaiTowINrGuA2Rk4eE_lg3h_8ZTdf:1nS8SY:N8fbCUGQCvAFxlaMiuN8CxvqhV88I54k04DuErkgCVU','2022-03-24 02:23:22.038480');
INSERT INTO django_session VALUES('1rv8ppwnttqwpnsp8w78k4p2ptugjadq','.eJxVjEEOgjAQRe_StWmg7TCtS_ecoZnOjIIaSCisjHdXEha6_e-9_zKZtnXIW9Ulj2LOpg3m9DsW4odOO5E7TbfZ8jyty1jsrtiDVtvPos_L4f4dDFSHb-2RkuuolOARBEGThiAACVlajI7kygGdaiTowINrGuA2Rk4eE_lg3h_8ZTdf:1nS8Ya:xrTAUu5tqncM7Fe1n71csCU22TJa37J_7cPO4okeKEo','2022-03-24 02:29:36.060718');
INSERT INTO django_session VALUES('1djkynocoj829ipj2ot7p3qlyy6sfa8x','.eJxVjDsOwjAQBe_iGlnxb72hpOcM1trr4ACypTipEHeHSCmgfTPzXiLQtpaw9byEmcVZKC9Ov2Ok9Mh1J3ynemsytbouc5S7Ig_a5bVxfl4O9--gUC_fGnmwjrXmqNgOHiZSEwMDeIw2OrA2O_QOISGYNI4RLGgF3hhCMj6J9wf29Tcz:1nSiQw:6apd9nNTaGjJTrC4PpOY25tqNwmFZvwhI-nrVh9r-dc','2022-03-25 16:48:06.076267');
INSERT INTO django_session VALUES('04z9njxlp641c9hbj82o8i303suahd8p','.eJxVjMsOwiAQRf-FtSE8hgIu3fsNZGBAqgaS0q6M_65NutDtPefcFwu4rTVsIy9hJnZmkp1-t4jpkdsO6I7t1nnqbV3myHeFH3Twa6f8vBzu30HFUb-1J1UmoiRtLEApaknZaOlsIgPCo4zeaA1WGaeFKi7TlAjACQTji4rs_QHzIDfW:1nVAfp:vPkfITdcKFHO4sBtzPzBVd_NgMcqM2wRYjZ5ktwNe8k','2022-04-01 11:21:37.196501');
INSERT INTO django_session VALUES('qaxxjhji8te9a0vn47vikiv17nrmbanb','.eJxVjDsOwjAQBe_iGlnxb72hpOcM1trr4ACypTipEHeHSCmgfTPzXiLQtpaw9byEmcVZKC9Ov2Ok9Mh1J3ynemsytbouc5S7Ig_a5bVxfl4O9--gUC_fGnmwjrXmqNgOHiZSEwMDeIw2OrA2O_QOISGYNI4RLGgF3hhCMj6J9wf29Tcz:1nXPHR:vxyFZ8GHwwLTR6zAsgRTCF-S0AEjWvvNoSnOf2yr4gc','2022-04-07 15:21:41.288032');
INSERT INTO django_session VALUES('xe6wka4dc5f656ekgff8t9zs9aap6qfu','.eJxVjDsOwjAQBe_iGlnxb72hpOcM1trr4ACypTipEHeHSCmgfTPzXiLQtpaw9byEmcVZKC9Ov2Ok9Mh1J3ynemsytbouc5S7Ig_a5bVxfl4O9--gUC_fGnmwjrXmqNgOHiZSEwMDeIw2OrA2O_QOISGYNI4RLGgF3hhCMj6J9wf29Tcz:1nXRWy:JvVof0DpHhgE5g6Qj1pGWxsQ2U4Lu168HSYenYesglE','2022-04-07 17:45:52.007320');
INSERT INTO django_session VALUES('d45axng2625wybhe61i05gjdzmlvrvem','.eJxVjDsOwjAQBe_iGlnxb72hpOcM1trr4ACypTipEHeHSCmgfTPzXiLQtpaw9byEmcVZKC9Ov2Ok9Mh1J3ynemsytbouc5S7Ig_a5bVxfl4O9--gUC_fGnmwjrXmqNgOHiZSEwMDeIw2OrA2O_QOISGYNI4RLGgF3hhCMj6J9wf29Tcz:1nXe6B:5oF2Hbv01WtT7hzE4a_vScWGowpSimuJTNylppmAs_c','2022-04-08 07:11:03.609690');
INSERT INTO django_session VALUES('h1vruucbyn05eubg7vjpay1rtlu1e1u6','.eJxVjMsOwiAQRf-FtSE8hgIu3fsNZGBAqgaS0q6M_65NutDtPefcFwu4rTVsIy9hJnZmkp1-t4jpkdsO6I7t1nnqbV3myHeFH3Twa6f8vBzu30HFUb-1J1UmoiRtLEApaknZaOlsIgPCo4zeaA1WGaeFKi7TlAjACQTji4rs_QHzIDfW:1nXr26:0eee-557TnEc1QHKbW0RJGGvxzcir0TVCebp4S6iyBI','2022-04-08 20:59:42.846525');
INSERT INTO django_session VALUES('kmxvgp8lodg9yaecvcghaxivx67fzs0r','.eJxVjjsOgzAQRO_iOrLwb9dOmZ4zoLXXxCQRlgxUUe4ekCiSdt7M07zFQNtahm3JbZhYXIVCcfkNI6Vnng_CD5rvVaY6r22K8qjIky6yr5xft7P7Jyi0lH3tubOOteao2HYII6mRgQHQRxsdWJudR-cheTAphAgWtAI0hjwZTLu0Nj5fKhc-X1cOO8Q:1nY3s5:kfb5KCxtHSFn0bEnhVd2335tWmyM-pr0DFnLjt7zrx0','2022-04-09 10:42:13.625133');
INSERT INTO django_session VALUES('4mzmodr5ltibzrw4nedaycddnec5js9k','.eJxVjrsOAiEURP-F2hDeD0v7_QYCXJBVAwnsVsZ_dzeh0HbOzMm8kfP7Vtw-UncroCui6PKbBR-fqZ4AHr7eG46tbn0N-KzgSQdeGqTXbXb_BMWPcqwtsKwAItUhC4iBU0iSU6MjSEGsp8FKzoVm0nDCskmgIghhiBfSZhYOaeswT1LFP19cvTxi:1nY4HR:KUExRkG-L52r4NWw7pYegpvh_EK_LoTD7-GsImZk7e4','2022-04-09 11:08:25.711170');
INSERT INTO django_session VALUES('zx7e5bbelifn5zbsepx6cu0aldeqnew9','eyJvcmRlcl9pZCI6IjE2MSJ9:1nY4Aw:ZE1GxeT8_kSHEWILmjMHGf7H7rVa1NhkzIHa9oOfYPw','2022-04-09 11:01:42.896021');
INSERT INTO django_session VALUES('ch91zi46vl4ujqcb0fxznh471pe3g6ji','eyJvcmRlcl9pZCI6IjE2MiJ9:1nY4FO:erd8TPBfHCkZYL4bPjeMG3jf6o2lAZdoV3p9ix1-bO4','2022-04-09 11:06:18.728184');
INSERT INTO django_session VALUES('7a5iwin00bve8m4nbcv02l9oehl1o97d','eyJvcmRlcl9pZCI6IjE2MyJ9:1nY4Hj:ckGf73D6RahEO3cwtLCNlNgQD8DKQV6DN1C9xTdJ424','2022-04-09 11:08:43.946343');
INSERT INTO django_session VALUES('ytbkmx1gbas3et20rucyezei8z2k4hb1','.eJxVjrsOAiEURP-F2hDeD0v7_QYCXJBVAwnsVsZ_dzeh0HbOzMm8kfP7Vtw-UncroCui6PKbBR-fqZ4AHr7eG46tbn0N-KzgSQdeGqTXbXb_BMWPcqwtsKwAItUhC4iBU0iSU6MjSEGsp8FKzoVm0nDCskmgIghhiBfSZhYOaeswT1IlP19cwTxk:1nYBNb:-hGWwm5ihgnXR30_puKcvWHBWJfBUxnatZP_XcGhYiI','2022-04-09 18:43:15.459534');
INSERT INTO django_session VALUES('63gq2e9f5dxkbe13fdg93m4tbadppjzt','eyJvcmRlcl9pZCI6IjE2NSJ9:1nYBOs:TBTBht-lauB832hnjakjAap9_dSyZfIL0yC6ocxuYeA','2022-04-09 18:44:34.937257');
INSERT INTO django_session VALUES('9h0e5vzhnsdcn3bvzk4kf1yo1g2f83b8','.eJxVjrsOAiEURP-F2hDeD0v7_QYCXJBVAwnsVsZ_dzeh0HbOzMm8kfP7Vtw-UncroCui6PKbBR-fqZ4AHr7eG46tbn0N-KzgSQdeGqTXbXb_BMWPcqwtsKwAItUhC4iBU0iSU6MjSEGsp8FKzoVm0nDCskmgIghhiBfSZhYOaeswT1KlP19cxTxm:1nYE9r:9TZZF-ltWYIS9xD7nAw01aQ3-C3Yfq1u3j_H8bsuaZ0','2022-04-09 21:41:15.867183');
INSERT INTO django_session VALUES('pslon8cu18f1vwls5nxxk4uabgragb68','.eJxVjrsOAiEURP-F2hDeD0v7_QYCXJBVAwnsVsZ_dzeh0HbOzMm8kfP7Vtw-UncroCui6PKbBR-fqZ4AHr7eG46tbn0N-KzgSQdeGqTXbXb_BMWPcqwtsKwAItUhC4iBU0iSU6MjSEGsp8FKzoVm0nDCskmgIghhiBfSZhYOaeswT1JlPl9cxzxn:1nYERh:7qYvDehBF0eofWFjN9xMmTyufA4B-TsVLYcZGP3gapc','2022-04-09 21:59:41.424017');
INSERT INTO django_session VALUES('a6fb6h9ndbiz011k3zj83rws2w90an7e','eyJvcmRlcl9pZCI6IjE2OCJ9:1nYETh:aq9_A9WP6Lyw8f_-TYGkaaWG9U3yoEr1Jt8mXruTj_w','2022-04-09 22:01:45.207550');
INSERT INTO django_session VALUES('t9xdr3nyoy14wf2fze2cj2gtquy0fbpt','.eJxVjrsOAiEURP-F2hDeD0v7_QYCXJBVAwnsVsZ_dzeh0HbOzMm8kfP7Vtw-UncroCui6PKbBR-fqZ4AHr7eG46tbn0N-KzgSQdeGqTXbXb_BMWPcqwtsKwAItUhC4iBU0iSU6MjSEGsp8FKzoVm0nDCskmgIghhiBfSZhYOaeswT1JlP19cyTxo:1nYUob:j7SHk3sj8FRXAtZXEMe2f40u-SR4m-gAZD5LDX_3gO0','2022-04-10 15:28:25.645444');
INSERT INTO django_session VALUES('dohrz6g7znxq77xrnkttfw6i2kzydj6x','.eJxVjssOwiAURP-FtSGltJTr0r3fQLgPpGpKQtuV8d-1CQvdzpk5mZcKcd9y2FepYWZ1VkadfjOM9JDlAHyPy61oKstWZ9RHRTe66mtheV5a90-Q45qPtbF2GsWjwIA9WDGckGgERk_R8hD7iQ10ngjIcTJWpt5RGi1QwtR9paVyO2kcvD99-j2P:1nZcup:2CWoFF5NRcAXCUIlrVWxn8dqX8vQpdvAEOuwR3J8J20','2022-04-13 18:19:31.461746');
INSERT INTO django_session VALUES('jjbe1bfbheejv7d9q3g4u07vgncsgt9s','.eJxVjDsOwjAQBe_iGlnxb72hpOcM1trr4ACypTipEHeHSCmgfTPzXiLQtpaw9byEmcVZKC9Ov2Ok9Mh1J3ynemsytbouc5S7Ig_a5bVxfl4O9--gUC_fGnmwjrXmqNgOHiZSEwMDeIw2OrA2O_QOISGYNI4RLGgF3hhCMj6J9wf29Tcz:1nYv80:jO7GM1uIr8FQwU4mUu4h72ur5mxowLRReOFmfL4HLvM','2022-04-11 19:34:12.974573');
INSERT INTO django_session VALUES('dzn8eka3ljht9jv0a31kqxitxdwem43d','.eJxVjDkOwjAUBe_iGlne4iSU9JzB-v4LDiBHipMKcXeIlALaNzPvpRJsa0lb4yVNpM7KqtPvlgEfXHdAd6i3WeNc12XKelf0QZu-zsTPy-H-HRRo5VvH0ToSZPaQjXQcg6eBfY9MvUUXOkTwkQYyJA5HCUJMZHIUK5g5q_cHGUQ6EA:1ncG5y:oxa2Xhk_ffTtibzCnOcvCk4cRAFj89tMIprM6azR_v0','2022-04-21 00:33:54.622349');
INSERT INTO django_session VALUES('hmg2tl76ggxnaza4eigzf0dzcua1i6xy','.eJxVjDkOwjAUBe_iGlne4iSU9JzB-v4LDiBHipMKcXeIlALaNzPvpRJsa0lb4yVNpM7KqtPvlgEfXHdAd6i3WeNc12XKelf0QZu-zsTPy-H-HRRo5VvH0ToSZPaQjXQcg6eBfY9MvUUXOkTwkQYyJA5HCUJMZHIUK5g5q_cHGUQ6EA:1ng7N6:KuEP45If5-nBSTHfbY-es5aMhokojKNiLqvzDZy6C4I','2022-05-01 16:03:32.523724');
INSERT INTO django_session VALUES('aiyr36alzeovekoi0grgoz3vipv05t2v','.eJxVjDkOwjAUBe_iGlne4iSU9JzB-v4LDiBHipMKcXeIlALaNzPvpRJsa0lb4yVNpM7KqtPvlgEfXHdAd6i3WeNc12XKelf0QZu-zsTPy-H-HRRo5VvH0ToSZPaQjXQcg6eBfY9MvUUXOkTwkQYyJA5HCUJMZHIUK5g5q_cHGUQ6EA:1nimJv:BGlZFdPqZcs7d4_vXMnG5Lh87fb059-tWJBUcT9K4f8','2022-05-09 00:11:15.402945');
INSERT INTO django_session VALUES('f4mfiee76ryys2wkbnlvan1mqofqv0ug','.eJxVjDkOwjAUBe_iGlne4iSU9JzB-v4LDiBHipMKcXeIlALaNzPvpRJsa0lb4yVNpM7KqtPvlgEfXHdAd6i3WeNc12XKelf0QZu-zsTPy-H-HRRo5VvH0ToSZPaQjXQcg6eBfY9MvUUXOkTwkQYyJA5HCUJMZHIUK5g5q_cHGUQ6EA:1nkJKv:PE3SlkMpBXcWZPTsGoik9e5oMd51tjCqLZ2JOl7rW4I','2022-05-13 05:38:37.856123');
INSERT INTO django_session VALUES('hnbbfcast6rem25687kdrfsz2bzr7d31','.eJxVjDkOwjAUBe_iGlne4iSU9JzB-v4LDiBHipMKcXeIlALaNzPvpRJsa0lb4yVNpM7KqtPvlgEfXHdAd6i3WeNc12XKelf0QZu-zsTPy-H-HRRo5VvH0ToSZPaQjXQcg6eBfY9MvUUXOkTwkQYyJA5HCUJMZHIUK5g5q_cHGUQ6EA:1nkJqG:SmWhPlsxj8Amfm057urhWSlUrOE-RlBzK0JPO5dFrcQ','2022-05-13 06:11:00.403239');
INSERT INTO django_session VALUES('vi9dhlt1wooncj5hfdg1kpxqs42pts84','.eJxVjDkOwjAUBe_iGlne4iSU9JzB-v4LDiBHipMKcXeIlALaNzPvpRJsa0lb4yVNpM7KqtPvlgEfXHdAd6i3WeNc12XKelf0QZu-zsTPy-H-HRRo5VvH0ToSZPaQjXQcg6eBfY9MvUUXOkTwkQYyJA5HCUJMZHIUK5g5q_cHGUQ6EA:1nkeO7:rxvqPtFMCopWDecbCq8chUNppW0mlq_2RMgVcPqINAQ','2022-05-14 04:07:19.971086');
INSERT INTO django_session VALUES('y7ig1nzg10dyr5ua4zn9dltmob8my2v7','.eJyrVipOTSxKzogvKMpPKU0uUbJSKk5U0oGJJieWpKbnF1XGF6fmpIJl3fLzUxTUFJxSy1KLEtNTlWoBIVkXdA:1nl2Pt:stHWlaGfA_mkBcU6lTMx5Fu__nhrf5WQGxcx2ge275A','2022-05-15 05:46:45.080207');
INSERT INTO django_session VALUES('b23jq8hzxx7a0i8yph6x2l85pajx39do','.eJyrVipOTSxKzogvKMpPKU0uUbJSSlTSgQkmJ5akpucXVcYXp-akgiUdc3IUnCGimanFSrUA8tgXMQ:1nl3Wr:t3N9Vnfsl47u7ljZpRzHKGu3zH-2bxi1dvjozdkjyBE','2022-05-15 06:58:01.993193');
INSERT INTO django_session VALUES('ea0t1ej977xqoihmydnogdam0im3ii8o','.eJyrVipOTSxKzogvKMpPKU0uUbJSKk5U0oGJJieWpKbnF1XGF6fmpIJlHXNyFJwhopmpxUq1AA6DF6Q:1nl3wE:DsGZH2MjoMs5VbarXeyjvoZFgawk6U_Rj8tcRX6EVEY','2022-05-15 07:24:14.001383');
INSERT INTO django_session VALUES('2zynt6ksm4zfbk2hlep3j85np3wl511w','.eJyrVipOTSxKzogvKMpPKU0uUbJSKk5U0oGJJieWpKbnF1XGF6fmpIJlHXNyFJwhopmpxUCVUI3F8cn5pXlAFca1ABLYHn0:1nl4Ac:XAj--pFAhLVFtWc1FSiBp0PF7e3IiLfyo58PDyW3ifg','2022-05-15 07:39:06.380383');
INSERT INTO django_session VALUES('84a7eigfg1d5mys7skm4o670ek3zsk6f','.eJyrVipOTSxKzogvKMpPKU0uUbJSSlTSgQkmJ5akpucXVcYXp-akgiUdc3IUnCGimanFQJVQfcXxyfmleUAVhga1AAyaHjg:1nlg4q:Q6Gnzdn-JjiYvRUnsI-eEUjMG5gt_tEFf1rcvkEjoAQ','2022-05-17 00:07:40.077709');
INSERT INTO django_session VALUES('ttv499mbddyy2tsse36u0s0du8m8rqlx','.eJxVjDsOwjAQBe_iGln-fyjpOYO1Xq9xADlSnFSIu0OkFNC-mXkvlmBbW9oGLWkq7MykZ6ffMQM-qO-k3KHfZo5zX5cp813hBx38Ohd6Xg7376DBaN-aUDirMygRi6aM2ntrfFCGQsVYRUEgFYwTlWJ0niJGLEDSqiy0tpK9PxaAOEU:1nm3JJ:_KCMlhGWzAW5GjfCsyVYEDXxKk1Z9Lya4f5vX52w5zk','2022-05-18 00:56:09.058909');
INSERT INTO django_session VALUES('oa73z343kghxx6eu3q4zcbq5f4mo0de9','.eJxVjDsOwjAQBe_iGln-fyjpOYO1Xq9xADlSnFSIu0OkFNC-mXkvlmBbW9oGLWkq7MykZ6ffMQM-qO-k3KHfZo5zX5cp813hBx38Ohd6Xg7376DBaN-aUDirMygRi6aM2ntrfFCGQsVYRUEgFYwTlWJ0niJGLEDSqiy0tpK9PxaAOEU:1nmHxK:9Dascql-irqqezAIqap_lGlrF5yqCgBYLQ_Wc9w34Ls','2022-05-18 16:34:26.286862');
INSERT INTO django_session VALUES('1szvkplxz5c6olc8fbp3usbjsxtqjg9u','.eJxVjMsOgjAQRX_FdE1IoZRSd-rab2im0-GhhJq2LIzx3wXFBdtzz7kvFgkC9uYRvJsxsSPrWPaHCIk6H54m0kjf8TSOh8uPDhQXc-uiQT9Pi9FkzMCcejNHCmZwS1MotoMW8E7TurgbTJ3P0U8pDDZflXxbY371jsbz5u4Oeoj9UhPyWgoLJddOkEWhlKxUU1bUtKhb7hCobKqat6R1rUijRgdUyNJyIWTB3h-WJVWN:1nmMvf:OEPubkZ9hSrjMWZlE01L1A_nekOA766YEkeqYEs4YQ4','2022-05-18 21:53:03.115669');
INSERT INTO django_session VALUES('m4m6lcqj1si8f6cjzigxoz4emkg0hd6x','.eJxVjEEOwiAQRe_C2pACQ2lduvcMZIYBqRpISrsy3l1JutDte-__l_C4b9nvLa5-YXEWahSnX0gYHrF0w3cstypDLdu6kOyJPGyT18rxeTnav4OMLX_XgJC0IWejGw0CT4CDpWQ6TxRYO1YTGRusJoCEFN2ggGcMeuaEWrw_G5E45Q:1nmN1Q:FRkts7jrv2ww3q36rSzns-s3UzfwQoNQQNMnn1avWVY','2022-05-18 21:59:00.391150');
INSERT INTO django_session VALUES('yfuvy1gphvmnylp2erecnqc26hch2zbj','.eJxVjDkOwjAUBe_iGlnxD94o6XMG6y8ODiBHipMKcXeIlALaNzPvpRJua0lby0uaRF2Uier0OxLyI9edyB3rbdY813WZSO-KPmjTwyz5eT3cv4OCrXxrlBGMR2KDCBG8CbH3FsGSsKdsMYjDGEHOFCJD7zPb4DtnpHMwCqr3Bx3IOGk:1nnDYa:ipw_5xTroIkVKPnavP-0MXO-4GH5BNjnfFHSl4hJUr4','2022-05-21 06:04:44.774354');
INSERT INTO django_session VALUES('oq90igq4ifo0r2wip0ou91utaop5v7wg','.eJxVjkEOgjAURO_StWkoLQVcuucMpP3zv0UNTQqsjHcXEha6nTfzMm81hm1N47ZwGSeoqzLq8pvFQE-eD4BHmO9ZU57XMkV9VPRJFz1k8Ot2dv8EKSxpX_ve1BBitiFW0rB3Fh3blhitodo1RMF6dKggNfXiBAxU0YsRihx3aS44T5rWfL6kNz6b:1nnSnf:EA-QxijNS-FrNxAw6G7zEE-V_ttM1d_eEfeNeaa0Odk','2022-05-21 22:21:19.585816');
INSERT INTO django_session VALUES('fb9mmqcjkqiqbbul8ndz6wxn1gxqp1cd','.eJxVjDkOwjAUBe_iGlne4iSU9JzB-v4LDiBHipMKcXeIlALaNzPvpRJsa0lb4yVNpM7KqtPvlgEfXHdAd6i3WeNc12XKelf0QZu-zsTPy-H-HRRo5VvH0ToSZPaQjXQcg6eBfY9MvUUXOkTwkQYyJA5HCUJMZHIUK5g5q_cHGUQ6EA:1nnSm6:rr1oPCk_195EgtBqVNthTaa95QhbSb9Ul4Zedy3DQ6o','2022-05-21 22:19:42.082793');
INSERT INTO django_session VALUES('703fgj2puvwqisop0c6cd144axrnpog7','.eJxVjDkOwjAUBe_iGlnxD94o6XMG6y8ODiBHipMKcXeIlALaNzPvpRJua0lby0uaRF2Uier0OxLyI9edyB3rbdY813WZSO-KPmjTwyz5eT3cv4OCrXxrlBGMR2KDCBG8CbH3FsGSsKdsMYjDGEHOFCJD7zPb4DtnpHMwCqr3Bx3IOGk:1nnszF:cfLdPUMOJ53IA-98hnMPR-057AMte6noxhrfadmlY30','2022-05-23 02:19:01.761458');
INSERT INTO django_session VALUES('d8yzoj4dbfzuwd7s8t7lpp7x3eorn5pq','.eJxVjjsOgzAQRO_iOrLwBwMp03MGZO_sBpIIS3yqKHcPSC6Sdt7M07zVEPdtHPaVl2GCuiqjLr9ZivTk-QR4xPmeNeV5W6akz4oudNV9Br9upfsnGOM6HuvQGQshZhdTJTUH79Cya4jRGLK-JoouoEUFsdSJFzBQpSBGKHE6pHlBOWma-vMFpD8-nw:1nnyBu:AX9XIkkfEHACMmcQSt2n1z3guWXSwwVQl0xam8vxN9M','2022-05-23 07:52:26.881086');
INSERT INTO django_session VALUES('qa0cthzn6g94tqzusasn4ofvoghxxjaj','eyJvcmRlcl9pZCI6IjE3MyJ9:1nny6P:Z9bHID8Uy-qKWlO9Di1EtlDGefDUYpvR6V98t40Q58I','2022-05-23 07:46:45.402532');
INSERT INTO django_session VALUES('1rfyfoygjzs5kbxbag5efgcvcqml74w5','eyJvcmRlcl9pZCI6IjE3NSJ9:1nnyCH:i9pYYPFsbvkPR-r2QVc6ZD5bQU8kIC82HPsQp4m2QvI','2022-05-23 07:52:49.561443');
INSERT INTO django_session VALUES('7k60m2kvjf7jj3upi9jf4dq16ssnfvtg','.eJxVjrkOwjAQRP_FNbJ8H5T0-YZovbsmARRLOSrEv5NIKaCdN_M0b9HDtg79tvDcjySuQkdx-Q0L4JOng9ADpnuT2KZ1Hos8KvKki-wa8et2dv8EAyzDvmZUwdsCRmWyXNDG6F1MxnGqmKsiBDbJBVU55xA5Y0YC1t4UZa3Xu7TNdL7UMX2-hpw81w:1noy2y:jXmF2swel_QTTk89kd6DTcU8djMqpmOAtZIKWFPz2yo','2022-05-26 01:55:20.171721');
INSERT INTO django_session VALUES('vnm7z8igq3l5qufqmc4mg0fxzprh3mhu','.eJxVjDkOwjAUBe_iGlne4iSU9JzB-v4LDiBHipMKcXeIlALaNzPvpRJsa0lb4yVNpM7KqtPvlgEfXHdAd6i3WeNc12XKelf0QZu-zsTPy-H-HRRo5VvH0ToSZPaQjXQcg6eBfY9MvUUXOkTwkQYyJA5HCUJMZHIUK5g5q_cHGUQ6EA:1np7n4:UutF6IyU5lwGnh5Wa8-nOiNlnXuT6l27kFlnACghBDU','2022-05-26 12:19:34.475652');
INSERT INTO django_session VALUES('1b7dkfnq537x4duw0n47c55mnvwmhfs7','.eJxVjssOgjAQRX_FdE1Iyxt36tpvaKYzU0AJNS0sjPHfLUqMbu859848hIZl7vUS2OuBxF4okfxmBvDK0wroAlPnUnTT7AeTrkq60ZCeHfF43Ny_gR5CH9tVqzKyyJyDkbbkqsip4bxGplphVpSIkFfUkCSbYWsLS0wkTWWVRcMmjjpP25OqkYkIDB57ffOOFpzjCRDfEGHmzvm7DjzyGx7GcXf6pAOHaG69oNEtUzSUfL4AuvtcBg:1nrBiK:s32MiacDvknQSRW0xYWXdTEFMp63pNsCpwp3RrvJWF0','2022-06-01 04:55:12.497228');
INSERT INTO django_session VALUES('b3c2n9q3l8yychledo3w1nqm8362jffn','.eJxVjkEOgjAURO_StWkohRZcuucMpP3zv0UNTQqsjHcXEha6nTfzMm81hm1N47ZwGSeoqzLq8pvFQE-eD4BHmO9ZU57XMkV9VPRJFz1k8Ot2dv8EKSxpX7ve1BBitiFW0rJrLDq2nhjeUN20RME6dKggNfXSCBioohMjFDnu0lxwnjTef76kQz6h:1nqrHp:Gb_SZZZJkGIxzqOHXBtqJsJXDHnuQqW1d-ORIRLiShw','2022-05-31 07:06:29.460533');
INSERT INTO django_session VALUES('0ok9j1wszl7jemilpnnrqcvzsqaep68y','.eJxVjDsOwjAQBa-CUqMozh86oOYM1np3HQciG9lOgRB3x4FIQDsz7z0yCXM0cg7s5UjZPhPZ9pcpwCvbRdAF7OBydDb6UeVLkq825GdHPB3X9u_AQDBp3e5ESRqZK1CFbritK-q56pCpE1jWDSJULfVUkC5xp2tNTFSoVguNilU6DQwejbx5RzPG9AlfiBB5cP4uA0_8lodp2pw-dOSQynUXJLrZpkIUzxe22Fd7:1npKIx:2RuEsbESaN-TzSeu_Z-RM_DELefLS9cdH5pm-b2YNeI','2022-05-27 01:41:19.902848');
INSERT INTO django_session VALUES('8os6g9bzr697t5m2ckd9f8nbuoqdoikc','.eJxVjkEOgjAURO_StWloCwVcuucMpP3zv6CGJhRWxrsLSRe6nTfzMm81hn2bxj3zOs5QV2XU5TeLgZ68nACPsNyTprRs6xz1WdGFZj0k8OtWun-CKeTpWPveWAgxuxAradjXDh27lhitIVs3RMF5dKgglnqpBQxU0YsRihwPaVpRTprOfr6kPD6d:1nrCRX:rMnTwaMhZ3X40RWEgtxcEbmtYEG_qMC4K_41uO-2pqQ','2022-06-01 05:41:55.805162');
INSERT INTO django_session VALUES('lto1s9yjf0v6hovkp0bssgomj828dfil','.eJxVjkEOgjAURO_StWloCwVcuucMpP3zv6CGJhRWxrsLSRe6nTfzMm81hn2bxj3zOs5QV2XU5TeLgZ68nACPsNyTprRs6xz1WdGFZj0k8OtWun-CKeTpWPveWAgxuxAradjXDh27lhitIVs3RMF5dKgglnqpBQxU0YsRihwPaVpRTprOfr6kPD6d:1nrCVk:Thwp6YPwzrXIc72gQjygaMIwtBN_njck-O-C5DrrWjs','2022-06-01 05:46:16.205587');
INSERT INTO django_session VALUES('spblm4zwb9st07dx1np86y356dkmisy1','eyJvcmRlcl9pZCI6IjE4MiJ9:1nrCbt:BpsEdeBc7HT4qW-60rpuDf-t6G2gMb8YP_xraNAY5lc','2022-06-01 05:52:37.312297');
INSERT INTO django_session VALUES('01lhvwh5pq58ny4n86cl8iwcd3g6q4g8','.eJxVjEEOwiAQRe_C2hCmMwK6dO8ZmgEGqRpISrsy3l2bdKHb_977LzXyupRx7TKPU1JnBerwuwWOD6kbSHeut6Zjq8s8Bb0peqddX1uS52V3_w4K9_KthbLxwXKGhMPRG6BMOCA5ACuEzp2Q0WdL3osNaICDoYjRsAQvBtX7A7yxNv8:1nrTsF:b2VoWnOgrNedF0p0csLpBA86QTraz0TDSfsf844DHCE','2022-06-02 00:18:39.539888');
INSERT INTO django_session VALUES('cq14e4pd1a2ai6feu2rzxbmg918j2i6d','.eJxVjEEOwiAQRe_C2hCmMwK6dO8ZmgEGqRpISrsy3l2bdKHb_977LzXyupRx7TKPU1JnBerwuwWOD6kbSHeut6Zjq8s8Bb0peqddX1uS52V3_w4K9_KthbLxwXKGhMPRG6BMOCA5ACuEzp2Q0WdL3osNaICDoYjRsAQvBtX7A7yxNv8:1nrDPj:3imTHW7H9bsKxr-wfdSQ3BMqCQnKZ2uszO7Ev-MIgbw','2022-06-01 06:44:07.182794');
INSERT INTO django_session VALUES('n3emzwjsznaphrygusb10k07ty774m57','.eJxVjsEOgjAQRP-lZ9PssmspHr37DWTbbgU1NKFwMv67kHDQ67yZl3mbXtZl6Neqcz8mczFoTr9ZkPjUaQfpIdO92FimZR6D3Sv2oNXeStLX9ej-CQapw7ZWzuCDk4yJmrMH5MzUELeITpnatiMhnx17ry4QoATgSBFEg1egTVrmdJzEDj5fGbg7iw:1nreCr:h-gcwtsyVSNLp26TozI_Zf7B-R4BUA_3YP0DUthkesM','2022-06-02 11:20:37.913157');
INSERT INTO django_session VALUES('4rsnw47ngz3ebf3ntm5avolc0njc32vy','eyJvcmRlcl9pZCI6IjE4MyJ9:1nraj3:Z4WwoOMhApmKzT737CbecVexeMlZ82HLz1448QV7xeY','2022-06-02 07:37:37.569780');
INSERT INTO django_session VALUES('x0mrr7azy52dap33buhh30nrwotzdgk6','eyJvcmRlcl9pZCI6IjE4NyJ9:1nrd4y:vclsY0y8VHgHru7nEJdv0LiRUKmOURA9iOp0ExwT84Q','2022-06-02 10:08:24.481104');
INSERT INTO django_session VALUES('833c86yg88xuu5in2m1auil1q4syywjn','.eJxVjssOwiAQRX_FsDYNdLCl7tS130AGmD6UFAPtwhj_XaqN0e09596ZB9M4T72eE0U9OLZngm1_M4P2SuMC3AXHLhQ2jFMcTLEoxUpTcQ6O_HF1_wZ6TH1uk2y5MhW2wkG5U1zIVkIJshaiIgl13QCCaiupFFUGuEDDpQXLkYwiDnk0RLc-KZpyyxJhtL2-xeBmO-UTyL6hxYm6EO86kac3PHi_OX3SgVI2117SNsxjNgR_vgAy5lj4:1nuyDy:R4CoaC7VVlR344lQnw2IucuG7Wh1X_Izom9b8GWk1zg','2022-06-11 15:19:30.343650');
INSERT INTO django_session VALUES('kamfk1ry65bqw3eq4di6s216b8r6tm29','.eJxVjEEOwiAQRe_C2hCmMwK6dO8ZmgEGqRpISrsy3l2bdKHb_977LzXyupRx7TKPU1JnBerwuwWOD6kbSHeut6Zjq8s8Bb0peqddX1uS52V3_w4K9_KthbLxwXKGhMPRG6BMOCA5ACuEzp2Q0WdL3osNaICDoYjRsAQvBtX7A7yxNv8:1nxQnS:apPohSNZnUCHY85PoUWHAyug06d0LVnFM0NGC_c7yvI','2022-06-18 10:14:18.672470');
INSERT INTO django_session VALUES('k3i691491g1jnfiluwe6ixzs0wrum9lu','.eJxVjEEOwiAQRe_C2hCmMwK6dO8ZmgEGqRpISrsy3l2bdKHb_977LzXyupRx7TKPU1JnBerwuwWOD6kbSHeut6Zjq8s8Bb0peqddX1uS52V3_w4K9_KthbLxwXKGhMPRG6BMOCA5ACuEzp2Q0WdL3osNaICDoYjRsAQvBtX7A7yxNv8:1nxolf:_z7V5nr3qu82jq6W5oXrijrpWisUxNsSi1hVvTJMGEw','2022-06-19 11:50:03.432129');
INSERT INTO django_session VALUES('u7sd6c0pa6c3sth72h3yu2srpn4elp0z','.eJxVjEEOwiAQRe_C2hCmMwK6dO8ZmgEGqRpISrsy3l2bdKHb_977LzXyupRx7TKPU1JnBerwuwWOD6kbSHeut6Zjq8s8Bb0peqddX1uS52V3_w4K9_KthbLxwXKGhMPRG6BMOCA5ACuEzp2Q0WdL3osNaICDoYjRsAQvBtX7A7yxNv8:1nyfME:PlAwFJnz0ZufHz-FH9ExyK-PTBPaw0EfT5bg_KZhMZU','2022-06-21 19:59:18.652812');
INSERT INTO django_session VALUES('w1mto2f9cbtd2nwgyt2i09bg4y3u08yz','.eJxVjcsKwjAURP8l6xKS3phGl4JLN4LrkMeNrZYEkmYh4r-bQgXdzpw58yLa1GXUtWDWkycHwkn3m1njHhjXwt9NvCXqUlzyZOmK0K0t9Jw8zseN_ROMpoxtjSIwZaUJ3EO_U4yLIKAHMXAuUcAw7MGAClIohdIC48Yy4cAxg1YhgyYtWMqUInU1Z4zuqV07JYdY57kj37Bdna4X8v4AJ3BHQA:1o00vh:9jXkS99eD1nC-s4ZeFlTV5AcRopi4b1xE3hStA6oUf0','2022-06-25 13:13:29.839685');
INSERT INTO django_session VALUES('m7d2axr8s332oknu7teipq2hfnj6aam9','.eJxVjssKwjAURP8lawlJ7zVNXYpbV-I65HFrq5JA0i5E_HdTqEK3c2YO82Z-zpmif7EDu15ObMcKlTKmyH_A-BToT42dp8HMhbIZQ03lNnPWPyguINxtvCXuU5zy6PhS4Sst_FyVz-Pa3QgGW4a6JuyFdsr2MkCz10Jij9AAtlIqQmjbDizoXqHWpBwIaZ1AD15YcpoEVGnKYT0pO_x8AQ3cS0U:1o02z3:bOOrW7-fBNjkzt6XlIvlDrncZMW51c0DQ14C6qAjb5k','2022-06-25 15:25:05.117709');
INSERT INTO django_session VALUES('o27sanaz28qls378hfwoj27pdkjhxgr0','.eJyrVkouLSpKzUuuVLJSCg12UdJRKk4tLs7Mz9ODScQn56ekwmWTE4tK4jNTlKwMLc1rAZ6pFKQ:1o2FrQ:A_oOu_31fll-720v28DMTZM2LrjNvMvIwwHRkBddRR0','2022-07-01 17:34:20.223424');
INSERT INTO django_session VALUES('hx7fppwpdzr0eg5jswfb2326c9brxtpr','.eJyrVkouLSpKzUuuVLJSCg12UdJRKk4tLs7Mz9ODScQn56ekwmWTE4tK4jNTlKyMDAxrAZ6GFJY:1o2GGG:SrdOoTGwXCApcNqXJWDI8h7ICczlktEyIAyX3CpdY04','2022-07-01 18:00:00.601960');
INSERT INTO django_session VALUES('xqx3slcvc3joamwaxop1dx4hwvq2erzm','.eJyrVkouLSpKzUuuVLJSCg12UdJRKk4tLs7Mz9ODScQn56ekwmWTE4tK4jNTlKyMDIxqAZ6IFJc:1o2GIH:CkCIx1YHAZ2rZUaTsEN-00pIas1ttne8G_atca2oI48','2022-07-01 18:02:05.275351');
INSERT INTO django_session VALUES('qgt6al4p3h54y4rjjyi8o8ktibnxgr9x','.eJw9jsEKwjAMhl9Fch6yDr3sJvoG4rmUNGihNCNpD2P47rbb3Cnk_76EfwEsIpRwhhFezwd0oKQaOJ3_wCJ7Oig6yTZ4GIf-2gGLJ9nXS4Wb2cZgmsxl4rRy0x47wY-dhH3BXD0HR4gu05tltkqRVniL8XTf0kBazf1Oa5-SqmH67w9UJT-v:1o2Lci:lUiiuC7WGTcaw0d9M5ZKr5PCUsnJqv809GBb91XatFw','2022-07-01 23:43:32.741380');
INSERT INTO django_session VALUES('hvce7ev71msycfdilj7a9dgzujgwulm4','.eJyrVkouLSpKzUuuVLJSCg12UdJRKk4tLs7Mz9ODScQn56ekwmWTE4tK4jNTlKyMDMx0lPKLUlKLYNxaAPeDGSU:1o2aVT:q_ujm8zS-uFVgReHLDPu65cq8pHXskMKCNcIqUFm6Ww','2022-07-02 15:37:03.672014');
INSERT INTO django_session VALUES('lemzvkvui82ql004g8wrjlngozfqt08p','.eJyrVkouLSpKzUuuVLJScg0NUtJRKk4tLs7Mz9ODScQn56ekAmVDg12AssmJRSXxmSlKVkYGFjpK-UUpqUVQrnktAPeJGSg:1o2aiW:vQDbdIZctzMJwLiOEkBA2RqgPCzASFt7yTPok9RJZ_A','2022-07-02 15:50:32.896149');
INSERT INTO django_session VALUES('ziehpeefkyixtpn1wzy1sgi2bgt1j6kx','.eJyrVkouLSpKzUuuVLJSCg12UdJRKk4tLs7Mz9ODScQn56ekQmVrAZmvEIM:1o2arX:GEM4jDS68CGp0lEhJ72nfEph_O1AxwXTEKjYlEOrMJI','2022-07-02 15:59:51.772941');
INSERT INTO django_session VALUES('ztz7oyn6n1nn8ctx3o7q8uch7qur8aup','.eJyrVkouLSpKzUuuVLJSCg12UdJRKk4tLs7Mz9ODScQn56ekwmWTE4tK4jNTlKyMDCx1lPKLUlKLYNxaAPe8GSs:1o2atW:I1w4inUQo4xa9kG3v-zLSyZhW2IycRZm4k0OpCE-vLY','2022-07-02 16:01:54.432883');
INSERT INTO django_session VALUES('e2jn61scgy49hb3b2veix4h7n6tawze8','.eJyrVkouLSpKzUuuVLJSCg12UdJRKk4tLs7Mz9ODScQn56ekwmWTE4tK4jNTlKyMDA10lPKLUlKLYNxaAPcmGRs:1o2c9w:-FMlzzXewZa9wMzjssDzSdfShGnz9TZc1o4zQADakr4','2022-07-02 17:22:56.337461');
INSERT INTO django_session VALUES('qh47c72roj455odtr404ac41q303tdwp','.eJyrVkouLSpKzUuuVLJSCg12UdJRKk4tLs7Mz9ODScQn56ekwmWTE4tK4jNTlKyMDA1rAZ6JFJc:1o2da3:6VLmO56-99n3XSTB6-G71b6g0J8AirIzOQUB9Q9iT88','2022-07-02 18:53:59.382516');
INSERT INTO django_session VALUES('0baqlg2lduo9jl5xhkpftbpicgdjp050','.eJxVjr0OwiAURt-F2RDgIkVH4-pknMmFXmzVQALtYIzvbmuqSdfv5-S8WKVa-5x4GEuhFJ4u5JbYnl3OR7ZhDsehc2Ol4vp2SuU68xjulOaivWG6Zh5yGkrv-TzhS1v5aUI-Dst2BeiwdtObdBTWG4yyBbW1QuqoQYFupDSkoWl2gGCj0daS8SAkeqEDBIHkLQmYoD__v3rAMnyllRLvD-3DSsk:1o2ge3:HTmDdADibS3p8l16BxZO0IF3WBnOZg1wWsvZVrA_jr0','2022-07-02 22:10:19.684786');
INSERT INTO django_session VALUES('ti6qof0e42b3evaqvr1r26pyizt4mrc6','.eJxVjsEOwiAQRP-FsyHAIkWPxqsn45ksdLFVAwm0B2P8d1tTTXqdN_MyLxbGUiiFJ9uzy_nINqxSrX1O_AdcyC39qcNx6NxYqbi-nVK5zjyGO6UZtDdM18xDTkPpPZ8rfKGVnybl47B0V4IOazetSUdhvcEoW1BbK6SOGhToRkpDGppmBwg2Gm0tGQ9Cohc6QBBI3pKASRqwDN-PSsn3B8DaSso:1o2gqy:y6YXMo4-8HlN9ZlmV8VZsTdZck1uzLlIFLlOqdGvDs8','2022-07-02 22:23:40.164474');
INSERT INTO django_session VALUES('qr9h23e9sawj2vsbtpo5x3d9hqjd2y1l','.eJxVjsEOwiAQRP-FsyHAIkWPxqsn45ksdLFVAwm0B2P8d1tTTXqdN_MyLxbGUiiFJ9uzy_nINqxSrX1O_AdcyC39qcNx6NxYqbi-nVK5zjyGO6UZtDdM18xDTkPpPZ8rfKGVnybl47B0V4IOazetSUdhvcEoW1BbK6SOGhToRkpDGppmBwg2Gm0tGQ9Cohc6QBBI3pKASRqwDN-PSsH7A8DeSsw:1o2h4I:7hGX-k0ufB6GtrjNpBejF_FmBwPZkwttCsPky_G1Pwc','2022-07-02 22:37:26.386346');
INSERT INTO django_session VALUES('37vcx9125frzklz4qfy8z7feqofr42f4','.eJxVkLlOxDAQhl8FuV5ZdmwSsx1XSQPa2hqPJ5tAZCMfxQrx7jghIG37_ddovlimnOcYONaUKODFYvTEjuz09sQO7I828Hx6XQGkYmfPjp1WB2ahlsnWTGljTLIr5gA_KKyCf4dwjhxjKGl2fLXwXc38pS0uD7v3qmCCPLU06VEY18MovepujZB61KpTepCyJ62G4U6BMmOvjaHeKSHBCY0KBZAzJFQrjcnvR26HZ4KEk_1M0VcsbQLYP0QodI7pYjMttIn3y3Lz-Etnys2553J7Vg3NIcX3D6DpbMQ:1o3KE2:aAuJLvXIu0Wt9J5tCHQd6l9228PIdCqn3s0rQD73h48','2022-07-04 16:26:06.171598');
INSERT INTO django_session VALUES('znvcpqygdu404dzdhh79xtdfktbmdplc','.eJxVjj0PgjAQhv_LzaRpuQqV0bg6GWdybQ9BTZu0MBjjfxcMxrA-7-cLMuc8xCDclBIH92xd9AwNXM5HKOBH_4DS2A4emrI0BbQ0jX07ZU5fBgo2zJK7c1gEf6NwjcLFMKbBisUiVjWL07z4OKzeTUFPuZ_TrDtpbEWd8ljujFS601iirpWqWGNd75HQdJU2hiuLUpGV2qGTxNawxLk0Jr-enI-_Px6ST18:1o2hjX:-qWzerJhS4w3SbnqS55CzHnMQc0Vh7iQDaRgE1ZnNQk','2022-07-02 23:20:03.153460');
INSERT INTO django_session VALUES('h1m220ltsrrd0ktorlkvy2j59jy5tnza','.eJyrVkouLSpKzUuuVLJSCg12UdJRKk4tLs7Mz9ODScQn56ekwmWTE4tK4jNTlKyMjCxrAZ6cFKA:1o2hgn:kHqPLLA5LrGtspVxfMkSPnnvkfxI0eM8xCgvO-ew5hg','2022-07-02 23:17:13.074826');
INSERT INTO django_session VALUES('xe3nl97h7ygo9odfjudr8hzsct3azy68','.eJxVjsEOwiAQRP-Fc0OgSyl6NF49Gc_NAltbNZBAezDGf5eaatLjzpt9mRdzc0oU3JPt2eV8ZBXLlPMYA_-BzkVPf9rhPA3dnCl1oy-p3GYW3Z3CAvwNwzVyF8OURsuXCl9p5qeifBzW7kYwYB7KN6leGKuxlx7qxgipegU1qFZKTQradgcIptfKGNIWhEQrlAMnkKwhAUXqME3fjXXdVCwmv04u5_sDRxJPWQ:1o2hup:0CmwhCwmwT-akiqLCEQjkAog6QhCtfFBna8TPQr11eQ','2022-07-02 23:31:43.151811');
INSERT INTO django_session VALUES('xyzccl8k095679u4twvaeiz09zdp1pga','.eJxVjsEOwiAQRP-Fc0OgixQ9Gq-ejGeywNZWDSTQHozx36WmmnjcebMv82R-zpmif7AdO58OrGGFShlT5F9gfQr0oxbnabBzoWzHUFP5nzn0N4oLCFeMl8R9ilMeHV8qfKWFH6vyvl-7f4IBy1C_SfXCOI29DNBujJCqV9CC6qTUpKDrtoBgeq2MIe1ASHRCefACyRkSUKUe8_TZ2IJoWMphnVzP1xtGyE9R:1o2hxm:V-FgiQY-AjHCZp5WqQcG_7O0RlsVglaqY2HAQAWs_DQ','2022-07-02 23:34:46.485868');
INSERT INTO django_session VALUES('6q8ojz8fsq2ycnubedzljwqillhaiwfi','.eJyrVkouLSpKzUuuVLJSCg12UdJRKk4tLs7Mz9ODScQn56ekQmVrAZmvEIM:1o2i3C:obB1AmTANhiOy-VvtvmQxSAN0XZMLfQTNSJJ7OsWOAY','2022-07-02 23:40:22.639629');
INSERT INTO django_session VALUES('ah08u548enpl28bmh16repoia4kg7t27','.eJxVjsEOwiAQRP-Fc0OgixQ9Gq-ejGeywNZWDSTQHozx36WmmnjcebMv82R-zpmif7AdO58OrGGFShlT5F9gfQr0oxbnabBzoWzHUFP5nzn0N4oLCFeMl8R9ilMeHV8qfKWFH6vyvl-7f4IBy1C_SfXCOI29DNBujJCqV9CC6qTUpKDrtoBgeq2MIe1ASHRCefACyRkSUKUe8_TZ2IJsWMphnVzP1xtG209T:1o2i6y:_3v0kEmfHcJUSdunhf8pEt6d_Sm6cEXGe2LUQlSP9dg','2022-07-02 23:44:16.251400');
INSERT INTO django_session VALUES('0w82izax5kiy86gqkk04nykqgc603rsp','eyJvcmRlcl9pZCI6IjIzMSJ9:1o2iB0:NSmFaWEsDq_QN195rJeggNugv4XePmgNqPxGxSO602M','2022-07-02 23:48:26.043520');
INSERT INTO django_session VALUES('uiss2qxaxdto24tkd9a0ild1rho6wu19','.eJxVjr0OgjAUhd_lzqRpuRUqo3F1Ms7ktr0IatqkhcEY310waMJ6vvP3AjelxME9oYHL-QgFZM55iEH8QOui5z91lMZ28NCUiAW0NI19O2VOXw0UbDRL7s5hAf5G4RqFi2FMgxWLRaw0i9M88Dis3k1BT7mf06w7aWxFnfJY7oxUutNYoq6VqlhjXe-R0HSVNoYri1KRldqhk8TWsMS5NCa_npyPvz8INU9X:1o2iGx:Lv_hTUcZQLOVtEc7IpsHdn2X0ZGsRU-zkzjPm6DYkZw','2022-07-02 23:54:35.285505');
INSERT INTO django_session VALUES('zalj97agwkohumubiqms6tnambaqqw0e','eyJvcmRlcl9pZCI6IjIzMyJ9:1o2iHR:qSMcUtDoiTjGKdIszdAmMt9xdpMt2ptfn9IHnuQwqAk','2022-07-02 23:55:05.822280');
INSERT INTO django_session VALUES('yidh4c5dst5icmk07fsz36lciarb82db','.eJyrVkouLSpKzUuuVLJSCg12UdJRKk4tLs7Mz9ODScQn56ekwmWTE4tK4jNTlKyMjE10lPKLUlKLYNxaAPecGSc:1o2iNb:F18xU-VHwLqg8bRdkA6CV3OwACtIFarS7et7708kDm8','2022-07-03 00:01:27.661565');
INSERT INTO django_session VALUES('l9zb5c6lh2zch4cpyl0vaudtybkxgmlb','.eJyrVipOLS7OzM_TSy4tKkrNS66MT85PSVWyUgoNdlHSUYKJIgQSi0riM1OUrIyMLXWU8otSUotg3FoAC3UZMQ:1o2iXE:sP8x5jfKY8sVpK_jfxXnws9ak21MZtbxB1ewbsQzlzU','2022-07-03 00:11:24.493364');
INSERT INTO django_session VALUES('26uimqzyagj0gyo697kxjpv22ehiw3z9','.eJyrVkouLSpKzUuuVLJSCg12UdJRKk4tLs7Mz9ODScQn56ekwmWTE4tK4jNTlKyMTAxqAZ6QFJk:1o33Fh:kl1Upca62mTItegTXytxs_vAtFlzFfr68B2NjQ6M7RE','2022-07-03 22:18:41.124331');
INSERT INTO django_session VALUES('o4mk7zu74992ieqzhr3vfusrizqcctft','.eJyrVkouLSpKzUuuVLJSCg12UdJRKk4tLs7Mz9ODScQn56ekwmWTE4tK4jNTlKyMTIx0lPKLUlKLYNxaAPeLGSU:1o3IfM:pV7i36aW7vr7MRcowzho2Lt9G-bwmbkp7G2iYLEraeA','2022-07-04 14:46:12.056350');
INSERT INTO django_session VALUES('suq3v43cd7dvd6jq548r3sl2738onkfi','eyJvcmRlcl9pZCI6IjI0MyJ9:1o3IgR:7KjWgDBW-xJXQNgzESJVh5ZvMYWloSl9sR5Vuv36yuo','2022-07-04 14:47:19.159562');
INSERT INTO django_session VALUES('1jr06p6575eknhce81f8cuefd68jtd55','.eJxFjUsKwzAMRK8StA6hDSWL7EqbCyRkbYwsWoOximQvQundK_pdzrw3zB2wilDGDUaY1hlaUFKNnLsvcMiBjK7L2Sh6KS4GGPvD0AJLIPlHJS94dTfhULHYxsOvRF_owrI5pUQveEypOb3bSGrmZ6f2WLMZ-93jCeseNpg:1o3K1R:7splevoPWh-c73u4H84DIz9sMnbBVQsiFKpt5LZbd9s','2022-07-04 16:13:05.731194');
INSERT INTO django_session VALUES('qzh281wbt6ot0uun9t2xns82d99vj2lx','.eJyrVkouLSpKzUuuVLJSCg12UdJRKk4tLs7Mz9ODScQn56ekwmWTE4tK4jNTlKyMTEx1lPKLUlKLYNxaAPfEGSs:1o3J8G:pvaVf9mcPdZ-ZySzIBL1xfn5TlNu_cyvhxjCDJ4dJFg','2022-07-04 15:16:04.058579');
INSERT INTO django_session VALUES('ii5ienymk8l0elil0icbk0cpciey7gqw','eyJvcmRlcl9pZCI6IjI0NSJ9:1o3J8Y:K-d7Gs7WT8-e9bNlbjfZy5B9XwMUUYu55KIcJPs-HpY','2022-07-04 15:16:22.231072');
INSERT INTO django_session VALUES('ze3m07p3uxyv3ojtee26qt4vuj4frlmo','eyJvcmRlcl9pZCI6IjI0MiJ9:1o3Jav:_aGcRppHnYGcqw4jiGw_lcWf99pDV15SG4Izw3HAIPY','2022-07-04 15:45:41.275670');
INSERT INTO django_session VALUES('81d4nkxocuhbjdjqmhcdzv25c39k2cnl','eyJvcmRlcl9pZCI6IjI0NCJ9:1o3JwH:tXQntzgZu8w0yOn23OQWkfWxe4LdL9xcsqTqkcsd2yw','2022-07-04 16:07:45.253270');
INSERT INTO django_session VALUES('0o6pkgl051w3sflkfluoolpttcr5w2nk','eyJvcmRlcl9pZCI6IjI0NCJ9:1o3JxL:iJrfDDvbiyd1JwVQQKQ5lcsQBG-0aHl4kp6jld3Q8HA','2022-07-04 16:08:51.712851');
INSERT INTO django_session VALUES('mh7cv577aaaw3zbdm0fm4lozphpmwu6d','eyJvcmRlcl9pZCI6IjI0NiJ9:1o3Jzc:Zc1gH6GsdsNZVUk9fQrYv4O-MbVlC-weDPp5MTP9bbo','2022-07-04 16:11:12.627678');
INSERT INTO django_session VALUES('5z3vyttkeqygv5f8lrwlgq4mm8s4bxhn','.eJyrVkouLSpKzUuuVLJScg0NUtJRKk4tLs7Mz9ODScQn56ekAmVDg13AsolFyRnxBUX5KaXJJUDhRIRgcmJJanp-UWV8cWpOKljSMSdHwRkimplaDFQJ1VcMNLQ0D6jC0KAWAL2rLe4:1o3KD1:4WFSiIzferAYOhQNv2AJUgh1_EzpP-VOapMdkG1Bons','2022-07-04 16:25:03.235086');
INSERT INTO django_session VALUES('7e2wqjz4qvl65frjw2juomz98gha0djc','eyJzZXNzaW9uLmN1cnJlbmN5X2NvZGUiOiJVU0QifQ:1o4XPz:hetd5BkWxQOCmkaTRiTTS5vhPj6tP1PKhpupW3j1JGc','2022-07-08 00:43:27.182496');
INSERT INTO django_session VALUES('qdnql4c2lnn83pblxbqqfh64yzhynoqg','.eJxVj8EOwiAQRP-Fc0OgixQ9Gq-ejGeywNZWDSTQHozx36WmmnjcmdmXmScrVMqYIvdzzhT9w_oUiO3Y-XRgDbM4T4OdC2U7hqrKf82hv1FcjHDFeEncpzjl0fElwle38GNF3vdr9g8wYBnqN6leGKexlwHajRFS9QpaUJ2UmhR03RYQTK-VMaQdCIlOKA9eIDlDAir02_9X3WOePqVbDQ1LOawb6vl6A3QrT10:1o7pcy:OQ34OWsViBtYavpqZBF8VIPTgh94pGxlNUmi_zakOUQ','2022-07-17 02:46:28.761697');
INSERT INTO django_session VALUES('5ovw3b5r20m5igqe8vrsaigo240mkwvx','.eJxVjcEOgjAQRP9lz6Rp2VoqR-PVk_FMtmUR1LRJCwdj_HfBoAnXeW9mXuCnlDj4J9RwOR-hgMw5DzGIH2h8bPlPPaWxGVqoS6MLaGga-2bKnL4ZKNhkjvydwwLaG4VrFD6GMQ1OLIpYaRan-eBxWN3NQE-5n9usO2mdoU61WO6sVLrTWKKulDKssar2SGg7o61l41AqclJ79JLYWZYI7w-EyErR:1oC1JS:VPXYTUI33i8FF9IBN3BmYoSdKkNo3mrWq5_axElGCuw','2022-07-28 16:03:38.126982');
INSERT INTO django_session VALUES('be5fp24jo8n0cfezhqp5l28k47v06jw1','.eJxVjLEOwiAURf-F2RDoQ4qOxtXJOJMHPGy1gQTawRj_3TapJl3POfe-mZ9KoeRf7Mhu1zPbsUq19jnxn7A-B_pbi9PY2alSsX2Yqdwyh_5JaRHhgemeuc9pLL3jS8JXW_llvhxOa7s56LB285pUFMZpjDJAszdCqqigAdVKqUlB2x4AwUStjCHtQEh0QnnwAskZEsA-X8UURrU:1oC1dG:SM7flnpngiN_UvSjBZQdwubh-iZV2vzaFq3Omu44oDU','2022-07-28 16:24:06.121454');
INSERT INTO django_session VALUES('fph51v5xxhhh2gq5dufs7a6cao6hbnru','.eJyrVkouLSpKzUuuVLJSCg12UdJRKk4tLs7Mz9ODScQn56ekQmVrAZmvEIM:1oEGW8:uo94fduvWsK8mp9eDAQDuW0BgIhvrxTikLNQWUYMOlY','2022-08-03 20:42:00.736243');
INSERT INTO django_session VALUES('rxgl4w4d05fe965syiwbx3iftg8fqvx3','.eJyrVkouLSpKzUuuVLJSCg12UdJRKk4tLs7Mz9ODScQn56ekwmWTE4tK4jNTlKyMzA10lPKLUlKLYNxaAPekGSc:1oEHAH:bPhQbFUChZsjS4D4Eh1E57SJz39_aRmPdRgGzeAT0nA','2022-08-03 21:23:29.810335');
INSERT INTO django_session VALUES('ehdono6nyls67tg9r6rvttvd4k0hqai2','.eJxVjc0KwjAQhN9lzxKSbkxjj-LVk3gum2Rrq5JA0h5EfHcrVKXHmW9-nuCnnDn6BzRwPh1gA4VLGVIUX9D6FPhHPeWxHQI0lcENpBw4_2VL09i3U1k8ULDyHPkbxw8IV4qXJHyKYx6c-ETEQos4zn_3_ZJdDfRU-rnNupPWGepUwGprpdKdxgp1rZRhjXW9Q0LbGW0tG4dSkZPao5fEzrJEeL0B4xdPXQ:1oEHJq:KhWYP3ryR2OeTKZ-AVufihb5eTdwsZaecnb_sjiWh1Q','2022-08-03 21:33:22.870676');
INSERT INTO django_session VALUES('gpwjire7c6zhah95akw3hu66ipe48nri','.eJyrVkouLSpKzUuuVLJSCg12UdJRKk4tLs7Mz9ODScQn56ekQmVrAZmvEIM:1oIZ9Q:A66x8JMcl0CwJR3RemnfaVo5RWQlkWhgWufEs71UTn4','2022-08-15 17:24:20.403060');
INSERT INTO django_session VALUES('2pzo0z3b2m9u0ocqlvryg9rc8fqiutev','.eJxVjLEOwiAURf-F2RDoQ4qOxtXJOJMHPGy1gQTawRj_3TapJl3POfe-mZ9KoeRf7Mhu1zPbsUq19jnxn7A-B_pbi9PY2alSsX2Yqdwyh_5JaRHhgemeuc9pLL3jS8JXW_llvhxOa7s56LB285pUFMZpjDJAszdCqqigAdVKqUlB2x4AwUStjCHtQEh0QnnwAskZEsA-X8UURrU:1oIZX6:L8di6H9vLcE0Caxbi0UJaxshRYL4Mqk4kkUd0qBKyGE','2022-08-15 17:48:48.112953');
INSERT INTO django_session VALUES('5l2tg91to6sqaa4tcyx7lgvzo948iy5o','.eJyrVkouLSpKzUuuVLJSCg12UdJRKk4tLs7Mz9ODScQn56ekQmVrAZmvEIM:1oIbUN:EYZ9jkK5fgNbbVYDvUafNsnPXDb_eDp1o1PBjI9HC58','2022-08-15 19:54:07.811464');
INSERT INTO django_session VALUES('ozyu43q5828midar8g8ipodzhtu73mgy','.eJxVjrEOwiAURf-F2ZACpYCjcXUyzoT3AFs1kEA7GOO_S5M6dL3n3pP7ITXUOuVEcSklJHxbzD6QI7ldz-RArFvm0S41FDv5lrJ9Bg6fIa3AP1y6Z4o5zWUCulboRiu9NOXrtHV3gtHVsa21QABuJEPZAxde8MCCiiZGbjrdswio0ClwmnWBGx6F8-BhUJJJGDQ26f__dv37Azr7SBM:1oKmXs:Z-3DtPAZMg-SQZemILN2fI9fVOcgyS-ynzvrI3LyO58','2022-08-21 20:06:44.128964');
INSERT INTO django_session VALUES('ssgjiq6aa36rv07byfdys73bzac0na69','.eJxVjrEOwiAURf-F2ZACpRRH4-pknAnvAbZqIIF2MMZ_l5pq0vWee0_ui-Ccs4_4JHtyOR_JjhRfypgi_QGDyfk_NXaeBjMXn83oasq2GVi8-7gAd7PxmiimOOUR6FKhKy30VJWPw9rdCAZbhrruBQJwLRnKFrhwgnvmVdAhcN30LQuACq0C27PGc82DsA4cdEoyCV2PVYo2T9-PvBPvDwXMTC4:1oNJWk:08VIvidU0hAw0v1ZOhORsebmE_k6oqfG757t7YfHoq0','2022-08-28 19:44:02.683913');
INSERT INTO django_session VALUES('y7ezbo3x54q3ubj1xcbz4zsttcc24nea','eyJzZXNzaW9uLmN1cnJlbmN5X2NvZGUiOiJVU0QifQ:1oN2Co:mNE5p2MbHiECiuXlNXk6xgjOe6tFpAvauWLXumR-oRs','2022-08-28 01:14:18.658703');
INSERT INTO django_session VALUES('1gipcc9xjjvunnc7hgfv3g3aq4jto66e','eyJzZXNzaW9uLmN1cnJlbmN5X2NvZGUiOiJVU0QifQ:1oN30T:7cNa4bND-3J8yZwtpY-eymZJyitKUvl8zo1BQOgVc0I','2022-08-28 02:05:37.292297');
INSERT INTO django_session VALUES('klye4djil8iz2vajn0e25zom5gg3rkab','eyJzZXNzaW9uLmN1cnJlbmN5X2NvZGUiOiJVU0QifQ:1oN3el:cK5-PNdF2FneXAQy52elqTiwdKKC2rql9EhBX18NTvw','2022-08-28 02:47:15.832425');
INSERT INTO django_session VALUES('4gjwgeegjd0w6zsvw71ou7gqehkv51nb','.eJxVjLEOwiAURf-F2ZBCSwFH4-pknAnv8bBVAwm0gzH-u21STVzPOfe-GM6lUMIn27PL-ch2rFKtY078KxzmQD_r_DwNbq5U3BgWKv4ZeLxTWkW4-XTNHHOaygh8TfhmKz8tl4_D1v4dDL4Oy9q0CCCtEqg6kG1oJQnS0cYobWM6EQE1eg3eiIaklbH1AQL0WgkFvUH2_gD2w0gT:1oNKRY:N5U-INge_r-sZYLG1ZtM6dHeeRWHIPSp_bOW0e6Kj4k','2022-08-28 20:42:44.935031');
INSERT INTO django_session VALUES('kil6151p921fu4dpdv05kbsa1n0kmxa6','.eJxVjsEOwiAQRP-Fc0MKtAU8Gq-ejGfCLmCrBhJoD8b471JTTTzuvNmXeRJccvYRH2RHzqcDaUjxpUwp0i8wmJz_UWOXeTRL8dlMrqbsPwOLNx9X4K42XhLFFOc8AV0rdKOFHqvyvt-6f4LRlrF-K4EAXPcM-w64cIJ75mXQIXDdqo4FQIlWglWs9VzzIKwDB4PsWQ-DwipFm-fPRj4MDUnZbZPr-XoDoM5QwQ:1ogsro:JT-xbyK5EJL0Fl-Uz-rAh412BlYtae-MJGLT65rtH6c','2022-10-21 19:18:40.019027');
INSERT INTO django_session VALUES('4yoe61u7vgr3nqksqs3vbvax89pyh57v','.eJyrVkouLSpKzUuuVLJSCg12UdJRKk4tLs7Mz9ODScQn56ekQmVrAZmvEIM:1olFaf:gTSvDa1OTT2GVy8YkDEB34X98FAhTQw6GMq8-HK9Zw8','2022-11-02 20:23:01.555981');
INSERT INTO django_session VALUES('9barif68q6s3zhwy0z125mibcb6okn2j','eyJzZXNzaW9uLmN1cnJlbmN5X2NvZGUiOiJVU0QifQ:1omHTT:16MNujNYOjURqtimXofpw_OCIEvnTtd_QJ9c3MG6TW8','2022-11-05 16:35:51.634188');
INSERT INTO django_session VALUES('g5km9jmisxranmh29zp7tyb1vj9vytdc','.eJxVjLEOwiAURf-F2ZBCSwFH4-pknAnv8bBVAwm0gzH-u21STVzPOfe-GM6lUMIn27PL-ch2rFKtY078KxzmQD_r_DwNbq5U3BgWKv4ZeLxTWkW4-XTNHHOaygh8TfhmKz8tl4_D1v4dDL4Oy9q0CCCtEqg6kG1oJQnS0cYobWM6EQE1eg3eiIaklbH1AQL0WgkFvUH2_gD2w0gT:1op9sG:ehdbDe7TzbSu2zAdinr5ERg_m6bIueWOoDgs1uZb6uE','2022-11-13 15:05:20.756788');
INSERT INTO django_session VALUES('cgcrs1tbv634g0j32cfvfnk6ytad6fco','.eJyrVkouLSpKzUuuVLJSCg12UdJRKk4tLs7Mz9ODScQn56ekwmWTE4tK4jNTlKyMzCx1lPKLUlKLYNxaAPg6GTc:1ozl5H:wyNZp8m1JWfOzyCfHJeWleDXSKlKDVksIPfLAVRoBBU','2022-12-12 20:50:35.530578');
INSERT INTO django_session VALUES('xigoomqp6ykoj31ffjhzhsyetc56ges4','.eJyrVkouLSpKzUuuVLJSCg12UdJRKk4tLs7Mz9ODScQn56ekwmWTE4tK4jNTlKyMzE11lPKLUlKLoFyTWgD4ARkw:1ozoks:70qKNpWFGwlW4DOjFl3hA0dXw9c9jD-AwaJdzgZlmnc','2022-12-13 00:45:46.511841');
INSERT INTO django_session VALUES('s3fjafb19qwtn3gq1fvbr4ff0aopkftz','.eJxVjb0OgjAUhd_lzqShhdLCaFydjDPpvW0FNW3SwmCM7y4kqGE85zs_L6A5JRfoCR1czkcoILucxxjYF_QUrftRMmnqRwudaHQBMVmX_rI38zT0c9484LDz0NDdhRXYmwnXyCiGKY3I1gjbaGan5e9x2LK7gcHkYWnrihBFKznJGkVlK-G4U771XrSlrrlHUmQUGs1LJ1rhK2PRYqMkl9hogvcHG9hQxQ:1ozn9h:kT104iAQebjuSX2x4Z-8wzaZ3Flu2AifR8Pl8zLRawc','2022-12-12 23:03:17.342423');
INSERT INTO django_session VALUES('yykob9dgchcy27rj7sc8cmprtqo9pys2','.eJyrVkouLSpKzUuuVLJSCg12UdJRKk4tLs7Mz9ODScQn56ekQmVrAZmvEIM:1ozoni:p8wqoqn7tE8bu52kUwkC8qv9IWJBEVhPh_pFk-IrOXg','2022-12-13 00:48:42.014296');
INSERT INTO django_session VALUES('5zerzby177r0ksfh7zt68acxmoubjjg3','.eJxFjrEOwjAMRH8l8lwhYELdCh3ZqrJGwbHaSCZBdjJUiH-nFCiTdb7n8z0AiwhFnKCGvmuhAiXVkOLmZ1hMnlYXnWQbPNT7w7aCJJ7kL5Wc4GjvknzBPN8cuZBpg7ul6E3D76HmHIYx82Q6x5m8udBA2V2ZFNYEdJmGJJNVYlqSGmZz-mzDQn6f6FyvxJnYPV_Mjkbx:1ozq5A:N1Hmih-NR7XaPNX1il2kenu5Kb5gK9Ayi-jIKzkj3ms','2022-12-13 02:10:48.399436');
INSERT INTO django_session VALUES('qja3l9ts18um95v0fjcjp77jqfywpxbe','.eJxVjTsPwiAUhf_LnRtS6As6Glcn40y4F7BVAwm0gzH-d9ukajqe853HC2hOyQV6Qg-X8xEKyC7nMQb2BZqidT9KJk16tNALyQuIybr0l9rM06DnvHnAYeehobsLK7A3E66RUQxTGpGtEbbRzE7L3-OwZXcDg8nD0pYVIQrVcGpqFJWthOOu88p7oUpZc4_UkenQSF46oYSvjEWLbdfwBltJ8P4AFNlQuw:1qvjqD:kfOMFZZi5Teu84WSQYLW0L3IKzikssgZYzGD0Z7Wevk','2023-11-08 19:46:57.617834');
INSERT INTO django_session VALUES('7mv1k1fy4ivzi329gn7y5fve5j0ma3vv','.eJyrVkouLSpKzUuuVLJSCg12UdJRKk4tLs7Mz9ODScQn56ekwmWTE4tK4jNTlKyMLIx0lPKLUlKLYNxaAPffGS0:1qvlLg:i4qRr3mHRx507D7HMoLcXHjMDK8ubFCz0o0G5FIChq0','2023-11-08 21:23:32.626812');
INSERT INTO django_session VALUES('mhi3s0z5meoao4yxw4sfaz2mtshvv4c6','.eJxVjsEOwiAQRP-Fc0MKLQU8Gq-ejGfCLmCrBhJoD8b471JTTTzuvNmXeRJccvYRH2RHzqcDaUjxpUwp0i8wmJz_UWOXeTRL8dlMrqbsPwOLNx9X4K42XhLFFOc8AV0rdKOFHqvyvt-6f4LRlrF-qw4BuBYMRQ-8cx33zMugQ-C6VT0LgBKtBKtY67nmobMOHAxSMAGDwipFm-fPRq76hqTstsn1fL0BoNJQwQ:1qvlYU:8WznNHJsDscev4Hd-m0qz5OEaC23fMp1MSp0Q1hriAk','2023-11-08 21:36:46.853806');
INSERT INTO django_session VALUES('4ecw3533tinq8lhsv9vtbg6b1hsnvg6g','.eJxVjMsKwjAURP8lawlJyKN1KW5dieuQ3Htrq5JA0i5E_HdTqIK7Yc6ZeTFYSqEET7Znl_OR7VilWqec-Bd4yEg_6sMyj36pVPyErVX2v4wB7pRWgreQrplDTnOZIl8VvtHKT-3zcdjcv4Mx1LGtDUDEzoI2prfCCg3BkUCjQEkI6NxgNWk3KAySTOw7ZUULkoYoEZVh7w8rEEgW:1rd2Jn:GVIw8STWR2WRPNxnNYbha64t9ApN_v55w_0dcm0JOjo','2024-03-07 06:12:27.822678');
CREATE TABLE IF NOT EXISTS "captcha_captchastore" ("challenge" varchar(32) NOT NULL, "response" varchar(32) NOT NULL, "hashkey" varchar(40) NOT NULL UNIQUE, "expiration" datetime NOT NULL, "id" integer NOT NULL PRIMARY KEY SERIAL);
INSERT INTO captcha_captchastore VALUES('XDDO','xddo','9e124e0c7edacdd696613df2b2c887bf4975f971','2022-05-19 06:05:00.939901',1);
INSERT INTO captcha_captchastore VALUES('RJQQ','rjqq','ca904608ebdca2a831c9955dc3a00d74fbecf215','2022-05-19 06:05:54.605730',2);
INSERT INTO captcha_captchastore VALUES('SHCU','shcu','e8044a85dceabb60d58a7eb8e6706c162922447f','2022-05-19 06:05:58.826341',3);
INSERT INTO captcha_captchastore VALUES('PDGJ','pdgj','296a32877afa6ea8df363ebf8506b3c6de6d4a2e','2022-05-19 06:12:16.749444',4);
INSERT INTO captcha_captchastore VALUES('LKAD','lkad','62e31181ac7a21aea734268aecf6372ec434a9bb','2022-05-19 06:13:40.137387',5);
INSERT INTO captcha_captchastore VALUES('DFXW','dfxw','beff0a9544caeb1a943a38918303cfd6b1086a51','2022-05-19 06:13:43.371150',6);
INSERT INTO captcha_captchastore VALUES('ZQKH','zqkh','26fb4b6494c2ad65338ca453a84bd8c437a4ca14','2022-05-19 06:14:39.515251',7);
INSERT INTO captcha_captchastore VALUES('UGTM','ugtm','455955575b50fbb764f84ce8db48d24addf5d255','2022-05-28 15:36:33.666666',8);
INSERT INTO captcha_captchastore VALUES('TNIS','tnis','cee000f64eb30fd9403fc0af1bafb258ff7c82ad','2022-10-22 16:41:14.781771',9);
CREATE TABLE IF NOT EXISTS "currencies_currency" ("code" varchar(3) NOT NULL PRIMARY KEY, "symbol" varchar(4) NOT NULL, "factor" decimal NOT NULL, "is_active" bool NOT NULL, "is_base" bool NOT NULL, "is_default" bool NOT NULL, "info" text NOT NULL, "name" varchar(55) NOT NULL);
INSERT INTO currencies_currency VALUES('USD','$',1,1,1,1,'{}','USD');
INSERT INTO currencies_currency VALUES('EUR','€',0.94999999999999995559,1,0,0,'{}','EUR');
CREATE TABLE IF NOT EXISTS "accounts_bankaccount" ("id" integer NOT NULL PRIMARY KEY SERIAL, "bank_name" varchar(200) NULL, "account_number" varchar(200) NULL, "swift_code" varchar(200) NULL, "account_name" varchar(200) NULL, "country" varchar(200) NULL, "paypal_email" varchar(200) NULL, "description" text NULL, "date" datetime NULL, "date_update" datetime NULL, "vendor_profile_id" integer NULL UNIQUE REFERENCES "accounts_profile" ("id") DEFERRABLE INITIALLY DEFERRED);
INSERT INTO accounts_bankaccount VALUES(6,'National Bank','6546456','4555H','mohamed selem','egypt','info@mohamedselem.com','GGGGGGG','2022-05-08 22:04:48.797348','2022-05-18 05:23:34.105487',2);
CREATE TABLE IF NOT EXISTS "accounts_profile" ("id" integer NOT NULL PRIMARY KEY SERIAL, "image" varchar(100) NULL, "mobile_number" varchar(100) NULL, "address" varchar(100) NULL, "city" varchar(100) NULL, "post_code" varchar(100) NULL, "country" varchar(100) NULL, "state" varchar(100) NULL, "status" varchar(13) NULL, "code" varchar(250) NULL, "referrals" integer NULL, "blance" real NULL, "date" datetime NULL, "date_update" datetime NULL, "recommended_by_id" integer NULL REFERENCES "auth_user" ("id") DEFERRABLE INITIALLY DEFERRED, "user_id" integer NULL UNIQUE REFERENCES "auth_user" ("id") DEFERRABLE INITIALLY DEFERRED, "display_name" varchar(100) NULL, "slug" varchar(50) NULL UNIQUE, "bio" text NULL, "requested" real NULL, "admission" bool NULL);
INSERT INTO accounts_profile VALUES(2,'profile_pic/vendor-1_GOFMpD1.png','(+91) - 540-025-124553','5171 W Campbell Ave','undefined Kent','0011736','United States','undefined Kent','vendor','selem',0,920.5499999999999545,'2022-02-05 03:31:23.704717','2023-10-25 21:35:28.038852',NULL,1,'Nature Food','selem','Got a smooth, buttery spread in your fridge? Chances are good that it''s Good Chef. This brand made Lionto''s list of the most popular grocery brands across the country.',10.0,1);
INSERT INTO accounts_profile VALUES(3,'',NULL,NULL,NULL,NULL,NULL,NULL,'customer','admin',0,0.0,'2024-02-22 06:12:01.269075','2024-02-22 06:12:01.269111',NULL,26,NULL,'admin',NULL,0.0,0);
CREATE TABLE IF NOT EXISTS "accounts_sociallink" ("id" integer NOT NULL PRIMARY KEY SERIAL, "facebook" varchar(200) NULL, "twitter" varchar(200) NULL, "instagram" varchar(200) NULL, "pinterest" varchar(200) NULL, "vendor_profile_id" bigint NULL UNIQUE REFERENCES "accounts_profile" ("id") DEFERRABLE INITIALLY DEFERRED);
INSERT INTO accounts_sociallink VALUES(2,'alithemes-facebook','alithemes-twitter','alithemes-instagram','alithemes-pinterest',2);
INSERT INTO accounts_sociallink VALUES(3,'https://www.facebook.com/','https://twitter.com/','https://www.pinterest.com/','https://www.instagram.com/explore/',NULL);
CREATE TABLE IF NOT EXISTS "blog_comment" ("id" integer NOT NULL PRIMARY KEY SERIAL, "name" varchar(50) NOT NULL, "email" varchar(254) NOT NULL, "body" text NOT NULL, "comment_date" datetime NOT NULL, "active" bool NOT NULL, "post_id" integer NOT NULL REFERENCES "blog_post" ("id") DEFERRABLE INITIALLY DEFERRED, "profile_id" bigint NULL REFERENCES "accounts_profile" ("id") DEFERRABLE INITIALLY DEFERRED);
CREATE TABLE IF NOT EXISTS "blog_post" ("id" integer NOT NULL PRIMARY KEY SERIAL, "title" varchar(500) NOT NULL, "post_date" datetime NOT NULL, "post_update" datetime NOT NULL, "post_image" varchar(100) NULL, "views" integer NULL, "posttags" varchar(500) NULL, "post_Slug" varchar(500) NULL UNIQUE, "author_id" bigint NOT NULL REFERENCES "accounts_profile" ("id") DEFERRABLE INITIALLY DEFERRED, "post_supercategory_id" integer NULL REFERENCES "categories_supercategory" ("id") DEFERRABLE INITIALLY DEFERRED, "content" text NULL);
INSERT INTO blog_post VALUES(1,'Best smartwatch 2022: the top wearables you can buy today','2022-05-05 18:46:28','2022-10-30 15:21:10.548332','blog/posts/blog-1_Zx8UVMs.png',4,NULL,'best-smartwatch-2022-the-top-wearables-you-can-buy-today',2,23,replace(replace('<p>Helping everyone live happier, healthier lives at home through their kitchen. Kitchn is a daily food magazine on the Web celebrating life in the kitchen through home cooking and kitchen intelligence.</p>\r\n\r\n<p>We&#39;ve reviewed and ranked all of the best smartwatches on the market right now, and we&#39;ve made a definitive list of the top 10 devices you can buy today. One of the 10 picks below may just be your perfect next smartwatch.</p>\r\n\r\n<p>Those top-end wearables span from the Apple Watch to Fitbits, Garmin watches to Tizen-sporting Samsung watches. There&#39;s also Wear OS which is Google&#39;s own wearable operating system in the vein of Apple&#39;s watchOS - you&rsquo;ll see it show up in a lot of these devices.</p>\r\n\r\n<p>Lorem ipsum dolor sit amet cons</p>\r\n\r\n<p>Throughout our review process, we look at the design, features, battery life, spec, price and more for each smartwatch, rank it against the competition and enter it into the list you&#39;ll find below.</p>\r\n\r\n<p>&nbsp;</p>','\r',char(13)),'\n',char(10)));
CREATE TABLE IF NOT EXISTS "categories_maincategory" ("id" integer NOT NULL PRIMARY KEY SERIAL, "name" varchar(50) NULL, "super_category_id" integer NULL REFERENCES "categories_supercategory" ("id") DEFERRABLE INITIALLY DEFERRED, "date" datetime NULL, "date_update" datetime NULL, "slug" varchar(50) NULL UNIQUE, "category_image" varchar(100) NULL);
INSERT INTO categories_maincategory VALUES(8,'Custard apple',23,'2022-02-17 05:26:43.147975','2022-05-28 14:41:07.103680','custard-apple','');
INSERT INTO categories_maincategory VALUES(9,'Coffe & Tea',23,'2022-02-17 05:27:21.275104','2022-05-28 14:41:31.402220','coffe-tea','');
INSERT INTO categories_maincategory VALUES(17,'Cake & Milk',23,'2022-04-17 17:19:28.304211','2022-05-28 14:41:35.698165','cake-milk','');
INSERT INTO categories_maincategory VALUES(18,'Oganic Kiwi',23,'2022-04-17 17:19:51.361420','2022-05-28 14:41:40.838737','oganic-kiwi','');
INSERT INTO categories_maincategory VALUES(19,'Peach',NULL,'2022-04-17 17:20:25.300218','2022-05-28 14:42:12.818964','peach','');
INSERT INTO categories_maincategory VALUES(20,'Red Apple',23,'2022-04-17 17:20:45.486111','2022-05-28 14:42:17.318963','red-apple','');
INSERT INTO categories_maincategory VALUES(21,'Snack',23,'2022-04-17 17:21:14.916097','2022-05-28 14:42:22.121431','snack','');
INSERT INTO categories_maincategory VALUES(22,'Vegetables',23,'2022-04-17 17:21:38.078087','2022-05-28 14:42:28.656760','vegetables','');
INSERT INTO categories_maincategory VALUES(23,'Strawberry',23,'2022-04-17 17:22:02.773193','2022-05-28 14:42:34.778247','strawberry','');
INSERT INTO categories_maincategory VALUES(24,'Black plum',23,'2022-04-17 17:22:45.288691','2022-05-28 14:42:40.752240','black-plum','');
INSERT INTO categories_maincategory VALUES(25,'Makeup',24,'2022-05-12 11:42:16.196204','2022-05-12 11:42:16.196204','makeup','');
INSERT INTO categories_maincategory VALUES(26,'Books',25,'2022-05-12 11:44:22.241086','2022-05-12 11:44:22.241086','books','');
INSERT INTO categories_maincategory VALUES(27,'Mobile Phones & Tablets',26,'2022-05-12 11:45:35.570342','2022-05-12 11:45:35.570342','mobile-phones-tablets','');
INSERT INTO categories_maincategory VALUES(28,'Clothing',27,'2022-05-12 11:49:03.829119','2022-05-12 11:49:03.829119','clothing','');
CREATE TABLE IF NOT EXISTS "categories_minicategory" ("id" integer NOT NULL PRIMARY KEY SERIAL, "name" varchar(50) NULL, "sub_category_id" integer NULL REFERENCES "categories_subcategory" ("id") DEFERRABLE INITIALLY DEFERRED, "date" datetime NULL, "date_update" datetime NULL, "slug" varchar(50) NULL UNIQUE, "category_image" varchar(100) NULL);
INSERT INTO categories_minicategory VALUES(7,'Tropical Fruits',7,'2022-02-28 20:03:13.570905','2022-02-28 20:03:13.570905','tropical-fruits','');
INSERT INTO categories_minicategory VALUES(8,'Eye Shadows',8,'2022-05-12 11:43:16.536835','2022-05-12 11:43:16.536835','eye-shadows','');
INSERT INTO categories_minicategory VALUES(9,'Comic & Graphic Novels',9,'2022-05-12 11:44:53.932447','2022-05-12 11:44:53.932447','comic-graphic-novels','');
INSERT INTO categories_minicategory VALUES(10,'Wall Chargers',10,'2022-05-12 11:46:41.152230','2022-05-12 11:46:41.152230','wall-chargers','');
INSERT INTO categories_minicategory VALUES(11,'Kids Costumes',11,'2022-05-12 11:49:41.293648','2022-05-12 11:49:41.293648','kids-costumes','');
INSERT INTO categories_minicategory VALUES(12,'Black Tea',12,'2022-05-19 22:38:44.508316','2022-05-19 22:38:44.508316','black-tea','');
INSERT INTO categories_minicategory VALUES(13,'Milk Powder',13,'2022-05-19 22:40:38.000960','2022-05-19 22:40:38.000960','milk-powder','');
INSERT INTO categories_minicategory VALUES(14,'Kiwifruit',14,'2022-05-19 22:43:47.391863','2022-05-19 22:43:47.391863','kiwifruit','');
INSERT INTO categories_minicategory VALUES(16,'Seed Snacks',16,'2022-05-19 22:47:26.766878','2022-05-19 22:47:26.766878','seed-snacks','');
INSERT INTO categories_minicategory VALUES(17,'Frozen Vegetables',17,'2022-05-19 22:49:20.110699','2022-05-19 22:49:20.110699','frozen-vegetables','');
INSERT INTO categories_minicategory VALUES(18,'Jams',18,'2022-05-19 22:50:46.291962','2022-05-19 22:50:46.291962','jams','');
INSERT INTO categories_minicategory VALUES(19,'plum',19,'2022-05-19 22:54:17.395139','2022-05-19 22:54:17.395139','plum','');
INSERT INTO categories_minicategory VALUES(20,'Apple',20,'2022-05-19 23:02:33.259544','2022-05-19 23:02:33.259544','apple','');
CREATE TABLE IF NOT EXISTS "categories_subcategory" ("id" integer NOT NULL PRIMARY KEY SERIAL, "name" varchar(50) NULL, "main_category_id" bigint NULL REFERENCES "categories_maincategory" ("id") DEFERRABLE INITIALLY DEFERRED, "date" datetime NULL, "date_update" datetime NULL, "slug" varchar(50) NULL UNIQUE, "category_image" varchar(100) NULL);
INSERT INTO categories_subcategory VALUES(7,'Fruits',8,'2022-02-28 20:02:56.900402','2022-06-05 11:52:06.168231','fruits','');
INSERT INTO categories_subcategory VALUES(8,'Eye Makeup',25,'2022-05-12 11:43:01.633360','2022-05-12 11:43:01.633360','eye-makeup','');
INSERT INTO categories_subcategory VALUES(9,'Fiction',26,'2022-05-12 11:44:40.035823','2022-05-12 11:44:40.035823','fiction','');
INSERT INTO categories_subcategory VALUES(10,'Chargers & Batteries',27,'2022-05-12 11:45:53.550109','2022-05-12 11:45:53.550109','chargers-batteries','');
INSERT INTO categories_subcategory VALUES(11,'Kids Jumpsuits & Sets',28,'2022-05-12 11:49:24.069282','2022-05-12 11:49:24.069282','kids-jumpsuits-sets','');
INSERT INTO categories_subcategory VALUES(12,'Tea',9,'2022-05-19 22:38:34.628629','2022-05-19 22:38:34.628629','tea','');
INSERT INTO categories_subcategory VALUES(13,'Milk',17,'2022-05-19 22:40:20.949129','2022-05-19 22:40:20.950097','milk','');
INSERT INTO categories_subcategory VALUES(14,'Tropical Fruit',18,'2022-05-19 22:43:26.682295','2022-05-19 22:43:26.682295','tropical-fruit','');
INSERT INTO categories_subcategory VALUES(16,'Pantry',21,'2022-05-19 22:47:11.470567','2022-05-19 22:47:11.470567','pantry','');
INSERT INTO categories_subcategory VALUES(17,'Frozen Food',22,'2022-05-19 22:49:03.193610','2022-05-19 22:49:03.193610','frozen-food','');
INSERT INTO categories_subcategory VALUES(18,'Jams & Spreads',23,'2022-05-19 22:50:25.566872','2022-05-19 22:50:25.566872','jams-spreads','');
INSERT INTO categories_subcategory VALUES(19,'Spices & Seasonings',24,'2022-05-19 22:53:55.237618','2022-05-19 22:53:55.237618','spices-seasonings','');
INSERT INTO categories_subcategory VALUES(20,'Fresh Fruits',20,'2022-05-19 23:02:10.008013','2022-05-19 23:02:10.008013','fresh-fruits-4l26g','');
CREATE TABLE IF NOT EXISTS "categories_supercategory" ("id" integer NOT NULL PRIMARY KEY SERIAL, "name" varchar(50) NULL, "date" datetime NULL, "date_update" datetime NULL, "slug" varchar(50) NULL UNIQUE, "category_image" varchar(100) NULL);
INSERT INTO categories_supercategory VALUES(23,'Food & Beverage','2022-02-08 23:30:42.081723','2022-05-28 14:44:52.477812','food-beverage','');
INSERT INTO categories_supercategory VALUES(24,'Beauty & Fragrances','2022-05-12 11:41:12.873007','2022-05-12 11:41:12.873007','beauty-fragrances','');
INSERT INTO categories_supercategory VALUES(25,'Office & Stationery','2022-05-12 11:44:11.689912','2022-05-12 11:44:11.689912','office-stationery','');
INSERT INTO categories_supercategory VALUES(26,'Consumer Electronics','2022-05-12 11:45:18.936238','2022-05-12 11:45:18.936238','consumer-electronics','');
INSERT INTO categories_supercategory VALUES(27,'Fashion & Accessories','2022-05-12 11:47:50.285692','2022-05-12 11:47:50.285692','fashion-accessories','');
CREATE TABLE IF NOT EXISTS "contact_messageslist" ("id" integer NOT NULL PRIMARY KEY SERIAL, "name" varchar(150) NOT NULL, "email" varchar(254) NOT NULL, "phone" varchar(50) NOT NULL, "subject" varchar(150) NOT NULL, "message" text NOT NULL, "date" datetime NULL, "date_update" datetime NULL);
CREATE TABLE IF NOT EXISTS "home_carousel" ("id" integer NOT NULL PRIMARY KEY SERIAL, "CARImage" varchar(100) NULL, "CARtitle" varchar(100) NULL, "CARURL" varchar(200) NULL);
INSERT INTO home_carousel VALUES(1,'carousel/slider-2.png','Don’t miss amazing grocery deals','https://nest.apexcode.info/product-details/haagen-dazs-caramel-cone-ice-cream-ketchup');
INSERT INTO home_carousel VALUES(2,'carousel/slider-2_1.png','Fresh Vegetables Big discount','https://nest.apexcode.info/product-details/haagen-dazs-caramel-cone-ice-cream-ketchup');
CREATE TABLE IF NOT EXISTS "home_headtextad" ("id" integer NOT NULL PRIMARY KEY SERIAL, "ad_title" varchar(40) NULL, "ad_URL" varchar(200) NULL);
INSERT INTO home_headtextad VALUES(1,'You will get 25% discount','https://nest.apexcode.info/product-details/haagen-dazs-caramel-cone-ice-cream-ketchup');
CREATE TABLE IF NOT EXISTS "home_homeaddaily" ("id" integer NOT NULL PRIMARY KEY SERIAL, "ad_mage" varchar(100) NULL, "ad_title" varchar(100) NULL, "ad_URL" varchar(200) NULL, "image_position" varchar(13) NOT NULL);
INSERT INTO home_homeaddaily VALUES(1,'','Bring nature into your home','https://nest.apexcode.info/product-details/haagen-dazs-caramel-cone-ice-cream-ketchup','Right');
CREATE TABLE IF NOT EXISTS "home_homeaddealtime" ("id" integer NOT NULL PRIMARY KEY SERIAL, "ad_mage" varchar(100) NULL, "ad_title" varchar(100) NULL, "ad_URL" varchar(200) NULL, "PRDdealtime" datetime NULL, "supplier_id" bigint NOT NULL REFERENCES "accounts_profile" ("id") DEFERRABLE INITIALLY DEFERRED, "PRDDiscountPrice" real NULL, "PRDPrice" real NULL, "supplier_URL" varchar(200) NULL);
INSERT INTO home_homeaddealtime VALUES(1,'','Seeds of Change Organic Quinoa, Brown, & Red Rice','https://nest.apexcode.info/product-details/haagen-dazs-caramel-cone-ice-cream-ketchup','2022-05-31 01:14:11',2,19.0,11.0,NULL);
INSERT INTO home_homeaddealtime VALUES(2,'','Perdue Simply Smart Organics Gluten Free','https://nest.apexcode.info/product-details/haagen-dazs-caramel-cone-ice-cream-ketchup','2022-05-31 16:14:00',2,15.0,11.0,NULL);
INSERT INTO home_homeaddealtime VALUES(3,'','Signature Wood-Fired Mushroom and Caramelized','https://nest.apexcode.info/product-details/haagen-dazs-caramel-cone-ice-cream-ketchup','2022-05-31 17:30:42',2,19.0,15.0,NULL);
INSERT INTO home_homeaddealtime VALUES(4,'','Simply Lemonade with Raspberry Juice','https://nest.apexcode.info/product-details/haagen-dazs-caramel-cone-ice-cream-ketchup','2022-05-31 17:30:10',2,19.0,17.0,NULL);
CREATE TABLE IF NOT EXISTS "home_homeadmiddlebar" ("id" integer NOT NULL PRIMARY KEY SERIAL, "ad_mage" varchar(100) NULL, "ad_title" varchar(100) NULL, "ad_URL" varchar(200) NULL, "image_position" varchar(13) NOT NULL);
INSERT INTO home_homeadmiddlebar VALUES(1,'','Everyday Fresh & Clean with Our Products','https://nest.apexcode.info/product-details/haagen-dazs-caramel-cone-ice-cream-ketchup','Right');
INSERT INTO home_homeadmiddlebar VALUES(2,'','Make your Breakfast Healthy and Easy','https://nest.apexcode.info/product-details/haagen-dazs-caramel-cone-ice-cream-ketchup','Right');
INSERT INTO home_homeadmiddlebar VALUES(3,'','The best Organic Products Online','https://nest.apexcode.info/product-details/haagen-dazs-caramel-cone-ice-cream-ketchup','Right');
CREATE TABLE IF NOT EXISTS "home_homeadsidebar" ("id" integer NOT NULL PRIMARY KEY SERIAL, "ad_mage" varchar(100) NULL, "ad_title" varchar(100) NULL, "ad_URL" varchar(200) NULL, "image_position" varchar(13) NOT NULL);
INSERT INTO home_homeadsidebar VALUES(1,'ads/sidebar/banner-14_2k6gRxl.png','Everyday Fresh & Clean with Our Products','https://nest.apexcode.info/product-details/haagen-dazs-caramel-cone-ice-cream-ketchup','Right');
INSERT INTO home_homeadsidebar VALUES(3,'ads/sidebar/banner-14.png','The best Organic Products Online','https://nest.apexcode.info/product-details/haagen-dazs-caramel-cone-ice-cream-ketchup','Left');
CREATE TABLE IF NOT EXISTS "home_homeadsupplier" ("id" integer NOT NULL PRIMARY KEY SERIAL, "ad_mage" varchar(100) NULL, "ad_title" varchar(100) NULL, "ad_URL" varchar(200) NULL, "image_position" varchar(13) NOT NULL);
INSERT INTO home_homeadsupplier VALUES(1,'','Everyday Fresh with Our Products','https://nest.apexcode.info/product-details/haagen-dazs-caramel-cone-ice-cream-ketchup','Left');
INSERT INTO home_homeadsupplier VALUES(2,'','100% guaranteed all Fresh items','https://nest.apexcode.info/product-details/haagen-dazs-caramel-cone-ice-cream-ketchup','Left');
INSERT INTO home_homeadsupplier VALUES(3,'','Special grocery sale off this month','https://nest.apexcode.info/product-details/haagen-dazs-caramel-cone-ice-cream-ketchup','Left');
INSERT INTO home_homeadsupplier VALUES(4,'','Enjoy 15% OFF for all vegetable','https://nest.apexcode.info/product-details/haagen-dazs-caramel-cone-ice-cream-ketchup','Left');
CREATE TABLE IF NOT EXISTS "home_hotdealad" ("id" integer NOT NULL PRIMARY KEY SERIAL, "ad_mage" varchar(100) NULL, "rate" integer unsigned NULL CHECK ("rate" >= 0), "ad_URL" varchar(200) NULL, "image_position" varchar(13) NOT NULL);
INSERT INTO home_hotdealad VALUES(1,'',25,'https://nest.apexcode.info/product-details/haagen-dazs-caramel-cone-ice-cream-ketchup','Right');
INSERT INTO home_hotdealad VALUES(2,'',30,'https://nest.apexcode.info/product-details/haagen-dazs-caramel-cone-ice-cream-ketchup','Right');
INSERT INTO home_hotdealad VALUES(3,'',50,'https://nest.apexcode.info/product-details/haagen-dazs-caramel-cone-ice-cream-ketchup','Right');
CREATE TABLE IF NOT EXISTS "home_shopadsidebar" ("id" integer NOT NULL PRIMARY KEY SERIAL, "ad_mage" varchar(100) NULL, "ad_title" varchar(100) NULL, "ad_URL" varchar(200) NULL, "image_position" varchar(13) NOT NULL, "supplier_id" bigint NOT NULL REFERENCES "accounts_profile" ("id") DEFERRABLE INITIALLY DEFERRED);
INSERT INTO home_shopadsidebar VALUES(1,'ads/shop-ad/banner-11_wG1LP4B.png','Save 17% on Oganic Juice','https://nest.apexcode.info/product-details/haagen-dazs-caramel-cone-ice-cream-ketchup','Right',2);
CREATE TABLE IF NOT EXISTS "home_vendordetailsadimage" ("id" integer NOT NULL PRIMARY KEY SERIAL, "ad_mage" varchar(100) NULL, "ad_URL" varchar(200) NULL);
INSERT INTO home_vendordetailsadimage VALUES(1,'ads/vendor-page/banner-10.jpg','https://nest.apexcode.info/product-details/haagen-dazs-caramel-cone-ice-cream-ketchup');
CREATE TABLE IF NOT EXISTS "newsletters_newsletter" ("id" integer NOT NULL PRIMARY KEY SERIAL, "email" varchar(254) NOT NULL, "subscribed" bool NOT NULL, "created_At" datetime NOT NULL);
INSERT INTO newsletters_newsletter VALUES(36,'f@fff',1,'2022-06-18 15:43:18.341237');
INSERT INTO newsletters_newsletter VALUES(40,'test@gmail.com',1,'2022-08-01 18:50:08.821565');
INSERT INTO newsletters_newsletter VALUES(41,'test1@gmail.com',1,'2022-08-01 18:52:19.746884');
INSERT INTO newsletters_newsletter VALUES(42,'test@fdf.com',1,'2023-10-25 19:24:00.679399');
INSERT INTO newsletters_newsletter VALUES(43,'test@fee.com',1,'2023-10-25 19:24:47.297722');
CREATE TABLE IF NOT EXISTS "orders_country" ("id" integer NOT NULL PRIMARY KEY SERIAL, "name_country" varchar(40) NOT NULL, "country_code" varchar(40) NOT NULL, "countries" varchar(2) NOT NULL);
CREATE TABLE IF NOT EXISTS "orders_coupon" ("id" integer NOT NULL PRIMARY KEY SERIAL, "code" varchar(50) NOT NULL UNIQUE, "valid_form" datetime NOT NULL, "valid_to" datetime NOT NULL, "discount" integer unsigned NOT NULL CHECK ("discount" >= 0), "active" bool NOT NULL);
INSERT INTO orders_coupon VALUES(1,'code21','2022-02-05 06:31:27','2022-02-05 06:31:29',24,1);
CREATE TABLE IF NOT EXISTS "orders_order" ("id" integer NOT NULL PRIMARY KEY SERIAL, "order_date" datetime NOT NULL, "date_update" datetime NOT NULL, "sub_total" varchar(50) NULL, "discount" varchar(50) NULL, "shipping" varchar(50) NULL, "amount" varchar(50) NOT NULL, "tracking_no" varchar(50) NULL, "rpt_cache" varchar(200) NULL, "weight" decimal NOT NULL, "is_finished" bool NOT NULL, "status" varchar(13) NOT NULL, "coupon_id" bigint NULL REFERENCES "orders_coupon" ("id") DEFERRABLE INITIALLY DEFERRED, "user_id" integer NULL REFERENCES "auth_user" ("id") DEFERRABLE INITIALLY DEFERRED, "email_client" varchar(250) NULL, "auth_token_order" text NULL, "merchant_order_id" varchar(100) NULL, "order_id_paymob" varchar(100) NULL, "trnx_id" varchar(100) NULL);
INSERT INTO orders_order VALUES(225,'2022-06-18 22:58:27.439198','2022-06-18 23:31:53.181027','41.00','0','5.0','46.0',NULL,NULL,1.5,1,'Underway',NULL,1,'mail@test.com',NULL,NULL,NULL,NULL);
INSERT INTO orders_order VALUES(266,'2022-10-07 18:44:36.604546','2022-10-07 19:19:02.314601','39.00','0','5.0','44.0',NULL,NULL,501,1,'Underway',NULL,1,'mail@test.com',NULL,NULL,NULL,NULL);
INSERT INTO orders_order VALUES(267,'2022-10-19 20:53:32.974093','2022-10-19 21:05:54.098477','12.00','0',NULL,'12.00',NULL,NULL,0.5,0,'PENDING',NULL,NULL,NULL,NULL,NULL,NULL,NULL);
INSERT INTO orders_order VALUES(268,'2022-11-28 20:22:25.432336','2022-11-28 21:21:13.696490','15.00','0','5.0','190.0',NULL,NULL,0.5,0,'PENDING',NULL,NULL,NULL,'ZXlKMGVYQWlPaUpLVjFRaUxDSmhiR2NpT2lKSVV6VXhNaUo5LmV5SmpiR0Z6Y3lJNklrMWxjbU5vWVc1MElpd2ljR2hoYzJnaU9pSXlNalEwTkRReFpqTTJaakZpTnprMU5USTJaV0k0TVRWa1pURTRNMkkwT0dReU56a3hZMk16TnpBek1tWTBZamRtWVRWbFl6VTJaV0kyT1dNMU9UTmhJaXdpWlhod0lqb3hOalk1Tmpjek56VTRMQ0p3Y205bWFXeGxYM0JySWpveU5ERTVOakY5LnpneEJsQ05yRGc2eXJQZzJnSnhZN1pKSml6UE9jaWlqZ1htUmkwUDE1b3hNY1gtamxBdlotcFJLNUxUWkhnamxaV2p6WmgxekZOeHNmSnFCcXd6YTZB','268-kl7qo','83622685',NULL);
INSERT INTO orders_order VALUES(269,'2022-11-28 20:49:50.920677','2022-11-28 20:50:34.203128','14.00','0','5.0','24.0',NULL,NULL,0.5,0,'PENDING',NULL,NULL,NULL,NULL,NULL,NULL,NULL);
INSERT INTO orders_order VALUES(270,'2022-11-28 22:15:46.359125','2022-11-28 23:01:35.567058','12.00','0','5.0','32.0',NULL,NULL,0.5,1,'Underway',NULL,NULL,NULL,NULL,NULL,NULL,NULL);
INSERT INTO orders_order VALUES(271,'2022-11-28 23:03:48.964761','2022-11-28 23:04:21.714176','15.00','0','5.0','20.0',NULL,NULL,0.5,1,'Underway',NULL,NULL,NULL,NULL,NULL,NULL,NULL);
INSERT INTO orders_order VALUES(272,'2022-11-28 23:05:42.499726','2022-11-28 23:06:53.412942','14.00','0','5.0','19.0',NULL,NULL,0.5,1,'Underway',NULL,NULL,NULL,'ZXlKMGVYQWlPaUpLVjFRaUxDSmhiR2NpT2lKSVV6VXhNaUo5LmV5SmpiR0Z6Y3lJNklrMWxjbU5vWVc1MElpd2ljR2hoYzJnaU9pSXlNalEwTkRReFpqTTJaakZpTnprMU5USTJaV0k0TVRWa1pURTRNMkkwT0dReU56a3hZMk16TnpBek1tWTBZamRtWVRWbFl6VTJaV0kyT1dNMU9UTmhJaXdpWlhod0lqb3hOalk1Tmpnd01EWTNMQ0p3Y205bWFXeGxYM0JySWpveU5ERTVOakY5LmU3ckZyUUVXSnQ4ZUw1LTV2ZnVORUF2ME42bU9jTzFoRVd1N3RtUzMxdXRhenZDX2cyaElxcU5iWlJ1aF8tbHRDRHVsTWNjakRMWEdKMnpnSHEyaVF3','272-vf69p','83642043',NULL);
INSERT INTO orders_order VALUES(273,'2022-11-28 23:16:40.518790','2022-11-28 23:17:49.178786','14.00','0','5.0','19.0',NULL,NULL,0.5,1,'Underway',NULL,NULL,NULL,NULL,NULL,NULL,NULL);
INSERT INTO orders_order VALUES(274,'2022-11-29 00:31:55.396525','2022-11-29 00:39:23.785973','14.00','0','5.0','24.0',NULL,NULL,0.5,1,'Underway',NULL,NULL,NULL,NULL,NULL,NULL,NULL);
INSERT INTO orders_order VALUES(275,'2022-11-29 00:45:45.724673','2022-11-29 00:45:46.279184','17.00',NULL,NULL,'17.00',NULL,NULL,0.5,0,'PENDING',NULL,NULL,NULL,NULL,NULL,NULL,NULL);
INSERT INTO orders_order VALUES(276,'2022-11-29 00:49:54.578406','2022-11-29 00:50:31.061451','5.00','0','5.0','10.0',NULL,NULL,500,1,'Underway',NULL,NULL,NULL,NULL,NULL,NULL,NULL);
INSERT INTO orders_order VALUES(277,'2022-11-29 01:32:10.153179','2022-11-29 01:33:20.045218','5.00','0','5.0','10.0',NULL,NULL,500,1,'Underway',NULL,NULL,NULL,NULL,NULL,NULL,NULL);
INSERT INTO orders_order VALUES(278,'2022-11-29 01:40:08.510073','2022-11-29 02:13:19.268840','5.00','0','5.0','10.0',NULL,NULL,500,1,'Underway',NULL,NULL,NULL,'',NULL,NULL,NULL);
INSERT INTO orders_order VALUES(279,'2022-11-29 01:41:48.256483','2022-11-29 02:12:52.436198','14.00','0','5.0','19.0',NULL,NULL,0.5,1,'Underway',NULL,NULL,NULL,'',NULL,NULL,NULL);
INSERT INTO orders_order VALUES(280,'2022-11-29 02:10:27.914605','2022-11-29 02:11:07.428045','14.00','0','5.0','19.0',NULL,NULL,0.5,1,'Underway',NULL,NULL,NULL,NULL,NULL,NULL,NULL);
INSERT INTO orders_order VALUES(281,'2023-10-25 19:46:10.460257','2023-10-25 20:42:05.802360','15.00','0','5.0','20.0',NULL,NULL,0.5,0,'PENDING',NULL,NULL,NULL,NULL,NULL,NULL,NULL);
INSERT INTO orders_order VALUES(282,'2023-10-25 20:20:51.080399','2023-10-25 21:24:15.097587','5.00','0','5.0','5.00',NULL,NULL,500,0,'PENDING',NULL,NULL,NULL,NULL,NULL,NULL,NULL);
INSERT INTO orders_order VALUES(283,'2023-10-25 21:24:43.539038','2023-10-25 21:35:28.024234','12.00','0','5.0','17.0',NULL,NULL,0.5,1,'Underway',NULL,1,'mail@test.com',NULL,NULL,NULL,NULL);
INSERT INTO orders_order VALUES(284,'2023-10-25 21:35:36.260197','2023-10-25 21:36:54.116955','12.00','0','5.0','17.0',NULL,NULL,0.5,0,'PENDING',NULL,1,'mail@test.com','ZXlKaGJHY2lPaUpJVXpVeE1pSXNJblI1Y0NJNklrcFhWQ0o5LmV5SmpiR0Z6Y3lJNklrMWxjbU5vWVc1MElpd2ljSEp2Wm1sc1pWOXdheUk2TWpReE9UWXhMQ0p3YUdGemFDSTZJamN3Wm1JNFpqazROV1l3WkRrd1l6UmxObVJqWXprMU4ySTFNVGN3WTJJeFpXWXlabU01T0dFMU1EWXdPREk1TXprNU1UVTVZV1JrWmpOa09HWTVPVEFpTENKbGVIQWlPakUyT1RneU5qazNOalI5LktjMUV2RHNGci16RXZiZDNpMXhORzB4Mm1RUkpYTHdSR2ZZemVoTm9pT1dFYjZMbFU3MnpIcFpuNDhINDBCcGkwQlBHNVA1OXdvZG1fa3FNaWN0dVNB','284-skf1j','159686789',NULL);
CREATE TABLE IF NOT EXISTS "orders_orderdetails" ("id" integer NOT NULL PRIMARY KEY SERIAL, "price" decimal NOT NULL, "quantity" integer NOT NULL, "size" varchar(10) NULL, "weight" decimal NOT NULL, "order_id" bigint NOT NULL REFERENCES "orders_order" ("id") DEFERRABLE INITIALLY DEFERRED, "product_id" integer NOT NULL REFERENCES "products_product" ("id") DEFERRABLE INITIALLY DEFERRED, "supplier_id" integer NULL REFERENCES "auth_user" ("id") DEFERRABLE INITIALLY DEFERRED);
INSERT INTO orders_orderdetails VALUES(377,14,1,NULL,0.5,225,12,1);
INSERT INTO orders_orderdetails VALUES(378,14,1,NULL,0.5,225,13,1);
INSERT INTO orders_orderdetails VALUES(428,17,2,'S',0.5,266,16,1);
INSERT INTO orders_orderdetails VALUES(429,5,1,'L',500,266,93,1);
INSERT INTO orders_orderdetails VALUES(430,12,1,'',0.5,267,10,1);
INSERT INTO orders_orderdetails VALUES(431,15,1,'',0.5,268,11,1);
INSERT INTO orders_orderdetails VALUES(432,14,1,'',0.5,269,14,1);
INSERT INTO orders_orderdetails VALUES(433,12,1,'',0.5,270,10,1);
INSERT INTO orders_orderdetails VALUES(434,15,1,'',0.5,271,11,1);
INSERT INTO orders_orderdetails VALUES(435,14,1,'',0.5,272,13,1);
INSERT INTO orders_orderdetails VALUES(436,14,1,'',0.5,273,14,1);
INSERT INTO orders_orderdetails VALUES(437,14,1,'',0.5,274,13,1);
INSERT INTO orders_orderdetails VALUES(438,17,1,'',0.5,275,16,1);
INSERT INTO orders_orderdetails VALUES(439,5,1,'S',500,276,93,1);
INSERT INTO orders_orderdetails VALUES(440,5,1,'S',500,277,93,1);
INSERT INTO orders_orderdetails VALUES(441,5,1,'S',500,278,93,1);
INSERT INTO orders_orderdetails VALUES(442,14,1,'',0.5,279,13,1);
INSERT INTO orders_orderdetails VALUES(443,14,1,'',0.5,280,13,1);
INSERT INTO orders_orderdetails VALUES(444,15,1,'',0.5,281,15,1);
INSERT INTO orders_orderdetails VALUES(445,5,1,'S',500,282,93,1);
INSERT INTO orders_orderdetails VALUES(446,12,1,'',0.5,283,10,1);
INSERT INTO orders_orderdetails VALUES(447,12,1,'',0.5,284,9,1);
CREATE TABLE IF NOT EXISTS "orders_orderdetailssupplier" ("id" integer NOT NULL PRIMARY KEY SERIAL, "price" decimal NOT NULL, "quantity" integer NOT NULL, "size" varchar(10) NULL, "weight" decimal NOT NULL, "product_id" integer NULL REFERENCES "products_product" ("id") DEFERRABLE INITIALLY DEFERRED, "supplier_id" integer NULL REFERENCES "auth_user" ("id") DEFERRABLE INITIALLY DEFERRED, "order_supplier_id" integer NULL REFERENCES "orders_ordersupplier" ("id") DEFERRABLE INITIALLY DEFERRED, "order_id" bigint NULL REFERENCES "orders_order" ("id") DEFERRABLE INITIALLY DEFERRED, "order_details_id" bigint NULL REFERENCES "orders_orderdetails" ("id") DEFERRABLE INITIALLY DEFERRED);
INSERT INTO orders_orderdetailssupplier VALUES(3,100,1,NULL,2323,NULL,1,NULL,NULL,NULL);
INSERT INTO orders_orderdetailssupplier VALUES(4,100,1,NULL,2323,NULL,1,NULL,NULL,NULL);
INSERT INTO orders_orderdetailssupplier VALUES(5,100,1,NULL,2323,NULL,1,NULL,NULL,NULL);
INSERT INTO orders_orderdetailssupplier VALUES(6,100,3,NULL,2323,NULL,1,NULL,NULL,NULL);
INSERT INTO orders_orderdetailssupplier VALUES(7,100,1,NULL,500,NULL,1,NULL,NULL,NULL);
INSERT INTO orders_orderdetailssupplier VALUES(8,100,1,NULL,500,NULL,1,NULL,NULL,NULL);
INSERT INTO orders_orderdetailssupplier VALUES(9,100,1,NULL,500,NULL,1,NULL,NULL,NULL);
INSERT INTO orders_orderdetailssupplier VALUES(258,14,1,NULL,0.5,12,1,219,225,377);
INSERT INTO orders_orderdetailssupplier VALUES(259,14,1,NULL,0.5,13,1,219,225,378);
INSERT INTO orders_orderdetailssupplier VALUES(309,17,2,'S',0.5,16,1,260,266,428);
INSERT INTO orders_orderdetailssupplier VALUES(310,5,1,'L',500,93,1,260,266,429);
INSERT INTO orders_orderdetailssupplier VALUES(311,12,1,'',0.5,10,1,261,267,430);
INSERT INTO orders_orderdetailssupplier VALUES(312,15,1,'',0.5,11,1,262,268,431);
INSERT INTO orders_orderdetailssupplier VALUES(313,14,1,'',0.5,14,1,263,269,432);
INSERT INTO orders_orderdetailssupplier VALUES(314,12,1,'',0.5,10,1,264,270,433);
INSERT INTO orders_orderdetailssupplier VALUES(315,15,1,'',0.5,11,1,265,271,434);
INSERT INTO orders_orderdetailssupplier VALUES(316,14,1,'',0.5,13,1,266,272,435);
INSERT INTO orders_orderdetailssupplier VALUES(317,14,1,'',0.5,14,1,267,273,436);
INSERT INTO orders_orderdetailssupplier VALUES(318,14,1,'',0.5,13,1,268,274,437);
INSERT INTO orders_orderdetailssupplier VALUES(319,17,1,'',0.5,16,1,269,275,438);
INSERT INTO orders_orderdetailssupplier VALUES(320,5,1,'S',500,93,1,270,276,439);
INSERT INTO orders_orderdetailssupplier VALUES(321,5,1,'S',500,93,1,271,277,440);
INSERT INTO orders_orderdetailssupplier VALUES(322,5,1,'S',500,93,1,272,278,441);
INSERT INTO orders_orderdetailssupplier VALUES(323,14,1,'',0.5,13,1,273,279,442);
INSERT INTO orders_orderdetailssupplier VALUES(324,14,1,'',0.5,13,1,274,280,443);
INSERT INTO orders_orderdetailssupplier VALUES(325,15,1,'',0.5,15,1,275,281,444);
INSERT INTO orders_orderdetailssupplier VALUES(326,5,1,'S',500,93,1,276,282,445);
INSERT INTO orders_orderdetailssupplier VALUES(327,12,1,'',0.5,10,1,277,283,446);
INSERT INTO orders_orderdetailssupplier VALUES(328,12,1,'',0.5,9,1,278,284,447);
CREATE TABLE IF NOT EXISTS "orders_ordersupplier" ("id" integer NOT NULL PRIMARY KEY SERIAL, "email_client" varchar(250) NULL, "order_date" datetime NOT NULL, "date_update" datetime NOT NULL, "sub_total" varchar(50) NULL, "discount" varchar(50) NULL, "shipping" varchar(50) NULL, "amount" varchar(50) NOT NULL, "is_finished" bool NOT NULL, "status" varchar(13) NOT NULL, "coupon_id" bigint NULL REFERENCES "orders_coupon" ("id") DEFERRABLE INITIALLY DEFERRED, "user_id" integer NULL REFERENCES "auth_user" ("id") DEFERRABLE INITIALLY DEFERRED, "vendor_id" bigint NULL REFERENCES "accounts_profile" ("id") DEFERRABLE INITIALLY DEFERRED, "order_id" bigint NULL REFERENCES "orders_order" ("id") DEFERRABLE INITIALLY DEFERRED, "weight" decimal NOT NULL);
INSERT INTO orders_ordersupplier VALUES(219,'mail@test.com','2022-06-18 22:58:27.463098','2022-06-18 23:31:53.169090',NULL,NULL,NULL,'41.00',1,'Underway',NULL,1,2,225,1.5);
INSERT INTO orders_ordersupplier VALUES(260,'mail@test.com','2022-10-07 18:44:36.724393','2022-10-07 19:19:02.177935',NULL,NULL,NULL,'39.00',1,'Underway',NULL,1,2,266,501);
INSERT INTO orders_ordersupplier VALUES(261,NULL,'2022-10-19 20:53:33.055148','2022-10-19 21:05:54.004727',NULL,NULL,NULL,'12.00',0,'PENDING',NULL,NULL,2,267,0.5);
INSERT INTO orders_ordersupplier VALUES(262,NULL,'2022-11-28 20:22:25.553456','2022-11-28 21:21:13.579492',NULL,NULL,NULL,'15.00',0,'PENDING',NULL,NULL,2,268,0.5);
INSERT INTO orders_ordersupplier VALUES(263,NULL,'2022-11-28 20:49:51.033807','2022-11-28 20:50:34.093128',NULL,NULL,NULL,'14.00',0,'PENDING',NULL,NULL,2,269,0.5);
INSERT INTO orders_ordersupplier VALUES(264,NULL,'2022-11-28 22:15:46.505411','2022-11-28 23:01:35.461796',NULL,NULL,NULL,'12.00',1,'Underway',NULL,NULL,2,270,0.5);
INSERT INTO orders_ordersupplier VALUES(265,NULL,'2022-11-28 23:03:49.082579','2022-11-28 23:04:21.595940',NULL,NULL,NULL,'15.00',1,'Underway',NULL,NULL,2,271,0.5);
INSERT INTO orders_ordersupplier VALUES(266,NULL,'2022-11-28 23:05:42.623025','2022-11-28 23:06:53.308218',NULL,NULL,NULL,'14.00',1,'Underway',NULL,NULL,2,272,0.5);
INSERT INTO orders_ordersupplier VALUES(267,NULL,'2022-11-28 23:16:40.633715','2022-11-28 23:17:49.029684',NULL,NULL,NULL,'14.00',1,'Underway',NULL,NULL,2,273,0.5);
INSERT INTO orders_ordersupplier VALUES(268,NULL,'2022-11-29 00:31:55.515042','2022-11-29 00:39:23.680006',NULL,NULL,NULL,'14.00',1,'Underway',NULL,NULL,2,274,0.5);
INSERT INTO orders_ordersupplier VALUES(269,NULL,'2022-11-29 00:45:45.843057','2022-11-29 00:45:46.390107',NULL,NULL,NULL,'17.00',0,'PENDING',NULL,NULL,2,275,0.5);
INSERT INTO orders_ordersupplier VALUES(270,NULL,'2022-11-29 00:49:54.688927','2022-11-29 00:50:30.961313',NULL,NULL,NULL,'5.00',1,'Underway',NULL,NULL,2,276,500);
INSERT INTO orders_ordersupplier VALUES(271,NULL,'2022-11-29 01:32:10.266620','2022-11-29 01:33:19.944727',NULL,NULL,NULL,'5.00',1,'Underway',NULL,NULL,2,277,500);
INSERT INTO orders_ordersupplier VALUES(272,NULL,'2022-11-29 01:40:08.669424','2022-11-29 02:13:19.267838',NULL,NULL,NULL,'5.00',1,'Underway',NULL,NULL,2,278,500);
INSERT INTO orders_ordersupplier VALUES(273,NULL,'2022-11-29 01:41:48.365199','2022-11-29 02:12:52.434658',NULL,NULL,NULL,'14.00',1,'Underway',NULL,NULL,2,279,0.5);
INSERT INTO orders_ordersupplier VALUES(274,NULL,'2022-11-29 02:10:28.015333','2022-11-29 02:11:07.313657',NULL,NULL,NULL,'14.00',1,'Underway',NULL,NULL,2,280,0.5);
INSERT INTO orders_ordersupplier VALUES(275,NULL,'2023-10-25 19:46:10.475256','2023-10-25 20:42:05.789359',NULL,NULL,NULL,'15.00',0,'PENDING',NULL,NULL,2,281,0.5);
INSERT INTO orders_ordersupplier VALUES(276,NULL,'2023-10-25 20:20:51.093400','2023-10-25 21:24:15.084578',NULL,NULL,NULL,'5.00',0,'PENDING',NULL,NULL,2,282,500);
INSERT INTO orders_ordersupplier VALUES(277,'mail@test.com','2023-10-25 21:24:43.552038','2023-10-25 21:35:28.010234',NULL,NULL,NULL,'12.00',1,'Underway',NULL,1,2,283,0.5);
INSERT INTO orders_ordersupplier VALUES(278,'mail@test.com','2023-10-25 21:35:36.273199','2023-10-25 21:36:54.103956',NULL,NULL,NULL,'12.00',0,'PENDING',NULL,1,2,284,0.5);
CREATE TABLE IF NOT EXISTS "orders_payment" ("id" integer NOT NULL PRIMARY KEY SERIAL, "first_name" varchar(100) NOT NULL, "last_name" varchar(100) NOT NULL, "country" varchar(100) NULL, "state" varchar(100) NULL, "street_address" varchar(100) NOT NULL, "post_code" varchar(10) NOT NULL, "City" varchar(100) NOT NULL, "Email_Address" varchar(254) NOT NULL, "phone" varchar(20) NOT NULL, "payment_method" varchar(100) NOT NULL, "order_id" bigint NULL REFERENCES "orders_order" ("id") DEFERRABLE INITIALLY DEFERRED, "country_code" varchar(100) NULL);
INSERT INTO orders_payment VALUES(301,'mohamed','selem','Afghanistan','Ave','korma','11511','cairo','info@mohamedselem.com','(123) 456-7890','Cash',225,'AF');
INSERT INTO orders_payment VALUES(459,'mohamed','selem','Egypt','cairo','Rafea, Al Tahtawi, Al Tahtawi','0011736','Heliopolis','test@gmail.com','81368543367','Cash',266,'EG');
INSERT INTO orders_payment VALUES(477,'mohamed','selem','Egypt','cairo','5 Rafea Al Tahtawi','0011736','Heliopolis','mail@vwave.tv','01024682834','',269,'EG');
INSERT INTO orders_payment VALUES(516,'mohamed','selem','Egypt','cairo','5 Rafea Al Tahtawi','0011736','Heliopolis','mail@vwave.tv','01024682834','',268,'EG');
INSERT INTO orders_payment VALUES(524,'test','test','Afghanistan','test','test','877348','test','test@gmail.com','4353457676','Paypal',270,'AF');
INSERT INTO orders_payment VALUES(525,'test','test','Afghanistan','test','test','877348','test','test@gmail.com','4353457676','Paypal',271,'AF');
INSERT INTO orders_payment VALUES(526,'test','test','Afghanistan','test','test','877348','test','test@gmail.com','4353457676','Paypal',272,'AF');
INSERT INTO orders_payment VALUES(527,'test','test','Afghanistan','test','test','877348','test','test@gmail.com','4353457676','Paypal',273,'AF');
INSERT INTO orders_payment VALUES(529,'test','test','Afghanistan','test','test','877348','test','test@gmail.com','4353457676','Paypal',274,'AF');
INSERT INTO orders_payment VALUES(530,'test','test','Afghanistan','test','test','877348','test','test@gmail.com','4353457676','Paypal',276,'AF');
INSERT INTO orders_payment VALUES(531,'test','test','Afghanistan','test','test','877348','test','test@gmail.com','4353457676','Paypal',277,'AF');
INSERT INTO orders_payment VALUES(533,'test','test','Afghanistan','test','test','877348','test','test@gmail.com','4353457676','Cash',278,'AF');
INSERT INTO orders_payment VALUES(539,'test','test','Afghanistan','test','test','877348','test','test@gmail.com','4353457676','Paypal',279,'AF');
INSERT INTO orders_payment VALUES(540,'test','test','Afghanistan','test','test','877348','test','test@gmail.com','4353457676','Paypal',280,'AF');
INSERT INTO orders_payment VALUES(541,'mohamed','selem','Afghanistan','undefined Kent','korma','11511','cairo','info@mohamedselem.com','01024682834','',281,'AF');
INSERT INTO orders_payment VALUES(552,'mohamed','selem','Egypt','cairo','Rafea, Al Tahtawi','0011736','Heliopolis','mafia.shooter1996@gmail.com','01024682834','',282,'EG');
INSERT INTO orders_payment VALUES(560,'mohamed','selem','Egypt','cairo','Rafea, Al Tahtawi, Al Tahtawi','0011736','Heliopolis','mafia.shooter1996@gmail.com','01024682834','Cash',283,'EG');
INSERT INTO orders_payment VALUES(564,'mohamed','selem','Egypt','cairo','Rafea, Al Tahtawi, Al Tahtawi','0011736','Heliopolis','mafia.shooter1996@gmail.com','01024682834','',284,'EG');
CREATE TABLE IF NOT EXISTS "pages_pageslist" ("id" integer NOT NULL PRIMARY KEY SERIAL, "content" text NULL, "name" varchar(150) NOT NULL, "date" datetime NULL, "date_update" datetime NULL, "slug" varchar(50) NULL UNIQUE, "active" bool NOT NULL);
INSERT INTO pages_pageslist VALUES(1,replace(replace('<p>We are a team of enthusiastic entrepreneurs who decided to convert their common experience into this web store.<br />\r\n<br />\r\nWe hope you&rsquo;ll like it as much as we do and have a great shopping experience here.<br />\r\n<br />\r\nOur prime goal is to create a shop in which you can easily find whatever product you need.<br />\r\n<br />\r\nYou can always contact us for any return question at info@test.com</p>','\r',char(13)),'\n',char(10)),'About Us','2022-05-07 00:31:33.890766','2022-05-07 00:53:17.359635','about-us',1);
INSERT INTO pages_pageslist VALUES(2,replace(replace('<p>Terms &amp; Conditions</p>\r\n\r\n<p><strong>Limitation of Liability</strong></p>\r\n\r\n<p>Under no circumstances shall AliThemes be liable for any direct, indirect, special, incidental or consequential damages, including, but not limited to, loss of data or profit, arising out of the use, or the inability to use, the materials on this site, even if AliThemes or an authorized representative has been advised of the possibility of such damages. If your use of materials from this site results in the need for servicing, repair or correction of equipment or data, you assume any costs thereof.</p>\r\n\r\n<p><strong>Licensing Policy</strong></p>\r\n\r\n<p>AliThemes WordPress plugins and themes are released under the GNU General Public License v2 or later.</p>\r\n\r\n<p>Please refer to licensing policy page for licensing details.</p>\r\n\r\n<p><strong>Product Compatibility</strong></p>\r\n\r\n<p>The products are developed to be compatible with the latest version of WordPress because we always strive to stay up-to-date with the latest version of WordPress. You might experience certain performance or functionality glitches with the products if you use any version prior to that.</p>\r\n\r\n<p><strong>Delivery</strong></p>\r\n\r\n<p>Your purchased product(s) information will be emailed to the email address (that you will provide) once we receive your payment. Even though this usually takes a few minutes, it may also take up to 24 hours. You can contact us through our contact page if you do not receive your email after waiting for this time period. You will also have access to your purchased products from your account in AliThemes after logging in.</p>\r\n\r\n<p><strong>Ownership</strong></p>\r\n\r\n<p>All the products are the property of AliThemes. So you may not claim ownership (intellectual or exclusive) over any of our products, modified or unmodified. Our products come &lsquo;as is&rsquo;, without any kind of warranty, either expressed or implied. Under no circumstances can our juridical person be accountable for any damages including, but not limited to, direct, indirect, special, incidental or consequential damages or other losses originating from the employment of or incapacity to use our products.</p>\r\n\r\n<p><strong>Browser Compatibility</strong></p>\r\n\r\n<p>We consider it our duty to offer a great experience across most major browsers, which is why our products support the latest modern web browsers including (but not limited to) Firefox, Safari, Chrome &amp; Internet Explorer 9+. However, the performance may vary between different browsers, versions, and operating systems.</p>\r\n\r\n<p><strong>Updates</strong></p>\r\n\r\n<p>Our themes are constantly updated to be compatible with the latest stable version of WordPress. Please ensure that you always use the most current version of our themes.</p>\r\n\r\n<p><strong>Theme Support</strong></p>\r\n\r\n<p>Please refer to Help and Support Policy page for details.</p>\r\n\r\n<p><strong>Price Changes</strong></p>\r\n\r\n<p>AliThemes reserves the right to modify or suspend (temporarily or permanently) a subscription at any point of time and from time to time with or without any notice.</p>\r\n\r\n<p><strong>Refund Policy</strong></p>\r\n\r\n<p>Please refer to Refund Policy page for details.</p>\r\n\r\n<p><strong>Email</strong></p>\r\n\r\n<p>AliThemes may occasionally send you emails related to the purchase of product(s) from our company. We may also send you occasional email newsletters relating to AliThemes updates and promotions. We will never sell or release your email to any third party vendors. You may opt out of these emails at any time without penalty.</p>\r\n\r\n<p><strong>License Agreement</strong></p>\r\n\r\n<p>By purchasing our product(s), you indicate and consent that you have read and agree to the Terms &amp; Conditions listed and detailed on this page. We reserve the right to change or modify the current Terms and Conditions without prior notice or consent.</p>\r\n\r\n<p><strong>Severability</strong></p>\r\n\r\n<p>If any part of this agreement is declared unenforceable or invalid, all remaining clauses in this agreement shall remain binding on the customer.</p>\r\n\r\n<p><strong>- AliThemes -</strong></p>','\r',char(13)),'\n',char(10)),'Terms Of Service','2022-05-07 00:55:36.141338','2022-05-07 00:55:36.141338','terms-of-service',1);
INSERT INTO pages_pageslist VALUES(3,replace(replace('<p>We make our themes with extreme care and launch them only after thorough-repeated testing, so we strongly believe that our products will work without any issue. If you find any issue, we are available to help you solve the issue resulting from any number of reasons.</p>\r\n\r\n<p>In the case the theme(s) you purchased didn&rsquo;t work properly as advertised and we couldn&rsquo;t resolve the issue, we, AliThemes, will offer a full refund within 15 days of the purchase. However, since the themes are digitally delivered and are non-tangible goods, we can offer refund full or partial only if the item(s) you purchased is broken, not working properly, or truly missing features as advertised on the sales page of the item(s) you purchased.</p>\r\n\r\n<p>Issues caused by third-party plugins, themes, or other software will not provide grounds for a refund.</p>\r\n\r\n<p>Refunds will be offered at our sole discretion.</p>\r\n\r\n<p>If the refund is for theme renewal and you are within first 30 days of the renewal, then please get in touch with our support team and our support team will issue the refund.</p>\r\n\r\n<p>Conditions for a refund for new purchase (not renewal)</p>\r\n\r\n<p>You must meet ALL of the following conditions:</p>\r\n\r\n<ul>\r\n	<li>You are within the first 15 days of the purchase of the item.</li>\r\n	<li>Your issue(s) comes from not being able to install the theme properly or get the theme to perform its basic functions.</li>\r\n	<li>You have attempted to resolve your issue(s) with our support team.</li>\r\n	<li>No refunds will be granted after the first 15 days of the original purchase whatsoever.</li>\r\n	<li>Issues caused by third party plugins, themes or other software will not provide grounds for a refund.</li>\r\n	<li>Issues related to Demo Import will not provide grounds for a refund because Demo Import depends on the hosting service.</li>\r\n</ul>\r\n\r\n<p>Refund will not be given for Theme Club purchase. If you&rsquo;re not sure whether a product is right for you, please contact us with your questions before making a purchase. We will be happy to assist you.</p>\r\n\r\n<p>Due to the nature of digital goods, we recognize that this policy can be abused, and reserve the right to refuse refunds if we determine the refund policy is being taken advantage of.</p>\r\n\r\n<p>By purchasing a theme(s) and/or a plugin(s) from our website, you agree to this refund policy and relinquish any rights to subject it to any questions, judgment, or legal actions.</p>\r\n\r\n<p><strong>- AliThemes -</strong></p>','\r',char(13)),'\n',char(10)),'Refund Policy','2022-05-07 00:56:16.148793','2022-05-07 01:23:21.338204','refund-policy',1);
CREATE TABLE IF NOT EXISTS "payments_vendorpayments" ("id" integer NOT NULL PRIMARY KEY SERIAL, "request_amount" real NULL, "description" text NULL, "status" varchar(13) NOT NULL, "date" datetime NULL, "date_update" datetime NULL, "vendor_profile_id" integer NULL REFERENCES "auth_user" ("id") DEFERRABLE INITIALLY DEFERRED, "fee" real NULL, "method" varchar(15) NOT NULL, "comment" text NULL);
CREATE TABLE IF NOT EXISTS "products_productimage" ("id" integer NOT NULL PRIMARY KEY SERIAL, "PRDIImage" varchar(500) NOT NULL, "PRDIProduct_id" bigint NOT NULL REFERENCES "products_product" ("id") DEFERRABLE INITIALLY DEFERRED);
CREATE TABLE IF NOT EXISTS "products_productrating" ("id" integer NOT NULL PRIMARY KEY SERIAL, "rate" integer unsigned NULL CHECK ("rate" >= 0), "client_comment" varchar(100) NULL, "active" bool NOT NULL, "rating_date" datetime NULL, "rating_update" datetime NULL, "PRDIProduct_id" bigint NULL REFERENCES "products_product" ("id") DEFERRABLE INITIALLY DEFERRED, "client_name_id" bigint NULL REFERENCES "accounts_profile" ("id") DEFERRABLE INITIALLY DEFERRED, "vendor_id" bigint NULL REFERENCES "accounts_profile" ("id") DEFERRABLE INITIALLY DEFERRED);
INSERT INTO products_productrating VALUES(26,4,'5',1,'2022-05-05 03:22:30.228751','2022-05-05 03:22:39.987753',11,2,2);
INSERT INTO products_productrating VALUES(29,3,'good',1,'2022-05-07 21:56:39.743038','2022-05-07 21:56:39.743038',17,2,2);
INSERT INTO products_productrating VALUES(30,1,'hhh',1,'2022-05-12 01:57:24.586657','2022-05-12 01:57:24.586657',14,2,2);
CREATE TABLE IF NOT EXISTS "reports_postreport" ("id" integer NOT NULL PRIMARY KEY SERIAL, "impressions" integer NULL, "created" date NULL, "date" datetime NULL, "date_update" datetime NULL, "post_id" bigint NULL REFERENCES "blog_post" ("id") DEFERRABLE INITIALLY DEFERRED, "publisher_id" integer NULL REFERENCES "auth_user" ("id") DEFERRABLE INITIALLY DEFERRED);
CREATE TABLE IF NOT EXISTS "reports_postview" ("id" integer NOT NULL PRIMARY KEY SERIAL, "ip" varchar(50) NULL, "session" varchar(200) NULL, "referral" varchar(500) NULL, "user_agent" varchar(500) NULL, "user_agent_browser" varchar(500) NULL, "user_agent_os" varchar(500) NULL, "user_agent_device" varchar(500) NULL, "is_mobile" bool NULL, "is_tablet" bool NULL, "is_touch_capable" bool NULL, "is_pc" bool NULL, "is_bot" bool NULL, "created" date NULL, "date" datetime NULL, "date_update" datetime NULL, "post_id" bigint NULL REFERENCES "blog_post" ("id") DEFERRABLE INITIALLY DEFERRED);
INSERT INTO reports_postview VALUES(3,'127.0.0.1','xnjqjv1orak567oyfzj7c0kujlx37gu3','http://127.0.0.1:8000/blog/?page=1','Mozilla/5.0 (Windows NT 10.0; Win64; x64) AppleWebKit/537.36 (KHTML, like Gecko) Chrome/100.0.4896.127 Safari/537.36','Browser(family=''Chrome'', version=(100, 0, 4896), version_string=''100.0.4896'')','OperatingSystem(family=''Windows'', version=(10,), version_string=''10'')','Device(family=''Other'', brand=None, model=None)',0,0,0,1,0,'2022-05-05','2022-05-05 19:58:23.764285','2022-05-05 19:58:23.764285',1);
INSERT INTO reports_postview VALUES(4,'197.41.131.134',NULL,'https://c321-197-41-142-45.eu.ngrok.io/blog/','Mozilla/5.0 (Windows NT 10.0; Win64; x64) AppleWebKit/537.36 (KHTML, like Gecko) Chrome/101.0.4951.54 Safari/537.36','Browser(family=''Chrome'', version=(101, 0, 4951), version_string=''101.0.4951'')','OperatingSystem(family=''Windows'', version=(10,), version_string=''10'')','Device(family=''Other'', brand=None, model=None)',0,0,0,1,0,'2022-05-07','2022-05-07 05:48:08.124595','2022-05-07 05:48:08.124595',1);
INSERT INTO reports_postview VALUES(6,'172.70.11.21',NULL,NULL,'Cloudflare-SSLDetector','Browser(family=''Other'', version=(), version_string='''')','OperatingSystem(family=''Other'', version=(), version_string='''')','Device(family=''Other'', brand=None, model=None)',0,0,0,0,0,'2022-05-13','2022-05-13 20:46:47.403676','2022-05-13 20:46:47.403713',1);
INSERT INTO reports_postview VALUES(8,'2606:4700:1101:0:5352:f781:23a3:6441',NULL,NULL,'Cloudflare-SSLDetector','Browser(family=''Other'', version=(), version_string='''')','OperatingSystem(family=''Other'', version=(), version_string='''')','Device(family=''Other'', brand=None, model=None)',0,0,0,0,0,'2022-05-13','2022-05-13 20:47:03.688887','2022-05-13 20:47:03.689016',1);
CREATE TABLE IF NOT EXISTS "settings_contactinfo" ("id" integer NOT NULL PRIMARY KEY SERIAL, "description" varchar(150) NOT NULL, "full_address" varchar(500) NOT NULL, "phone" varchar(50) NOT NULL, "email" varchar(254) NOT NULL, "contact_date" datetime NOT NULL, "Work_time" varchar(150) NOT NULL, "active" bool NOT NULL, "map_link" varchar(200) NULL, "date" datetime NULL, "date_update" datetime NULL);
INSERT INTO settings_contactinfo VALUES(1,'Office','205 North Michigan Avenue, Suite 810 Chicago, 60601, USA','(123) 456-7890','contact@Evara.com','2022-05-06 01:00:14.439147','10:00 - 18:00, Mon - Sat',1,'https://www.google.com/maps/dir//New+York+USA/@40.7127753,-74.0059728,13z/data=!4m5!4m4!1m0!1m2!1m1!1s0x89c24fa5d33f083b:0xc80b8f06e177fe62','2022-05-07 01:51:31.682175','2022-05-07 01:51:31.689158');
INSERT INTO settings_contactinfo VALUES(2,'Studio','205 North Michigan Avenue, Suite 810 Chicago, 60601, USA','(123) 456-7890','contact@Evara.com','2022-05-06 01:01:00.947098','10:00 - 18:00, Mon - Sat',1,'https://www.google.com/maps/dir//New+York+USA/@40.7127753,-74.0059728,13z/data=!4m5!4m4!1m0!1m2!1m1!1s0x89c24fa5d33f083b:0xc80b8f06e177fe62','2022-05-07 01:51:31.682175','2022-05-07 01:51:31.689158');
INSERT INTO settings_contactinfo VALUES(3,'Shop','205 North Michigan Avenue, Suite 810 Chicago, 60601, USA','(123) 456-7890','contact@Evara.com','2022-05-06 01:01:51.491791','10:00 - 18:00, Mon - Sat',1,'https://www.google.com/maps/dir//New+York+USA/@40.7127753,-74.0059728,13z/data=!4m5!4m4!1m0!1m2!1m1!1s0x89c24fa5d33f083b:0xc80b8f06e177fe62','2022-05-07 01:51:31.682175','2022-05-07 01:51:31.689158');
CREATE TABLE IF NOT EXISTS "settings_homepagetheme" ("id" integer NOT NULL PRIMARY KEY SERIAL, "page_name" varchar(150) NOT NULL, "active" bool NOT NULL, "date" datetime NULL, "date_update" datetime NULL);
INSERT INTO settings_homepagetheme VALUES(1,'index-1',0,'2022-08-01 20:10:43.881231','2022-08-07 20:06:40.366014');
INSERT INTO settings_homepagetheme VALUES(2,'index-2',0,'2022-08-01 20:12:32.487571','2022-08-01 21:06:00.974165');
INSERT INTO settings_homepagetheme VALUES(3,'index-3',0,'2022-08-01 20:12:40.992500','2022-08-01 21:06:18.407289');
INSERT INTO settings_homepagetheme VALUES(4,'index-4',0,'2022-08-01 20:54:16.956497','2022-08-02 03:35:46.385656');
INSERT INTO settings_homepagetheme VALUES(5,'random',1,'2022-08-07 20:06:38.088813','2022-08-07 20:06:38.088813');
CREATE TABLE IF NOT EXISTS "settings_sitesetting" ("id" integer NOT NULL PRIMARY KEY SERIAL, "site_name" varchar(150) NOT NULL, "site_title" varchar(500) NOT NULL, "description" text NOT NULL, "site_logo" varchar(1000) NULL, "favicon" varchar(1000) NULL, "login_image" varchar(1000) NULL, "date" datetime NULL, "date_update" datetime NULL, "site_url" varchar(200) NULL, "footer_image" varchar(1000) NULL, "shipping" real NULL);
INSERT INTO settings_sitesetting VALUES(3,'Nest','Nest - Multipurpose eCommerce HTML Template','We specialise in design and improve product and se','site_logo/imgs/logo_VKBBW51_1.png','site_logo/imgs/favicon_p4HhDzm_1.png','site_logo/imgs/login-1.png','2022-05-28 11:09:07.182136','2022-06-18 16:33:55.659450','https://nest.apexcode.info/','site_logo/imgs/banner-13_1.png',5.0);
CREATE TABLE IF NOT EXISTS "settings_socaillinks" ("id" integer NOT NULL PRIMARY KEY SERIAL, "facebook" varchar(200) NULL, "twitter" varchar(200) NULL, "youtube" varchar(200) NULL, "pinterest" varchar(200) NULL, "instagram" varchar(200) NULL, "date_created" datetime NULL, "date_update" datetime NULL);
INSERT INTO settings_socaillinks VALUES(1,'https://www.facebook.com/','https://twitter.com/','https://www.youtube.com/','https://www.pinterest.com/','https://www.instagram.com/','2022-05-06 00:17:47.711771','2022-05-06 00:40:34.199896');
CREATE TABLE IF NOT EXISTS "settings_supportnumber" ("id" integer NOT NULL PRIMARY KEY SERIAL, "number" varchar(150) NOT NULL, "Work_time" varchar(150) NOT NULL, "date" datetime NULL, "date_update" datetime NULL);
INSERT INTO settings_supportnumber VALUES(1,'1900 - 8888','24/7 Support Center','2022-05-07 01:56:02.827633','2022-05-07 01:56:02.827633');
INSERT INTO settings_supportnumber VALUES(2,'1900 - 6666','Working 8:00 - 22:00','2022-05-07 01:56:22.422566','2022-05-07 01:56:22.423619');
CREATE TABLE IF NOT EXISTS "products_product" ("id" integer NOT NULL PRIMARY KEY SERIAL, "product_name" varchar(150) NOT NULL, "product_description" text NOT NULL, "product_maincategory_id" bigint NULL REFERENCES "categories_maincategory" ("id") DEFERRABLE INITIALLY DEFERRED, "product_minicategor_id" bigint NULL REFERENCES "categories_minicategory" ("id") DEFERRABLE INITIALLY DEFERRED, "product_subcategory_id" bigint NULL REFERENCES "categories_subcategory" ("id") DEFERRABLE INITIALLY DEFERRED, "product_supercategory_id" bigint NULL REFERENCES "categories_supercategory" ("id") DEFERRABLE INITIALLY DEFERRED, "PRDSlug" varchar(150) NULL UNIQUE, "product_image" varchar(500) NOT NULL, "PRDDiscountPrice" real NULL, "PRDISSale" bool NOT NULL, "PRDPrice" real NULL, "PRDSKU" varchar(100) NULL, "PRDWeight" decimal NULL, "available" integer unsigned NULL CHECK ("available" >= 0), "date" datetime NULL, "date_update" datetime NULL, "pieces" integer unsigned NULL CHECK ("pieces" >= 0), "PRDtags" varchar(100) NULL, "content" text NULL, "product_vendor_id" bigint NULL REFERENCES "accounts_profile" ("id") DEFERRABLE INITIALLY DEFERRED, "promotional" varchar(13) NULL, "height" real NULL, "width" real NULL, "PRDISactive" bool NULL, "PRDISDeleted" bool NOT NULL, "additional_image_1" varchar(500) NULL, "additional_image_2" varchar(500) NULL, "additional_image_3" varchar(500) NULL, "additional_image_4" varchar(500) NULL, "feedbak_average" integer unsigned NULL CHECK ("feedbak_average" >= 0), "feedbak_number" integer unsigned NULL CHECK ("feedbak_number" >= 0), "digital_file" varchar(100) NULL);
INSERT INTO products_product VALUES(9,'Seeds of Change Organic Quinoa, Brown, & Red Rice','<p>Lorem ipsum dolor, sit amet consectetur adipisicing elit. Aliquam rem officia, corrupti reiciendis minima nisi modi, quasi, odio minus dolore impedit fuga eum eligendi.</p>',8,7,7,23,'seeds-of-change-organic-quinoa-brown-red-rice','products/imgs/product-2-2_eiKYUgz.jpg',15.0,1,12.0,'None',0.5,96,'2022-02-17 07:15:58.203526','2022-07-20 21:16:31.433115',4,'Snack',replace(replace('<p>Uninhibited carnally hired played in whimpered dear gorilla koala depending and much yikes off far quetzal goodness and from for grimaced goodness unaccountably and meadowlark near unblushingly crucial scallop tightly neurotic hungrily some and dear furiously this apart.</p>\r\n\r\n<p>Spluttered narrowly yikes left moth in yikes bowed this that grizzly much hello on spoon-fed that alas rethought much decently richly and wow against the frequent fluidly at formidable acceptably flapped besides and much circa far over the bucolically hey precarious goldfinch mastodon goodness gnashed a jellyfish and one however because.</p>\r\n\r\n<ul>\r\n	<li>Type Of PackingBottle</li>\r\n	<li>ColorGreen, Pink, Powder Blue, Purple</li>\r\n	<li>Quantity Per Case100ml</li>\r\n	<li>Ethyl Alcohol70%</li>\r\n	<li>Piece In OneCarton</li>\r\n</ul>\r\n\r\n<p>Laconic overheard dear woodchuck wow this outrageously taut beaver hey hello far meadowlark imitatively egregiously hugged that yikes minimally unanimous pouted flirtatiously as beaver beheld above forward energetic across this jeepers beneficently cockily less a the raucously that magic upheld far so the this where crud then below after jeez enchanting drunkenly more much wow callously irrespective limpet.</p>\r\n\r\n<p>Packaging &amp; Delivery</p>\r\n\r\n<p>Less lion goodness that euphemistically robin expeditiously bluebird smugly scratched far while thus cackled sheepishly rigid after due one assenting regarding censorious while occasional or this more crane went more as this less much amid overhung anathematic because much held one exuberantly sheep goodness so where rat wry well concomitantly.</p>\r\n\r\n<p>Scallop or far crud plain remarkably far by thus far iguana lewd precociously and and less rattlesnake contrary caustic wow this near alas and next and pled the yikes articulate about as less cackled dalmatian in much less well jeering for the thanks blindly sentimental whimpered less across objectively fanciful grimaced wildly some wow and rose jeepers outgrew lugubrious luridly irrationally attractively dachshund.</p>\r\n\r\n<p>Suggested Use</p>\r\n\r\n<ul>\r\n	<li>Refrigeration not necessary.</li>\r\n	<li>Stir before serving</li>\r\n</ul>\r\n\r\n<p>Other Ingredients</p>\r\n\r\n<ul>\r\n	<li>Organic raw pecans, organic raw cashews.</li>\r\n	<li>This butter was produced using a LTG (Low Temperature Grinding) process</li>\r\n	<li>Made in machinery that processes tree nuts but does not process peanuts, gluten, dairy or soy</li>\r\n</ul>\r\n\r\n<p>Warnings</p>\r\n\r\n<ul>\r\n	<li>Oil separation occurs naturally. May contain pieces of shell.</li>\r\n</ul>','\r',char(13)),'\n',char(10)),2,'Hot',32.0,34.0,1,0,'','','','',0,0,NULL);
INSERT INTO products_product VALUES(10,'All Natural Italian-Style Chicken Meatballs','<p>Lorem ipsum dolor, sit amet consectetur adipisicing elit. Aliquam rem officia, corrupti reiciendis minima nisi modi, quasi, odio minus dolore impedit fuga eum eligendi..</p>',8,7,7,23,'seeds-of-change-organic-quinoa-brown-red-rice-myixb','products/imgs/product-2-2_v6VnN5j.jpg',32.0,0,12.0,'None',0.5,97,'2022-02-17 07:19:26.860777','2022-11-28 23:01:35.338223',5,'Hodo Foods',replace(replace('<p>Uninhibited carnally hired played in whimpered dear gorilla koala depending and much yikes off far quetzal goodness and from for grimaced goodness unaccountably and meadowlark near unblushingly crucial scallop tightly neurotic hungrily some and dear furiously this apart.</p>\r\n\r\n<p>Spluttered narrowly yikes left moth in yikes bowed this that grizzly much hello on spoon-fed that alas rethought much decently richly and wow against the frequent fluidly at formidable acceptably flapped besides and much circa far over the bucolically hey precarious goldfinch mastodon goodness gnashed a jellyfish and one however because.</p>\r\n\r\n<ul>\r\n	<li>Type Of PackingBottle</li>\r\n	<li>ColorGreen, Pink, Powder Blue, Purple</li>\r\n	<li>Quantity Per Case100ml</li>\r\n	<li>Ethyl Alcohol70%</li>\r\n	<li>Piece In OneCarton</li>\r\n</ul>\r\n\r\n<p>Laconic overheard dear woodchuck wow this outrageously taut beaver hey hello far meadowlark imitatively egregiously hugged that yikes minimally unanimous pouted flirtatiously as beaver beheld above forward energetic across this jeepers beneficently cockily less a the raucously that magic upheld far so the this where crud then below after jeez enchanting drunkenly more much wow callously irrespective limpet.</p>\r\n\r\n<p>Packaging &amp; Delivery</p>\r\n\r\n<p>Less lion goodness that euphemistically robin expeditiously bluebird smugly scratched far while thus cackled sheepishly rigid after due one assenting regarding censorious while occasional or this more crane went more as this less much amid overhung anathematic because much held one exuberantly sheep goodness so where rat wry well concomitantly.</p>\r\n\r\n<p>Scallop or far crud plain remarkably far by thus far iguana lewd precociously and and less rattlesnake contrary caustic wow this near alas and next and pled the yikes articulate about as less cackled dalmatian in much less well jeering for the thanks blindly sentimental whimpered less across objectively fanciful grimaced wildly some wow and rose jeepers outgrew lugubrious luridly irrationally attractively dachshund.</p>\r\n\r\n<p>Suggested Use</p>\r\n\r\n<ul>\r\n	<li>Refrigeration not necessary.</li>\r\n	<li>Stir before serving</li>\r\n</ul>\r\n\r\n<p>Other Ingredients</p>\r\n\r\n<ul>\r\n	<li>Organic raw pecans, organic raw cashews.</li>\r\n	<li>This butter was produced using a LTG (Low Temperature Grinding) process</li>\r\n	<li>Made in machinery that processes tree nuts but does not process peanuts, gluten, dairy or soy</li>\r\n</ul>\r\n\r\n<p>Warnings</p>\r\n\r\n<ul>\r\n	<li>Oil separation occurs naturally. May contain pieces of shell.</li>\r\n</ul>','\r',char(13)),'\n',char(10)),2,'New',32.0,34.0,1,0,'','','','',80,1,'');
INSERT INTO products_product VALUES(11,'Angie’s Boomchickapop Sweet & Salty Kettle Corn','<p>Lorem ipsum dolor, sit amet consectetur adipisicing elit. Aliquam rem officia, corrupti reiciendis minima nisi modi, quasi, odio minus dolore impedit fuga eum eligendi..</p>',8,7,7,23,'angies-boomchickapop-sweet-salty-kettle-corn','products/imgs/product-2-2_UArbeff.jpg',16.0,0,15.0,'None',0.5,97,'2022-02-17 07:20:22.514604','2022-11-28 23:04:21.487272',4,'None',replace(replace('<p>Uninhibited carnally hired played in whimpered dear gorilla koala depending and much yikes off far quetzal goodness and from for grimaced goodness unaccountably and meadowlark near unblushingly crucial scallop tightly neurotic hungrily some and dear furiously this apart.</p>\r\n\r\n<p>Spluttered narrowly yikes left moth in yikes bowed this that grizzly much hello on spoon-fed that alas rethought much decently richly and wow against the frequent fluidly at formidable acceptably flapped besides and much circa far over the bucolically hey precarious goldfinch mastodon goodness gnashed a jellyfish and one however because.</p>\r\n\r\n<ul>\r\n	<li>Type Of PackingBottle</li>\r\n	<li>ColorGreen, Pink, Powder Blue, Purple</li>\r\n	<li>Quantity Per Case100ml</li>\r\n	<li>Ethyl Alcohol70%</li>\r\n	<li>Piece In OneCarton</li>\r\n</ul>\r\n\r\n<p>Laconic overheard dear woodchuck wow this outrageously taut beaver hey hello far meadowlark imitatively egregiously hugged that yikes minimally unanimous pouted flirtatiously as beaver beheld above forward energetic across this jeepers beneficently cockily less a the raucously that magic upheld far so the this where crud then below after jeez enchanting drunkenly more much wow callously irrespective limpet.</p>\r\n\r\n<p>Packaging &amp; Delivery</p>\r\n\r\n<p>Less lion goodness that euphemistically robin expeditiously bluebird smugly scratched far while thus cackled sheepishly rigid after due one assenting regarding censorious while occasional or this more crane went more as this less much amid overhung anathematic because much held one exuberantly sheep goodness so where rat wry well concomitantly.</p>\r\n\r\n<p>Scallop or far crud plain remarkably far by thus far iguana lewd precociously and and less rattlesnake contrary caustic wow this near alas and next and pled the yikes articulate about as less cackled dalmatian in much less well jeering for the thanks blindly sentimental whimpered less across objectively fanciful grimaced wildly some wow and rose jeepers outgrew lugubrious luridly irrationally attractively dachshund.</p>\r\n\r\n<p>Suggested Use</p>\r\n\r\n<ul>\r\n	<li>Refrigeration not necessary.</li>\r\n	<li>Stir before serving</li>\r\n</ul>\r\n\r\n<p>Other Ingredients</p>\r\n\r\n<ul>\r\n	<li>Organic raw pecans, organic raw cashews.</li>\r\n	<li>This butter was produced using a LTG (Low Temperature Grinding) process</li>\r\n	<li>Made in machinery that processes tree nuts but does not process peanuts, gluten, dairy or soy</li>\r\n</ul>\r\n\r\n<p>Warnings</p>\r\n\r\n<ul>\r\n	<li>Oil separation occurs naturally. May contain pieces of shell.</li>\r\n</ul>','\r',char(13)),'\n',char(10)),2,'Hot',32.0,34.0,1,0,'','','','',50,2,'');
INSERT INTO products_product VALUES(12,'Foster Farms Takeout Crispy Classic Buffalo Wings','<p>Lorem ipsum dolor, sit amet consectetur adipisicing elit. Aliquam rem officia, corrupti reiciendis minima nisi modi, quasi, odio minus dolore impedit fuga eum eligendi..</p>',8,8,7,23,'foster-farms-takeout-crispy-classic-buffalo-wings','products/imgs/product-2-2_8bh9sIN.jpg',17.0,0,13.999999999999999999,'None',0.5,96,'2022-02-17 07:21:28.246557','2022-06-24 17:49:54.457967',5,'None',replace(replace('<p>Uninhibited carnally hired played in whimpered dear gorilla koala depending and much yikes off far quetzal goodness and from for grimaced goodness unaccountably and meadowlark near unblushingly crucial scallop tightly neurotic hungrily some and dear furiously this apart.</p>\r\n\r\n<p>Spluttered narrowly yikes left moth in yikes bowed this that grizzly much hello on spoon-fed that alas rethought much decently richly and wow against the frequent fluidly at formidable acceptably flapped besides and much circa far over the bucolically hey precarious goldfinch mastodon goodness gnashed a jellyfish and one however because.</p>\r\n\r\n<ul>\r\n	<li>Type Of PackingBottle</li>\r\n	<li>ColorGreen, Pink, Powder Blue, Purple</li>\r\n	<li>Quantity Per Case100ml</li>\r\n	<li>Ethyl Alcohol70%</li>\r\n	<li>Piece In OneCarton</li>\r\n</ul>\r\n\r\n<p>Laconic overheard dear woodchuck wow this outrageously taut beaver hey hello far meadowlark imitatively egregiously hugged that yikes minimally unanimous pouted flirtatiously as beaver beheld above forward energetic across this jeepers beneficently cockily less a the raucously that magic upheld far so the this where crud then below after jeez enchanting drunkenly more much wow callously irrespective limpet.</p>\r\n\r\n<p>Packaging &amp; Delivery</p>\r\n\r\n<p>Less lion goodness that euphemistically robin expeditiously bluebird smugly scratched far while thus cackled sheepishly rigid after due one assenting regarding censorious while occasional or this more crane went more as this less much amid overhung anathematic because much held one exuberantly sheep goodness so where rat wry well concomitantly.</p>\r\n\r\n<p>Scallop or far crud plain remarkably far by thus far iguana lewd precociously and and less rattlesnake contrary caustic wow this near alas and next and pled the yikes articulate about as less cackled dalmatian in much less well jeering for the thanks blindly sentimental whimpered less across objectively fanciful grimaced wildly some wow and rose jeepers outgrew lugubrious luridly irrationally attractively dachshund.</p>\r\n\r\n<p>Suggested Use</p>\r\n\r\n<ul>\r\n	<li>Refrigeration not necessary.</li>\r\n	<li>Stir before serving</li>\r\n</ul>\r\n\r\n<p>Other Ingredients</p>\r\n\r\n<ul>\r\n	<li>Organic raw pecans, organic raw cashews.</li>\r\n	<li>This butter was produced using a LTG (Low Temperature Grinding) process</li>\r\n	<li>Made in machinery that processes tree nuts but does not process peanuts, gluten, dairy or soy</li>\r\n</ul>\r\n\r\n<p>Warnings</p>\r\n\r\n<ul>\r\n	<li>Oil separation occurs naturally. May contain pieces of shell.</li>\r\n</ul>','\r',char(13)),'\n',char(10)),2,'New',32.0,34.0,1,0,'','','','',67,3,NULL);
INSERT INTO products_product VALUES(13,'Blue Diamond Almonds Lightly Salted Vegetables','<p>Lorem ipsum dolor, sit amet consectetur adipisicing elit. Aliquam rem officia, corrupti reiciendis minima nisi modi, quasi, odio minus dolore impedit fuga eum eligendi..</p>',8,7,7,23,'blue-diamond-almonds-lightly-salted-vegetables','products/imgs/product-2-2_Ax7bFy7.jpg',17.999999999999999999,0,13.999999999999999999,'None',0.5,93,'2022-02-17 07:22:21.555559','2022-11-29 02:11:07.167836',5,'None',replace(replace('<p>Uninhibited carnally hired played in whimpered dear gorilla koala depending and much yikes off far quetzal goodness and from for grimaced goodness unaccountably and meadowlark near unblushingly crucial scallop tightly neurotic hungrily some and dear furiously this apart.</p>\r\n\r\n<p>Spluttered narrowly yikes left moth in yikes bowed this that grizzly much hello on spoon-fed that alas rethought much decently richly and wow against the frequent fluidly at formidable acceptably flapped besides and much circa far over the bucolically hey precarious goldfinch mastodon goodness gnashed a jellyfish and one however because.</p>\r\n\r\n<ul>\r\n	<li>Type Of PackingBottle</li>\r\n	<li>ColorGreen, Pink, Powder Blue, Purple</li>\r\n	<li>Quantity Per Case100ml</li>\r\n	<li>Ethyl Alcohol70%</li>\r\n	<li>Piece In OneCarton</li>\r\n</ul>\r\n\r\n<p>Laconic overheard dear woodchuck wow this outrageously taut beaver hey hello far meadowlark imitatively egregiously hugged that yikes minimally unanimous pouted flirtatiously as beaver beheld above forward energetic across this jeepers beneficently cockily less a the raucously that magic upheld far so the this where crud then below after jeez enchanting drunkenly more much wow callously irrespective limpet.</p>\r\n\r\n<p>Packaging &amp; Delivery</p>\r\n\r\n<p>Less lion goodness that euphemistically robin expeditiously bluebird smugly scratched far while thus cackled sheepishly rigid after due one assenting regarding censorious while occasional or this more crane went more as this less much amid overhung anathematic because much held one exuberantly sheep goodness so where rat wry well concomitantly.</p>\r\n\r\n<p>Scallop or far crud plain remarkably far by thus far iguana lewd precociously and and less rattlesnake contrary caustic wow this near alas and next and pled the yikes articulate about as less cackled dalmatian in much less well jeering for the thanks blindly sentimental whimpered less across objectively fanciful grimaced wildly some wow and rose jeepers outgrew lugubrious luridly irrationally attractively dachshund.</p>\r\n\r\n<p>Suggested Use</p>\r\n\r\n<ul>\r\n	<li>Refrigeration not necessary.</li>\r\n	<li>Stir before serving</li>\r\n</ul>\r\n\r\n<p>Other Ingredients</p>\r\n\r\n<ul>\r\n	<li>Organic raw pecans, organic raw cashews.</li>\r\n	<li>This butter was produced using a LTG (Low Temperature Grinding) process</li>\r\n	<li>Made in machinery that processes tree nuts but does not process peanuts, gluten, dairy or soy</li>\r\n</ul>\r\n\r\n<p>Warnings</p>\r\n\r\n<ul>\r\n	<li>Oil separation occurs naturally. May contain pieces of shell.</li>\r\n</ul>','\r',char(13)),'\n',char(10)),2,'New',32.0,34.0,1,0,'','','','',40,2,'');
INSERT INTO products_product VALUES(14,'Chobani Complete Vanilla Greek Yogurt','<p>Lorem ipsum dolor, sit amet consectetur adipisicing elit. Aliquam rem officia, corrupti reiciendis minima nisi modi, quasi, odio minus dolore impedit fuga eum eligendi</p>',8,7,7,23,'chobani-complete-vanilla-greek-yogurt','products/imgs/product-2-2_j1UwK18.jpg',0.0,0,13.999999999999999999,'None',0.5,98,'2022-02-17 07:23:35.263141','2022-11-28 23:17:48.909806',4,'None','<p>Lorem ipsum dolor, sit amet consectetur adipisicing elit. Aliquam rem officia, corrupti reiciendis minima nisi modi, quasi, odio minus dolore impedit fuga eum eligendi</p>',2,'New',32.0,34.0,1,0,'','','','',60,2,'');
INSERT INTO products_product VALUES(15,'Canada Dry Ginger Ale – 2 L Bottle - 200ml - 400g','<p>Lorem ipsum dolor, sit amet consectetur adipisicing elit. Aliquam rem officia, corrupti reiciendis minima nisi modi, quasi, odio minus dolore impedit fuga eum eligendi</p>',8,7,7,23,'canada-dry-ginger-ale-2-l-bottle-200ml-400g','products/imgs/product-2-2_V31JgQI.jpg',19.0,0,15.0,'None',0.5,97,'2022-02-18 00:44:39.777338','2022-07-20 21:08:46.303773',6,'None','<p>Lorem ipsum dolor, sit amet consectetur adipisicing elit. Aliquam rem officia, corrupti reiciendis minima nisi modi, quasi, odio minus dolore impedit fuga eum eligendi</p>',2,'Hot',32.0,34.0,1,0,'','','','',80,1,NULL);
INSERT INTO products_product VALUES(16,'Encore Seafoods Stuffed Alaskan Salmon','<p>Lorem ipsum dolor, sit amet consectetur adipisicing elit. Aliquam rem officia, corrupti reiciendis minima nisi modi, quasi, odio minus dolore impedit fuga eum eligendi</p>',8,7,7,23,'encore-seafoods-stuffed-alaskan-salmon','products/imgs/product-2-2_P0GsnPi.jpg',19.0,0,17.0,'None',0.5,95,'2022-02-18 00:45:37.078362','2022-06-24 17:33:12.411522',4,'None','<p>Lorem ipsum dolor, sit amet consectetur adipisicing elit. Aliquam rem officia, corrupti reiciendis minima nisi modi, quasi, odio minus dolore impedit fuga eum eligendi</p>',2,'New',32.0,34.0,1,0,'','','','',50,2,NULL);
INSERT INTO products_product VALUES(17,'Gorton’s Beer Battered Fish Fillets with soft paper','<p>Lorem ipsum dolor, sit amet consectetur adipisicing elit. Aliquam rem officia, corrupti reiciendis minima nisi modi, quasi, odio minus dolore impedit fuga eum eligendi</p>',8,7,7,23,'gortons-beer-battered-fish-fillets-with-soft-paper','products/imgs/product-2-2_sStzwTU.jpg',19.0,0,16.0,'None',0.5,0,'2022-02-18 00:46:32.051148','2022-10-07 17:16:38.348954',4,'None','<p>Lorem ipsum dolor, sit amet consectetur adipisicing elit. Aliquam rem officia, corrupti reiciendis minima nisi modi, quasi, odio minus dolore impedit fuga eum eligendi</p>',2,'Hot',32.0,34.0,1,0,'products/imgs/product_imgs/product-2-2_E8Wb73v.jpg','','','',60,1,'');
INSERT INTO products_product VALUES(93,'Haagen-Dazs Caramel Cone','<p>Lorem ipsum dolor, sit amet consectetur adipisicing elit. Aliquam rem officia, corrupti reiciendis minima nisi modi, quasi, odio minus dolore impedit fuga eum eligendi</p>',8,7,7,23,'test','products/imgs/product-2-2_b2BXUm3.jpg',5.0,0,5.0,'None',500,3,'2022-10-07 16:57:11.099196','2022-11-29 01:33:19.835901',5,'None','<p>5</p>',2,'New',279.99999999999999999,335.99999999999999999,1,0,'','','','',0,0,'products/files/XX.zip');
CREATE TABLE IF NOT EXISTS "products_productsize" ("id" integer NOT NULL PRIMARY KEY SERIAL, "name_variation" varchar(100) NULL, "date" datetime NULL, "update" datetime NULL, "PRDIProduct_id" bigint NULL REFERENCES "products_product" ("id") DEFERRABLE INITIALLY DEFERRED);
INSERT INTO products_productsize VALUES(83,'S','2022-10-07 17:36:13.504112','2022-10-07 17:36:13.504112',93);
INSERT INTO products_productsize VALUES(84,'L','2022-10-07 17:36:13.622481','2022-10-07 17:36:13.622481',93);
DELETE FROM sqlite_sequence;
INSERT INTO sqlite_sequence VALUES('django_migrations',234);
INSERT INTO sqlite_sequence VALUES('django_admin_log',1540);
INSERT INTO sqlite_sequence VALUES('django_content_type',52);
INSERT INTO sqlite_sequence VALUES('auth_permission',232);
INSERT INTO sqlite_sequence VALUES('auth_group',0);
INSERT INTO sqlite_sequence VALUES('auth_user',26);
INSERT INTO sqlite_sequence VALUES('captcha_captchastore',9);
INSERT INTO sqlite_sequence VALUES('auth_user_user_permissions',228);
INSERT INTO sqlite_sequence VALUES('accounts_bankaccount',6);
INSERT INTO sqlite_sequence VALUES('accounts_profile',3);
INSERT INTO sqlite_sequence VALUES('accounts_sociallink',3);
INSERT INTO sqlite_sequence VALUES('blog_comment',0);
INSERT INTO sqlite_sequence VALUES('blog_post',1);
INSERT INTO sqlite_sequence VALUES('categories_maincategory',28);
INSERT INTO sqlite_sequence VALUES('categories_minicategory',20);
INSERT INTO sqlite_sequence VALUES('categories_subcategory',20);
INSERT INTO sqlite_sequence VALUES('categories_supercategory',27);
INSERT INTO sqlite_sequence VALUES('contact_messageslist',0);
INSERT INTO sqlite_sequence VALUES('home_carousel',2);
INSERT INTO sqlite_sequence VALUES('home_headtextad',1);
INSERT INTO sqlite_sequence VALUES('home_homeaddaily',1);
INSERT INTO sqlite_sequence VALUES('home_homeaddealtime',4);
INSERT INTO sqlite_sequence VALUES('home_homeadmiddlebar',3);
INSERT INTO sqlite_sequence VALUES('home_homeadsidebar',3);
INSERT INTO sqlite_sequence VALUES('home_homeadsupplier',4);
INSERT INTO sqlite_sequence VALUES('home_hotdealad',3);
INSERT INTO sqlite_sequence VALUES('home_shopadsidebar',1);
INSERT INTO sqlite_sequence VALUES('home_vendordetailsadimage',1);
INSERT INTO sqlite_sequence VALUES('newsletters_newsletter',43);
INSERT INTO sqlite_sequence VALUES('orders_country',0);
INSERT INTO sqlite_sequence VALUES('orders_coupon',1);
INSERT INTO sqlite_sequence VALUES('orders_order',284);
INSERT INTO sqlite_sequence VALUES('orders_orderdetails',447);
INSERT INTO sqlite_sequence VALUES('orders_orderdetailssupplier',328);
INSERT INTO sqlite_sequence VALUES('orders_ordersupplier',278);
INSERT INTO sqlite_sequence VALUES('orders_payment',564);
INSERT INTO sqlite_sequence VALUES('pages_pageslist',3);
INSERT INTO sqlite_sequence VALUES('payments_vendorpayments',0);
INSERT INTO sqlite_sequence VALUES('products_productimage',0);
INSERT INTO sqlite_sequence VALUES('products_productrating',30);
INSERT INTO sqlite_sequence VALUES('reports_postreport',0);
INSERT INTO sqlite_sequence VALUES('reports_postview',8);
INSERT INTO sqlite_sequence VALUES('settings_contactinfo',3);
INSERT INTO sqlite_sequence VALUES('settings_homepagetheme',5);
INSERT INTO sqlite_sequence VALUES('settings_sitesetting',3);
INSERT INTO sqlite_sequence VALUES('settings_socaillinks',1);
INSERT INTO sqlite_sequence VALUES('settings_supportnumber',2);
INSERT INTO sqlite_sequence VALUES('products_product',94);
INSERT INTO sqlite_sequence VALUES('products_productsize',84);
CREATE UNIQUE INDEX "auth_group_permissions_group_id_permission_id_0cd325b0_uniq" ON "auth_group_permissions" ("group_id", "permission_id");
CREATE INDEX "auth_group_permissions_group_id_b120cbf9" ON "auth_group_permissions" ("group_id");
CREATE INDEX "auth_group_permissions_permission_id_84c5c92e" ON "auth_group_permissions" ("permission_id");
CREATE UNIQUE INDEX "auth_user_groups_user_id_group_id_94350c0c_uniq" ON "auth_user_groups" ("user_id", "group_id");
CREATE INDEX "auth_user_groups_user_id_6a12ed8b" ON "auth_user_groups" ("user_id");
CREATE INDEX "auth_user_groups_group_id_97559544" ON "auth_user_groups" ("group_id");
CREATE UNIQUE INDEX "auth_user_user_permissions_user_id_permission_id_14a6b632_uniq" ON "auth_user_user_permissions" ("user_id", "permission_id");
CREATE INDEX "auth_user_user_permissions_user_id_a95ead1b" ON "auth_user_user_permissions" ("user_id");
CREATE INDEX "auth_user_user_permissions_permission_id_1fbb5f2c" ON "auth_user_user_permissions" ("permission_id");
CREATE INDEX "django_admin_log_content_type_id_c4bce8eb" ON "django_admin_log" ("content_type_id");
CREATE INDEX "django_admin_log_user_id_c564eba6" ON "django_admin_log" ("user_id");
CREATE UNIQUE INDEX "django_content_type_app_label_model_76bd3d3b_uniq" ON "django_content_type" ("app_label", "model");
CREATE UNIQUE INDEX "auth_permission_content_type_id_codename_01ab375a_uniq" ON "auth_permission" ("content_type_id", "codename");
CREATE INDEX "auth_permission_content_type_id_2f476e4b" ON "auth_permission" ("content_type_id");
CREATE INDEX "django_session_expire_date_a5c62663" ON "django_session" ("expire_date");
CREATE INDEX "currencies_currency_symbol_c0a887e3" ON "currencies_currency" ("symbol");
CREATE INDEX "currencies_currency_name_24028e95" ON "currencies_currency" ("name");
CREATE INDEX "accounts_profile_recommended_by_id_5a5cec49" ON "accounts_profile" ("recommended_by_id");
CREATE INDEX "blog_comment_post_id_580e96ef" ON "blog_comment" ("post_id");
CREATE INDEX "blog_comment_profile_id_4eebe1c6" ON "blog_comment" ("profile_id");
CREATE INDEX "blog_post_author_id_dd7a8485" ON "blog_post" ("author_id");
CREATE INDEX "blog_post_post_supercategory_id_dd3d1169" ON "blog_post" ("post_supercategory_id");
CREATE INDEX "categories_maincategory_super_category_id_b5bdae62" ON "categories_maincategory" ("super_category_id");
CREATE INDEX "categories_minicategory_sub_category_id_26b61694" ON "categories_minicategory" ("sub_category_id");
CREATE INDEX "categories_subcategory_main_category_id_f52f182f" ON "categories_subcategory" ("main_category_id");
CREATE INDEX "home_homeaddealtime_supplier_id_4f058bef" ON "home_homeaddealtime" ("supplier_id");
CREATE INDEX "home_shopadsidebar_supplier_id_0eb8677e" ON "home_shopadsidebar" ("supplier_id");
CREATE INDEX "orders_order_coupon_id_5bddb887" ON "orders_order" ("coupon_id");
CREATE INDEX "orders_order_user_id_e9b59eb1" ON "orders_order" ("user_id");
CREATE INDEX "orders_orderdetails_order_id_d7985cfb" ON "orders_orderdetails" ("order_id");
CREATE INDEX "orders_orderdetails_product_id_e66102b1" ON "orders_orderdetails" ("product_id");
CREATE INDEX "orders_orderdetails_supplier_id_db11cb92" ON "orders_orderdetails" ("supplier_id");
CREATE INDEX "orders_orderdetailssupplier_product_id_2d04d606" ON "orders_orderdetailssupplier" ("product_id");
CREATE INDEX "orders_orderdetailssupplier_supplier_id_e5bfaad6" ON "orders_orderdetailssupplier" ("supplier_id");
CREATE INDEX "orders_orderdetailssupplier_order_supplier_id_030d42ad" ON "orders_orderdetailssupplier" ("order_supplier_id");
CREATE INDEX "orders_orderdetailssupplier_order_id_e643ebb6" ON "orders_orderdetailssupplier" ("order_id");
CREATE INDEX "orders_orderdetailssupplier_order_details_id_2375f288" ON "orders_orderdetailssupplier" ("order_details_id");
CREATE INDEX "orders_ordersupplier_coupon_id_819f8911" ON "orders_ordersupplier" ("coupon_id");
CREATE INDEX "orders_ordersupplier_user_id_45d3691a" ON "orders_ordersupplier" ("user_id");
CREATE INDEX "orders_ordersupplier_vendor_id_18a61ef1" ON "orders_ordersupplier" ("vendor_id");
CREATE INDEX "orders_ordersupplier_order_id_1c8351fe" ON "orders_ordersupplier" ("order_id");
CREATE INDEX "orders_payment_order_id_bdccf250" ON "orders_payment" ("order_id");
CREATE INDEX "payments_vendorpayments_vendor_profile_id_3efb8e20" ON "payments_vendorpayments" ("vendor_profile_id");
CREATE INDEX "products_productimage_PRDIProduct_id_ff6bf08e" ON "products_productimage" ("PRDIProduct_id");
CREATE INDEX "products_productrating_PRDIProduct_id_8428c61a" ON "products_productrating" ("PRDIProduct_id");
CREATE INDEX "products_productrating_client_name_id_703b983a" ON "products_productrating" ("client_name_id");
CREATE INDEX "products_productrating_vendor_id_0caf9235" ON "products_productrating" ("vendor_id");
CREATE INDEX "reports_postreport_post_id_c8d6a4c9" ON "reports_postreport" ("post_id");
CREATE INDEX "reports_postreport_publisher_id_7fd9d3db" ON "reports_postreport" ("publisher_id");
CREATE INDEX "reports_postview_post_id_a41f9683" ON "reports_postview" ("post_id");
CREATE INDEX "products_product_product_maincategory_id_5a36ae72" ON "products_product" ("product_maincategory_id");
CREATE INDEX "products_product_product_minicategor_id_3cc0d25a" ON "products_product" ("product_minicategor_id");
CREATE INDEX "products_product_product_subcategory_id_8e1b0c6d" ON "products_product" ("product_subcategory_id");
CREATE INDEX "products_product_product_supercategory_id_cb7fdf00" ON "products_product" ("product_supercategory_id");
CREATE INDEX "products_product_product_vendor_id_b8bffc6b" ON "products_product" ("product_vendor_id");
CREATE INDEX "products_productsize_PRDIProduct_id_92d3969f" ON "products_productsize" ("PRDIProduct_id");
COMMIT;
